{
  "ForestPylon": "A receptacle of unknown origins...",
  "ForestPylonActivated": "It's a strange relic from another world.",
  "ForestPylonEvent": "communityCenter/-2000 -2000/farmer 16 5 0 Wizard -1000 -1000 2/pause 1000/viewport 16 5 true/move farmer -2 0 1/pause 4000/playSound terraria_warp/specificTemporarySprite terraria_warp_begin/faceDirection farmer 2 true/animate farmer false true 100 94/jump farmer/pause 2000/stopAnimation farmer/faceDirection farmer 1/pause 3600/playSound coin/pause 100/awardFestivalPrize meowmere/pause 1000/specificTemporarySprite terraria_cat_leave/pause 5000/emote farmer 8/pause 500/warp Wizard 4 4/playSound doorClose/pause 400/faceDirection Wizard 1/emote Wizard 12/speak Wizard \"Don't touch that!\"/faceDirection farmer 3/emote farmer 16 true/end",
  "SquidFest_Pam": "I don't have the chops to catch squid, but that's fine. I'll just cheer you on from here, kid.",
  "SquidFest_Willy": "After a while, you get a feel for the squid's behavior. You can tell when one's on the line before you even see it.",
  "DesertFestival_Abigail": "I'm glad you fixed up the bus! This is really fun.$h#$e#I've always wanted to travel beyond Pelican Town.",
  "DesertFestival_Abigail_marriage": "I was thinking of joining you in the skull caves, but then I saw the food stand...#$e#You go on ahead without me... just be careful!",
  "DesertFestival_Alex_marriage": "Hey... you look really cute in the desert sun...$h",
  "DesertFestival_Sam_marriage": "Hey, don't forget to pick up our free cactus before the festival ends.#$b#Whatever it looks like, it's gonna be perfect in our house!$h",
  "DesertFestival_Sebastian_marriage": "Hey, I'll just stay here and relax in the shade.#$e#You know how I am... I've always been more of a cave dweller.$h",
  "DesertFestival_Shane_marriage": "Remind me to brush my teeth tonight... there's twelve unique soda flavors, and I'm on track to try them all.#$e#Mmm... cave carrot soda... *slurp*",
  "DesertFestival_Elliott_marriage": "Well well well, what have we here? A beautiful desert rose!$h#$e#Make sure to stay watered, dear.",
  "DesertFestival_Harvey_marriage": "Hey, @. I'll be working late during the festival, so don't wait up for me at night!#$e#Promise me you'll be careful in the skull caves.",
  "DesertFestival_Emily_marriage": "Hey, @! I love you just the way you are... but if you want, you can step inside the box too!",
  "DesertFestival_Emily2_marriage": "I've been having fun, but I'm so busy I haven't been able to do any chores at home. I hope you're doing okay!",
  "DesertFestival_Emily3_marriage": "I can't remember... did I feed the parrot this morning?",
  "DesertFestival_Haley_marriage": "Hey... looks like someone's got a nice tan going... *pinch*$h",
  "DesertFestival_Haley2_marriage": "%Your wife is taking a nap.",
  "DesertFestival_Penny_marriage": "Hi, honey. I'm just browsing to see if there's anything nice for the house.$h",
  "DesertFestival_Maru_marriage": "How's the Calico Egg collection coming along? There's so many cool prizes!$h#$e#I know you'll do great.",
  "DesertFestival_Leah_marriage": "I wanted to go swimming, but apparently the water's full of scorpion carp!$h",
  "DesertFestival_Alex": "Have you seen the size of these Calico Eggs?#$b#Just imagine the protein...",
  "DesertFestival_Caroline": "This weather is just perfect. I can't tell where my skin ends and the air begins.$h",
  "DesertFestival_Clint": "Hey, @. To tell you the truth, I don't really like festivals.#$b#But I'd feel even worse if I stayed at home, knowing that everyone else was out here having fun.$s",
  "DesertFestival_Demetrius": "Why do humans enjoy spicy food? It's counter-intuitive from a biological perspective.#$e#Unless there's something I'm missing...$5",
  "DesertFestival_Elliott": "*mumble* ...hmm, the toe-feel is milky, but with plenty of body. Still, a bit mellower than back home...#$b#Oh, pardon me! I've become something of a sand connoisseur.$h",
  "DesertFestival_Emily": "Hmm... I'm sensing that your fashion doesn't quite match your inner feeling. Just step in the box and we'll fix you up!",
  "DesertFestival_Evelyn": "Ah... the sands of time, the sands of time...",
  "DesertFestival_George": "What is she mumbling about? I'm here for the spicy food tent!",
  "DesertFestival_Gus": "Normally I provide all the food for town festivals. But not today! It's nice to be able to relax.$h",
  "DesertFestival_Haley": "If you smell something good, it's the coconut oil I rubbed all over my skin.#$b#I'm going 'all in' with the desert feeling!$h",
  "DesertFestival_Haley2": "%Haley is glistening in the sunlight.",
  "DesertFestival_Harvey": "Going into the caves can be really dangerous. I hope there are no accidents, but still... I'll be here all day just in case.#$e#As a doctor, I'd recommend minimizing your exposure to serpent-infested caverns! But ultimately, it's your choice.",
  "DesertFestival_Jas": "This is fun, but I wish I had an ice cream...",
  "DesertFestival_Jodi": "Oh, don't mind me, I'm just doing a little shopping.#$e#If I don't browse the shops, I might miss the perfect decoration for our living room!",
  "DesertFestival_Kent": "Hey, @. Enjoying the heat?",
  "DesertFestival_Leah": "I was just wondering... If I lived here, instead of Stardew Valley, would my art look different?",
  "DesertFestival_Leo": "I like this place. The weather reminds me of home.",
  "DesertFestival_Lewis": "After a long, dark winter, this festival is a good way to revive everyone.",
  "DesertFestival_Lewis2": "All of this is possible because you fixed the bus, @! I can't thank you enough.",
  "DesertFestival_Lewis3": "Remember, today is the last day of the festival. We'll be back next year, though.",
  "DesertFestival_Linus": "I hitched a ride underneath the bus.#$e#You can't find this Calico Desert flavor anywhere else. Heheh...$h",
  "DesertFestival_Marnie": "Hey, @. I was just thinking about milk.#$e#Would you ever try camel's milk? I've heard it's salty.",
  "DesertFestival_Maru": "I'm impressed with how well-trained these little racers are!$h",
  "DesertFestival_Pam": "Hey, kid... You takin' the day off? It's nice to kick back every once in a while, isn't it?#$e#Yep... Even ol' Pam needs some sunlight on her skin now and then! Just wake me up before I turn into leather... Heheh.",
  "DesertFestival_Penny": "Thousands of years ago, this place was the homeland of an ancient civilization. I wonder what they were like?",
  "DesertFestival_Pierre": "As a shopkeeper, I find it interesting to see how other people run their shops.#$e#*whisper* Don't tell Sandy, but my grocery selection blows hers out of the water!",
  "DesertFestival_Robin": "Hey @. We're just chewing the fat over here. I don't see these guys very often, even though we're neighbors!",
  "DesertFestival_Sam": "Hey, @. Check out my cactus. I'm trying to think of a name for him.#$e#Hmm... maybe '%name'?",
  "DesertFestival_Sandy": "This is probably the busiest time of the year for me! It's nice to be able to see everyone.",
  "DesertFestival_Sebastian": "Hey. I'm just hanging out with this bird. She seems to like me.",
  "DesertFestival_Shane": "I came here once when I was a kid... The only thing I remember is getting sick on the bus ride.",
  "DesertFestival_Vincent": "Mom, I'm bored!",
  "DesertFestival_Willy": "Ah, nothing like the smell o' grilled shrimp on a warm day.",
  "CactusMan_Closed": "Cactus Man: They're feeling shy right now. Come back later.",
  "CactusMan_Collected": "Cactus Man: So, how's the little guy doing?",
  "CactusMan_Intro_1": "Cactus Man: Ah, yes... You look like someone who would appreciate what I'm offering.",
  "CactusMan_Intro_2": "Cactus Man: Oh, yes... I've got the perfect match for you.",
  "CactusMan_Intro_3": "Cactus Man: That look in your eye... it says: \"I need a cactus, or I'm gonna burst\".",
  "CactusMan_Question": "Cactus Man: Are you ready to welcome a new cactus into your life?",
  "CactusMan_No": "Cactus Man: I understand. They may be small, but accepting a cactus into your life is big responsibility. Come back when you're feeling ready.",
  "CactusMan_Yes_Intro": "Cactus Man: Great. Let's see...",
  "CactusMan_Yes_Full": "Cactus Man: You don't have enough space... Come back after you've made some room.",
  "CactusMan_Yes_1": "Cactus Man: Yes, he bears a striking resemblance to you, don't you agree?",
  "CactusMan_Yes_2": "Cactus Man: This one's a little shy, but I know you'll become friends in no time.",
  "CactusMan_Yes_3": "Cactus Man: Oh, yes... it's a match made in heaven.",
  "CactusMan_Yes_4": "Cactus Man: I won't say why... but this one is the perfect match for you.",
  "CactusMan_Yes_5": "Cactus Man: This one's got a strange look, but it suits you.",
  "EggShop_Closed": "The shop isn't open. Come back later.",
  "Accept": "Accept",
  "Decline": "Decline",
  "Willy_DesertFishing1": "\n        Willy's Challenge: Catch 3 Sandfish.\n      ",
  "Willy_Challenge": "Willy's Challenge",
  "Willy_Challenge_Description_1": "Willy has challenged you to catch 3 Sandfish.",
  "Willy_Challenge_Return_1": "Ah, you got 'em. An exciting catch, aren't they?#$b#Here's 25 Calico Eggs for your reward.",
  "Willy_Challenge_Description_2": "Willy has challenged you to catch a Scorpion Carp.",
  "Willy_Challenge_Return_2": "Ah, you did it. A challenging catch, don't you think?#$b#Here's 50 Calico Eggs for your reward.",
  "Willy_Challenge_Description_3": "Willy has challenged you to find a \"Golden Bobber\".",
  "Willy_Challenge_Return_3": "Well, if it isn't me favorite golden bobber!#$b#And it only smells mild o' fish... Heh heh.$h#$b#Here's 30 Calico Eggs for your reward.",
  "Willy_DesertFishing2": "Willy's Challenge: Catch a Scorpion Carp.",
  "Willy_DesertFishing3": "Willy: A fish swallowed me rare golden bobber! There's 30 eggs for whoever returns it.",
  "Willy_GoldenBobber": "Find and return Willy's Golden Bobber.",
  "Scholar_Closed": "Scholar: Forgive me, friend. But I cannot engage with you until the festival is open.",
  "Scholar_Intro": "Scholar: Greetings, friend! Care for a test of knowledge? If you can answer my questions correctly, you'll earn a prize. What do you say?",
  "Scholar_Intro2": "Scholar: Excellent! Now, for the first question...",
  "Scholar_Correct": "Scholar: Correct!",
  "Scholar_Win": "Scholar: Very Good! I'm impressed with your knowledge, friend. Here is your prize.",
  "Scholar_Wrong": "Scholar: Wrong! ...I'm sorry, friend. But you will have to come back another time.",
  "Scholar_Failed": "Scholar: ...I'm sorry, friend. But you will have to come back next time.",
  "Scholar_DoneThisYear": "Scholar: Enjoy the eggs, my friend. I'll be back next year for another challenge.",
  "Scholar_Question_0_0": "Question 1: Who runs the {0} in Pelican Town?",
  "Scholar_Question_0_0_Options": "Blacksmith,Museum,Saloon,Fish Shop,Animal Shop,General Store",
  "Scholar_Question_0_0_Answers": "Clint,Gunther,Gus,Willy,Marnie,Pierre,Robin,Marlon",
  "Scholar_Question_0_1": "Question 1: What is the date of the season's end?",
  "Scholar_Question_0_1_Answers": "28th,30th,31st,26th",
  "Scholar_Question_0_2": "Question 1: Where are we?",
  "Scholar_Question_0_2_Answers": "Calico Desert,Carlito Desert,Conical Desert,Caprico Desert,Canonical Desert,Cowlicko Desert,Catacomb Desert,Capicola Desert,Skull Cavern Desert",
  "Scholar_Question_1_0": "Question 2: What season does {0} grow in?",
  "Scholar_Question_1_0_Options": "Garlic,Red Cabbage,Artichoke",
  "Scholar_Question_1_0_Answers": "Spring,Summer,Fall",
  "Scholar_Question_1_1": "Question 2: When does the {0} tree bear fruit?",
  "Scholar_Question_1_1_Options": "Apricot,Peach,Pomegranate",
  "Scholar_Question_1_1_Answers": "Spring,Summer,Fall",
  "Scholar_Question_1_2": "Question 2: When is Pierre's Shop normally closed?",
  "Scholar_Question_1_2_Answers": "Wednesday,Thursday,Tuesday,Monday,Saturday,Sunday,Friday",
  "Scholar_Question_2_0": "Question 3: In what season can you catch {0}?",
  "Scholar_Question_2_0_Options": "Carp,Pufferfish,Salmon,Squid",
  "Scholar_Question_2_0_Answers": "Any Season,Summer,Fall,Winter",
  "Scholar_Question_2_1": "Question 3: How many steps have you taken?",
  "Scholar_Question_2_2": "Question 3: How much does a {0} cost?",
  "Scholar_Question_2_2_Options": "Chicken,Cow,Pig,Rabbit,Duck",
  "Scholar_Question_2_2_Answers": "800g,1500g,16000g,8000g,1200g,11000g,7500g",
  "Scholar_Question_3_0": "Question 4: Where might you catch the {0}?",
  "Scholar_Question_3_0_Options": "Stonefish,Ice Pip,Lava Eel",
  "Scholar_Question_3_0_Answers": "Mine level 20,Mine level 60,Mine level 100,The Beach,Sewer,Mine level 120",
  "Scholar_Question_3_1": "Question 4:What is George's last name?",
  "Scholar_Question_3_1_Answers": "Mullner,Millener,Molnar,Nelson,Miller",
  "Scholar_Question_3_2": "Question 4: How many garbage cans are there in Pelican Town?",
  "Scholar_Question_3_2_Answers": "8,12,6,11,4,10",
  "Cook_Intro": "Chef: Why hello, there... hungry?",
  "Cook_Intro_Yes": "Chef: Ooh, yes... I'm very pleased to hear that. *slurp*",
  "Cook_Intro_Yes2": "Chef: I'd like to make you a very special dish. Something perfectly suited to your unique taste. May I?",
  "Cook_Intro_Yes3": "Chef: Oohoo... *giggle*... very good. Now... what will you have?",
  "Cook_Ingredient0": "Hearty Beans",
  "Cook_Ingredient1": "Cave Loaf",
  "Cook_Ingredient2": "Rare Fruit",
  "Cook_Ingredient3": "Extremely Sharp Cheddar",
  "Cook_Ingredient4": "Shrimp",
  "Cook_ChoseIngredient": "Chef: Ah, yes... the {0}. Excellent choice. Now... what kind of sauce will you have?",
  "Cook_Sauce0": "Rich Marinara",
  "Cook_Sauce1": "Mushroom Creme",
  "Cook_Sauce2": "Cherry Syrup",
  "Cook_Sauce3": "Pungent Garlic",
  "Cook_Sauce4": "Uncomfortably Hot Sauce",
  "Cook_ChoseSauce": "Chef: Very good. A healthy drizzle of {0} to round out the dish.",
  "Cook_Done": "Chef: Voila. I call it, '{0}'. Enjoy!",
  "Cook_DishNames_0_1": "Earthy Mousse",
  "Cook_DishNames_0_2": "Sweet Bean Cake",
  "Cook_DishNames_0_3": "Skull Cave Casserole",
  "Cook_DishNames_0_4": "Spicy Tacos",
  "Cook_DishNames_1_0": "Mountain Chili",
  "Cook_DishNames_1_2": "Crystal Cake",
  "Cook_DishNames_1_3": "Cave Kebab",
  "Cook_DishNames_1_4": "Hot Log",
  "Cook_DishNames_2_0": "Sour Salad",
  "Cook_DishNames_2_1": "Superfood Cake",
  "Cook_DishNames_2_3": "Warrior Smoothie",
  "Cook_DishNames_2_4": "Rumpled Fruit Skin",
  "Cook_DishNames_3_0": "Calico Pizza",
  "Cook_DishNames_3_1": "Stuffed Mushrooms",
  "Cook_DishNames_3_2": "Elf Quesadilla",
  "Cook_DishNames_3_4": "Nachos Of The Desert",
  "Cook_DishNames_4_0": "Cioppino",
  "Cook_DishNames_4_1": "Rainforest Shrimp",
  "Cook_DishNames_4_2": "Shrimp Donut",
  "Cook_DishNames_4_3": "Smell Of The Sea",
  "Cook_DishNames_4_4": "Desert Gumbo",
  "Cook_Intro_No": "Chef: Pity. Come back when you're ready for something delicious.",
  "Race_Closed": "Race Announcer: The racers need some time to prepare... Come back later!",
  "Race_Question": "Race Announcer: Guess the winner and receive some fabulous prizes!",
  "Race_Guess": "Race Announcer: Who do you think will win?",
  "Race_Guess_Made": "Race Announcer: {0}? Okay. Now sit back and enjoy the race!",
  "Race_Guess_Already_Made": "Race Announcer: Let's see if {0} can pull this off!",
  "Race_Collect_Prize_Special": "Race Announcer: Escar-go... how?? Um...Well, here's your big payout...",
  "Race_Collect_Prize": "Race Announcer: Congratulations! Here's your prize!",
  "Race_Late_Guess": "Race Announcer: Whoops. Looks like the race has already started. Try again later!",
  "Race_Ongoing": "Race Announcer: The race is currently in progress! Let's talk later...",
  "Race_Ended": "Race Announcer: The races have ended for the day. I hope you had fun!",
  "Race_Begin": "The next race is about to begin...",
  "Race_Ready": "On your marks...",
  "Race_Set": "Get set...",
  "Race_Go": "GO!",
  "Race_Finish": "Finish!",
  "Race_Comment_1": "That was a close one!",
  "Race_Comment_2": "It was neck-and-neck!",
  "Race_Comment_3": "Such speed has rarely been seen!",
  "Race_Comment_4": "And now, the moment you've all been waiting for...",
  "Race_Close": "That's the last race for today. We'll see you tomorrow!",
  "Race_Close_LastDay": "And that's it for this year's races! See you next time!",
  "Race_Winner": "This race's winner is...",
  "Race_Win": "Come by to collect your prize!",
  "Race_Lose": "Better luck next time!",
  "Racer_0": "Speed Rooster",
  "Racer_1": "King Sting",
  "Racer_2": "Shoebiscuit",
  "Racer_3": "Escar-go",
  "Racer_4": "Cactus Crawler",
  "Shady_Guy_Closed": "Suspicious Guy: Heh... not now, kid. Come back later, and we can talk.",
  "Shady_Guy_Ended": "Suspicious Guy: It's too late, kid. Come back when the races are happening.",
  "Shady_Guy_Ongoing": "Suspicious Guy: Eyes on the race, kid! We can talk later...",
  "Shady_Guy_Late": "Suspicious Guy: Too late, the race's started. Let's talk again later...",
  "Shady_Guy_Intro": "Suspicious Guy: Psst... Hey, kid. You been watching these races? Pretty exciting, huh?",
  "Shady_Guy_Intro_2": "Suspicious Guy: ... Say, I got a little 'proposition' for ya.",
  "Shady_Guy_Intro_3": "Suspicious Guy: Just pick a racer, and their next race will be a real stinker... catch my drift?",
  "Shady_Guy": "Suspicious Guy: It'll just cost ya 1 Calico Egg. A small price to pay for the 'edge' you'll get.",
  "Shady_Guy_2nd": "Suspicious Guy: Need my 'services'? It'll just cost ya 1 Calico Egg.",
  "Shady_Guy_Question": "Suspicious Guy: Alright, so who's gonna be the unlucky racer?",
  "Shady_Guy_NoEgg": "Suspicious Guy: Looks like you don't have any Calico Eggs, kid. Stop wastin' my time.",
  "Shady_Guy_Selected_1": "Suspicious Guy: {0}, huh? You got it, kid.",
  "Shady_Guy_Selected_2": "Suspicious Guy: {0} it is. Now excuse me, I've got a phone call to make...",
  "Shady_Guy_Selected_3": "Suspicious Guy: {0}? Sure, sure... Good luck, kid. ",
  "Marlon_Closed": "I'm still getting things set up. Why don't you check back later?",
  "Marlon_Intro": "Hey there, @. Welcome to the Adventurer's Guild Challenge Booth.#$b#Every day, we'll have a pair of challenges for you to choose from. Complete one, and the guild will reward you with a bounty of Calico Eggs.#$b#Once you've selected a challenge, you won't be able to change your decision, so choose carefully!",
  "Marlon_1": "Looking to test your mettle, huh?#$b#I've got a few challenges that might do just that.",
  "Marlon_2": "Feeling the adventurer's spirit?#$b#Good, here are today's challenges.",
  "Marlon_3": "I hope you've kept your weapons maintained.#$b#You'll need them in top form for today's challenges.",
  "Marlon_4": "I can see a bold look in your eye.#$b#How about a challenge?",
  "Marlon_Challenge_Chosen": "Still working on the challenge, huh?#$b#Well, here it is, in case you needed a reminder.",
  "Marlon_Challenge_Finished": "Very good.#$b#There'll be more challenges tomorrow, so take it easy and get some rest.",
  "Marlon_Challenge_Finished_LastDay": "Hey, you did it! I'm impressed.#$b#That's it for this year, but Gil and I will be here again next time around.",
  "Gil_NoRating": "It's a brand new day... come back when you've proven yourself in the caverns.",
  "Gil_NextYear": "That's it for this year... *snore*...",
  "Gil_ComeBack": "That's it for today. You can try again tomorrow, if you're up for it... *snore*...",
  "Gil_SubmitRating": "Submit today's highest egg rating to Gil?^(Egg Rating {0})",
  "Gil_Rating_1to4": "...{0}? Hahahaha.... okay, kiddo. Here's a little prizey for you... now, go along and play with the other kids.",
  "Gil_Rating_5to9": "...{0}? That's not too impressive, but at least you had the gumption to try. Here's a little something.",
  "Gil_Rating_10to14": "{0}, huh? Not bad, not bad... of course, when I was your age I was doin' twice that. With a Rusty Sword, and no food!",
  "Gil_Rating_15to19": "{0}... that ain't bad at all. That's the kind of number we're looking for in the Adventurer's Guild. Here's your prize.",
  "Gil_Rating_20to24": "{0}? Okay, now I'm impressed...#$b#Hey, Marlon! Get a load of this... an Egg Rating of {0} for the day!",
  "Gil_Rating_25": "{0}!?!#$b#Well, I'll be... We've got a real Calico Egg hunter here! ",
  "Gil_Rating_50": "{0}!?!?!?!?!?!?!?$h",
  "Gil_Rating_1000": "You hear a voice in your head: 'It would be dishonorable to submit an egg rating acquired through the use of cheat code software!'",
  "MakeOver_NoStylist": "Please return when an attendant is present.",
  "MakeOver_Emily_AlreadyStyled": "You're looking great!$h#$b#Come back another day and we'll put together a fresh new look for you!",
  "MakeOver_Sandy_AlreadyStyled": "Not half bad, sweetie!$h#$b#Come back soon, I'll have a new look waiting for you!",
  "MakeOver_Emily_InventoryFull": "Hmm, your backpack's looking a little full. Come back when you've made enough room for a full set of clothes!",
  "MakeOver_Sandy_InventoryFull": "Hmm, your backpack's looking a little full. Come back when you've made enough room for a full set of clothes.",
  "MakeOver_Emily_1": "Okay, before we continue, let me visualize your aura, to see what kind of style will make you happiest...",
  "MakeOver_Emily_2": "Yes... I see...",
  "MakeOver_Emily_Reaction1": "Oops, sorry if that tickles.",
  "MakeOver_Emily_Reaction2": "Yikes, sorry if that hurt!",
  "MakeOver_Emily_Reaction3": "Whoa, that's way too much hair gel...",
  "MakeOver_Emily_Reaction4": "No... this won't do...",
  "MakeOver_Emily_Reaction5": "Here, catch!",
  "MakeOver_Emily_Reaction6": "Oh look, a cauliflower fritter...",
  "MakeOver_Emily_Reaction7": "Let's trim this a little here...",
  "MakeOver_Emily_Reaction8": "Here, let me use my finger to smudge this a bit...",
  "MakeOver_Emily_Reaction9": "Okay, get ready, this might be a tight fit...",
  "MakeOver_Emily_3": "Okay, I've got it!$h#$b#I'm coming in, so don't be alarmed!",
  "MakeOver_Emily_4": "There!",
  "MakeOver_Emily_5": "Yes! I can feel it, your inner self and outer self are now in perfect alignment!$h#$b#I can't wait for you to see the new 'you'!$h",
  "MakeOver_Emily_Done": "So? What do you think?#$b#I've put your old clothes in your backpack in case you change your mind!$h",
  "MakeOver_Sandy_1": "...",
  "MakeOver_Sandy_2": "Oops! That's my cue!",
  "MakeOver_Sandy_3": "Knock, knock, honey! I'm coming in!",
  "MakeOver_Sandy_4": "Let's see here...",
  "MakeOver_Sandy_5": "Okay!",
  "MakeOver_Sandy_6": "That was fun!$h#$b#I hope you're as happy with your new look as I am!$h",
  "MakeOver_Sandy_Done": "You're looking radiant!#$b#I've put your old clothes in your backpack in case you have a change of heart.$h",
  "Shop_Abigail": "Hey, I grabbed some random stuff out of my closet. Want any of it?",
  "Shop_Maru": "See anything you like?",
  "Shop_Emily": "Ah, it feels good here in the shade.",
  "Shop_Leah": "I had some extra wood, so I made these mini bookcases...",
  "Shop_Harvey": "Oh, um... these are some model planes I built... do you like them?",
  "Shop_Pierre": "Psst... I'm selling eggs for cash! Hehe... Don't tell Lewis.",
  "Shop_Sam": "Want my old broken skateboard? I guess you could use it for decoration or something.",
  "Shop_Sebastian": "I found some stuff by the lake.",
  "Shop_Alex": "Hey, got any eggs?",
  "Shop_Caroline": "Hello. I hope you see something you like.",
  "Shop_Gus": "In the mood for something delicious?",
  "Shop_Elliott": "Some interesting things washed up on the beach. Care to trade?",
  "Shop_Haley": "You'd better go find more eggs so you can buy all my stuff!",
  "Shop_Demetrius": "Do you have any eggs to trade? I'm studying the composition of the shell.",
  "Shop_Clint": "Need any ores?",
  "Shop_Robin": "Hey, check out this custom wallpaper I made. Want it?",
  "Shop_Pam": "Hehehe... Found some old beverages in the back of the fridge.",
  "Shop_Penny": "Hi! I hope you find something you like.",
  "Shop_Leo": "Can I have some eggs? I want to put them in my nest.",
  "Shop_Evelyn": "Hello dear. Please take your time, I'll be here all day!",
  "Shop_George": "I've got everything worth selling.",
  "Shop_Marnie": "I found an extra roll of wallpaper from my house. It's yours for 20 eggs!",
  "Shop_Shane": "Found some food in the freezer. It's yours for cheap. Just don't look at the expiration date.",
  "Shop_Jas": "Hi... Um... *giggle*",
  "Shop_Jodi": "I'm sorry, my selection isn't very good this year...",
  "Shop_Vincent": "Hi! Um... I found some stuff. Wanna buy it!?",
  "Shop_Kent": "Hey, I've got a few things for sale. Let me know if anything catches your eye.",
  "Shop_Eggs": "T...Trade... E...Eggs...",
  "DF_Mine_Explanation": "---Welcome to the Skull Cavern Challenge!---^^Calico Eggs and mysterious Calico Statues have appeared throughout the caverns.^",
  "DF_Mine_Explanation_2": "Your \"Egg Rating\" determines the likelihood of finding Calico Eggs.^^\"Egg Rating\" increases every 5 levels down, as well as whenever you activate a Calico Statue.^",
  "DF_Mine_Explanation_3": "...But be careful! The Calico Statues will also invoke various strange and dangerous effects!^^Visit Gil to receive prizes for achieving a high \"Egg Rating\".^",
  "DF_Mine_CalicoStatue": "Calico Statue",
  "DF_Mine_CalicoStatue_MP_Message": "Calico Statue: \"{0}\" has been activated.",
  "DF_Mine_CalicoStatue_Name_0": "Ghost Invasion",
  "DF_Mine_CalicoStatue_Name_1": "Serpent Invasion",
  "DF_Mine_CalicoStatue_Name_2": "Skeleton Invasion",
  "DF_Mine_CalicoStatue_Name_3": "Bat Invasion",
  "DF_Mine_CalicoStatue_Name_4": "Assassin Bugs",
  "DF_Mine_CalicoStatue_Name_5": "Thin Shells",
  "DF_Mine_CalicoStatue_Name_6": "Meager Meals",
  "DF_Mine_CalicoStatue_Name_7": "More Monsters",
  "DF_Mine_CalicoStatue_Name_8": "Sharp Teeth",
  "DF_Mine_CalicoStatue_Name_9": "Curse Of The Tomb",
  "DF_Mine_CalicoStatue_Name_10": "Magical Shoes",
  "DF_Mine_CalicoStatue_Name_11": "Full Refresh",
  "DF_Mine_CalicoStatue_Name_12": "50 Egg Treasure",
  "DF_Mine_CalicoStatue_Name_13": "No Effect",
  "DF_Mine_CalicoStatue_Name_14": "Tooth File",
  "DF_Mine_CalicoStatue_Name_15": "25 Egg Treasure",
  "DF_Mine_CalicoStatue_Name_16": "10 Egg Treasure",
  "DF_Mine_CalicoStatue_Name_17": "100 Egg Treasure",
  "DF_Mine_CalicoStatue_Description_0": "More Ghosts",
  "DF_Mine_CalicoStatue_Description_1": "More Serpents",
  "DF_Mine_CalicoStatue_Description_2": "Skeletons are after you...",
  "DF_Mine_CalicoStatue_Description_3": "More Bats",
  "DF_Mine_CalicoStatue_Description_4": "Bugs become Assassin Bugs",
  "DF_Mine_CalicoStatue_Description_5": "Lose more eggs when you're knocked out",
  "DF_Mine_CalicoStatue_Description_6": "Food is half as effective",
  "DF_Mine_CalicoStatue_Description_7": "More monsters",
  "DF_Mine_CalicoStatue_Description_8": "Monsters do more damage",
  "DF_Mine_CalicoStatue_Description_9": "Mummies have become angry",
  "DF_Mine_CalicoStatue_Description_10": "Speed Boost",
  "DF_Mine_CalicoStatue_Description_11": "Full refresh!",
  "DF_Mine_CalicoStatue_Description_12": "50 Calico Eggs",
  "DF_Mine_CalicoStatue_Description_13": "No effect",
  "DF_Mine_CalicoStatue_Description_14": "Monsters do less damage",
  "DF_Mine_CalicoStatue_Description_15": "25 Calico Eggs",
  "DF_Mine_CalicoStatue_Description_16": "10 Calico Eggs",
  "DF_Mine_CalicoStatue_Description_17": "100 Calico Eggs!",
  "FishingDerbySign": "[textcolor black][letterbg LooseSprites\\\\troutDerbyLetterBG 0]        -----Trout Derby-----^^This weekend, Summer 20th through 21st:^^Come prove your freshwater skills and win prizes!^^(Note: Any personal items found near this sign will be sent to the lost and found)",
  "SquidFestSign": "[textcolor black][letterbg LooseSprites\\\\squidFestLetterBG 0]             -----SquidFest-----^^Friday the 12th and Saturday the 13th.^^A two-day squid fishing bonanza. If you can reach our daily catch targets, you'll win prizes.^^(Note: Any personal items found near this sign will be sent to the lost and found)",
  "Jas_IceCream": "Is... Is that for me?$u#$b#Wow! This exactly what I wanted... Thank you! You're so nice!$h",
  "FishingDerby_Exclamation0": "Got one!",
  "FishingDerby_Exclamation1": "A bite!",
  "FishingDerby_Exclamation2": "It got away...",
  "FishingDerby_Exclamation3": "Felt a nibble!",
  "FishingDerby_Exclamation4": "C'mon now...",
  "FishingDerby_Exclamation5": "Got a bite!",
  "FishingDerby_Exclamation6": "Gotcha!",
  "GetRewards": "Get Rewards",
  "Explanation": "Explanation",
  "Leave": "Leave",
  "FishingDerbyBooth_Intro": "Welcome to the Trout Derby! What can I do for you?",
  "FishingDerbyBooth_Explanation": "During this event, Rainbow Trout have a chance of carrying a 'Golden Tag'. If you find one, turn it in here for a prize!",
  "FishingDerbyBooth_BagFull": "Looks like your bag's full. Better make some room first.",
  "FishingDerbyBooth_NoTags": "Seems like you don't have any Golden Tags... better get fishing!",
  "TroutDerby_NowOpen": "The Annual Trout Derby has begun.",
  "TroutDerby": "Trout Derby",
  "SquidFest": "SquidFest",
  "SquidFest_NowOpen": "SquidFest has begun.",
  "DesertFestival_NowOpen": "The Desert Festival is now open!",
  "SquidFestBooth_Intro": "Welcome to SquidFest! What can I do for you?",
  "SquidFestBooth_Explanation": "It's a squid fishing challenge! If you can hit our daily catch targets, you'll win prizes. Check the sign to the left. We also put special bait in the water so the squid are active all day!",
  "SquidFestBooth_NoRewards": "You haven't earned any rewards yet. Better start catching some squid!",
  "SquidFest_AlreadyGotAvailableRewards": "You don't have any rewards available right now. Keep catching more squid!",
  "SquidFest_GotAllRewardsToday": "Congratulations! You hit our iridium-level target and earned all possible rewards for today.",
  "AdvancedIridiumRod": "Advanced Iridium Rod",
  "AdvancedIridiumRodDescription": "Use in the water to catch fish. Up to two bobbers can be attached at once.",
  "IridiumScythe": "Iridium Scythe",
  "IridiumScytheDescription": "Can be used to harvest any crops. It's also excellent at gathering hay.",
  "SpecificBait_DisplayName": "{0} Bait",
  "DriedFruit_DisplayName": "Dried {0}",
  "SmokedFish_DisplayName": "Smoked {0}",
  "Tent_Blocked": "Needs more space to deploy.",
  "greenrainmessage": "A green rain has descended upon the valley.",
  "MasteryCave": "Only a master of the five ways may enter. ({0}/5)",
  "NewIdeas": "You've got some new ideas to sleep on...",
  "FinalPath": "The final path:",
  "0_Mastery": "Farming Mastery",
  "1_Mastery": "Fishing Mastery",
  "2_Mastery": "Foraging Mastery",
  "3_Mastery": "Mining Mastery",
  "4_Mastery": "Combat Mastery",
  "Claim": "Claim",
  "HeavyFurnace_coal": "Requires 3 Coal",
  "HeavyFurnace_ores": "Requires 25 ores.",
  "HeavyFurnace_pieces": "Requires 5 pieces.",
  "BlessingOfWaters": "Blessing Of Waters",
  "BlessingOfSpeed": "Blessing Of Speed",
  "BlessingOfLuck": "Blessing Of Luck",
  "BlessingOfFangs": "Blessing Of Fangs",
  "BlessingOfTheButterfly": "Blessing Of The Butterfly",
  "BlessingOfFriendship": "Blessing Of Friendship",
  "BlessingOfEnergy": "Blessing Of Energy",
  "BlessingOfEnergy_description": "You have infinite energy.",
  "BlessingOfFangs_description": "+10% critical strike chance",
  "BlessingOfFriendship_description": "You gain extra friendship from speaking to people.",
  "BlessingOfTheButterfly_description": "A prismatic butterfly is waiting for you somewhere in the valley...",
  "BlessingOfWaters_description": "The first three fish you hook today will be much easier. ({0} left)",
  "Mastery": "Mastery:",
  "Farming_Mastery": "You can now find Golden Animal Crackers, which permanently doubles a farm animal's produce. Doesn't work on pigs.",
  "Fishing_Mastery": "You can now encounter Golden Fishing Chests.",
  "Foraging_Mastery": "You now find Golden Mystery Boxes, which contain superior items.",
  "Mining_Mastery": "Gem-bearing rocks now grant twice the gems.",
  "ChooseOne": "Choose One:",
  "DwarfStatue_source": "Statue Of The Dwarf King",
  "DwarfStatue_0": "+1 ore from ore nodes.",
  "DwarfStatue_1": "Greater chance to find ladders and shafts.",
  "DwarfStatue_2": "Greater chance to find coal.",
  "DwarfStatue_3": "Bombs cannot damage you.",
  "DwarfStatue_4": "Greater chance to find geodes.",
  "Trinkets": "Trinkets:",
  "Trinkets_Description": "Unlocks a new equipment slot for trinkets. Trinkets can be found while adventuring and grant special powers.",
  "MagicQuiver_Name": "Magic Quiver",
  "MagicQuiver_Description": "Shoots a magic arrow at nearby enemies every {0} seconds, dealing {1}-{2} damage.",
  "FrogEgg_Name": "Frog Egg",
  "FrogEgg_Description": "Summons a hungry frog companion.",
  "MagicHairDye_Name": "Magic Hair Gel",
  "MagicHairDye_Description": "Your hair shimmers with all the colors of a prismatic shard.",
  "FairyBox_Name": "Fairy Box",
  "FairyBox_Description": "Summons a fairy companion that heals you in combat situations.",
  "FairyBox_Description2": "Summons a level {0} fairy companion that heals you in combat situations.",
  "ParrotEgg_Name": "Parrot Egg",
  "ParrotEgg_Description": "Summons a level {0} parrot companion, who grants you a {1} chance to find gold coins when slaying monsters.",
  "IceRod_Name": "Ice Rod",
  "IceRod_Description": "Shoots an orb of ice every {0} seconds, freezing any enemies in its path for {1} seconds.",
  "IridiumSpur_Name": "Golden Spur",
  "IridiumSpur_Description": "Critical strikes give you a speed boost for {0} seconds.",
  "BasiliskPaw_Name": "Basilisk Paw",
  "BasiliskPaw_Description": "You are immune to debuffs.",
  "PerfectIceRod": "Perfect Ice Rod",
  "RapidMagicQuiver": "Rapid Magic Quiver",
  "HeavyMagicQuiver": "Heavy Magic Quiver",
  "PerfectMagicQuiver": "Perfect Magic Quiver",
  "frog_variant_0": "Green Frog Egg",
  "frog_variant_1": "Brown Frog Egg",
  "frog_variant_2": "Blue-Green Frog Egg",
  "frog_variant_3": "Blue Frog Egg",
  "frog_variant_4": "Red Frog Egg",
  "frog_variant_5": "Yellow Frog Egg",
  "frog_variant_6": "Void Frog Egg",
  "frog_variant_7": "Prismatic Frog Egg",
  "IridiumSpur": "IridiumSpur",
  "ParrotEgg_Chance_0": "low",
  "ParrotEgg_Chance_1": "medium",
  "ParrotEgg_Chance_2": "high",
  "ParrotEgg_Chance_3": "very high",
  "Anvil_fail": "You can only re-forge trinkets on this.",
  "Anvil_bars": "Requires 3 Iridium Bars.",
  "GoldenParrot": "*Awk*... Money! *Awk*... Find golden walnuts!",
  "GoldenParrot_Yes": "Yes (Costs {0}g)",
  "GoldenParrot_Tonight": "*Awk*... Sleep! *Awk*... We do it tonight!",
  "GoldenParrot_Sure": "(Am I sure about this? If the parrots find all the remaining golden walnuts, I won't have the true Ginger Island experience...)",
  "Fizz_Intro_1": "So... you got my letter, huh? Nice to meet ya.#$b#I'm Fizz. Joja Special Services Division.$h#$b#You haven't heard of us? That's okay, most people haven't...#$b#We're not really advertised like other Joja products. We're more of a 'specialty service' for elite clients.#$b#What do we do? Heh... well, let's just say... we specialize in 'legally complex' matters... catch my drift?#$b#But enough chit chat. Let's get to business.#$b#I've heard you're trying to achieve 'perfection'. A noble goal! ... but difficult. Very difficult.#$b#All that cooking, crafting, monster slaying, all those complicated friendships... *groan*. I can see how stressed you are.$s#$b#But here's the thing... you don't need to stress another minute! We've got you covered.$h#$b#See these papers here? They're called 'perfection waivers'.#$b#Each one of these beautiful pages are worth 1% toward perfection. They've even got Mr. Qi's signature on it... completely legit!#$b#Do I look like someone who would lie to you??$u#$b#...$u#$b#Don't answer that.#$b#...Anyway, I'm selling these for a sweet, sweet price... just 500,000g a pop. A steal!#$b#Well, no pressure. Just think about it! I'll be waiting...$h",
  "Fizz_Intro_2": "So... what do you say? 500,000g for a bonafide 'Perfection Waiver'?",
  "Fizz_Yes": "Yes (Costs 500,000g)",
  "Fizz_Sweet": "Hee Hee!",
  "Waiver": "Waiver",
  "Waiver_Note": "You got a 'perfection waiver'! (Total: {0})",
  "Waiver_Note_Multiplayer": "{0} bought a 'perfection waiver'...",
  "TownTreeWarning": "I shouldn't cut down trees in town.",
  "Bookseller": "Bookseller",
  "Book_Category": "Book",
  "skillBook_Category": "Skill Book",
  "alreadyreadbook": "Reading this book again will grant some {0} experience.",
  "alreadyreadbook_random": "Reading this book again will grant a small amount of experience in all areas.",
  "BooksellerInTown": "The Bookseller is in town today.",
  "SkillBookMessage": "You've learned a few things about {0}.",
  "SkillName_0": "Farming",
  "SkillName_1": "Fishing",
  "SkillName_2": "Foraging",
  "SkillName_3": "Mining",
  "SkillName_4": "Combat",
  "TextSign_Name": "Text Sign",
  "TextSign_Description": "You can write a custom message on this sign.",
  "QoS_Cookbook": "You learned {0} new recipes.",
  "guild_door": "Slay 1000 monsters to enter here. ([FarmerStat monstersKilled]/1000)",
  "FoundABook": "You found a copy of '{0}'.",
  "ForestMagic": "Forest Magic",
  "ForestMagic_Description": "You are one with forest magic...",
  "BearPaw_Description": "Blackberries and Salmonberries are worth 3x the gold.",
  "SpringOnionMastery_Description": "Spring onions are worth 5x the gold.",
  "Book_QueenOfSauce_Name": "Queen Of Sauce Cookbook",
  "Book_QueenOfSauce_Description": "Learn any Queen Of Sauce recipes that you don't already know.",
  "Book_PriceCatalogue_Name": "Price Catalogue",
  "Book_PriceCatalogue_Description": "You can now see the value of your items.",
  "Book_Marlon_Name": "Mapping Cave Systems",
  "Book_Marlon_Description": "You get a 50% discount on Marlon's item retrieval service.",
  "Book_Speed_Name": "Way Of The Wind pt. 1",
  "Book_Speed_Description": "You run a little bit faster.",
  "Book_Speed2_Name": "Way Of The Wind pt. 2",
  "Book_Speed2_Description": "You run a little bit faster.",
  "Book_Void_Name": "Monster Compendium",
  "Book_Void_Description": "Monsters have a small chance to drop double loot.",
  "Book_Friendship_Name": "Friendship 101",
  "Book_Friendship_Description": "You become friends with people a little faster.",
  "Book_Defense_Name": "Jack Be Nimble, Jack Be Thick",
  "Book_Defense_Description": "Gain +1 Defense.",
  "Book_Woodcutting_Name": "Woody's Secret",
  "Book_Woodcutting_Description": "Felled trees have a 5% chance to yield double the wood.",
  "Book_WildSeeds_Name": "Raccoon Journal",
  "Book_WildSeeds_Description": "Weeds have a greater chance to yield mixed seeds.",
  "Book_Roe_Name": "Jewels Of The Sea",
  "Book_Roe_Description": "Fishing treasure chests have a chance to yield roe.",
  "Book_Bombs_Name": "Dwarvish Safety Manual",
  "Book_Bombs_Description": "Bombs deal 25% less damage to you.",
  "Book_Crabbing_Name": "The Art O' Crabbing",
  "Book_Crabbing_Description": "Crab pots have a 25% chance to yield double.",
  "Book_Trash_Name": "The Alleyway Buffet",
  "Book_Trash_Description": "You have a greater chance to find items in the trash.",
  "Book_Diamonds_Name": "The Diamond Hunter",
  "Book_Diamonds_Description": "All stones have a chance to drop a diamond when mined by hand.",
  "Book_Mystery_Name": "Book of Mysteries",
  "Book_Mystery_Description": "You have a slightly greater chance to find Mystery Boxes.",
  "Book_AnimalCatalogue_Name": "Animal Catalogue",
  "Book_AnimalCatalogue_Description": "You can access Marnie's shop when she's not around.",
  "Marnie_Counter": "'I'm not around, but you can still make a purchase using the animal catalogue!'  -Marnie",
  "GameMenu_Powers": "Special Items & Powers",
  "FixRaccoonStump_Hint": "The old tree is gone... however, With 100 pieces of hardwood, this could be fixed up.",
  "FixRaccoonStump_Question": "Use 100 pieces of hardwood to fix up the stump?",
  "FixRaccoonStump_Done": "Maybe someone will decide to move in...",
  "GreenRainForecast": "Um... There appears to be some kind of... anomalous reading... I... don't know what this means...",
  "Raccoon_expanded": "The raccoon shop has been expanded.",
  "Raccoon_busy": "Another player is talking to the Raccoon right now.",
  "Raccoon_intro_0": "Raccoon: Hungry... need fish...",
  "Raccoon_interim_1": "Raccoon: Now, maybe I find a wife...",
  "Raccoon_intro_1": "Raccoon: Hungry... need fruit...",
  "Raccoon_interim_2": "Raccoon: Now, we start a family...",
  "Raccoon_intro_2": "Raccoon: Hungry... need mushroom...",
  "Raccoon_interim_3": "Raccoon: Now we can grow the family bigger...",
  "Raccoon_intro_3": "Raccoon: Thirsty... need juice...",
  "Raccoon_interim_4": "Raccoon: You're a good friend, bobo. Now we can have another...",
  "Raccoon_intro_4": "Raccoon: Psst... bobo. I need a gift for the missus.",
  "Raccoon_interim_5": "Raccoon: We're happy for now, bobo...",
  "Raccoon_intro": "Raccoon: Help us, and I'll give you something nice.",
  "Raccoon_interim": "Raccoon: We're doing great, bobo...",
  "Raccoon_receive": "Raccoon: Thanks, bobo. Take this...",
  "bigtree": "It's a big tree, but the wood is starting to rot...",
  "windstorm": "There was a strong wind storm during the night...",
  "FishSmoker_Name": "Fish Smoker",
  "FishSmoker_Description": "Place fish inside with a piece of coal to create smoked fish, which is worth double. The quality of the fish is preserved.",
  "MiniForge_Name": "Mini-Forge",
  "MiniForge_Description": "Now, you can use a dwarvish forge from the convenience of your home.",
  "Anvil_Name": "Anvil",
  "Anvil_Description": "Allows you to re-forge trinkets, randomizing their stats. Costs 3 iridium bars per use.",
  "StatueOfTheDwarfKing_Name": "Statue Of The Dwarf King",
  "StatueOfTheDwarfKing_Description": "Choose from two mining-related powers each day.",
  "MasteryRequirement": "You don't yet have the knowledge to use this...",
  "StatueOfBlessings_Name": "Statue Of Blessings",
  "StatueOfBlessings_Description": "Touching the statue gives a unique blessing every day.",
  "Dehydrator_Name": "Dehydrator",
  "Dehydrator_Description": "Place 5 pieces of fruit or edible mushrooms inside to dry them.",
  "HeavyFurnace_Name": "Heavy Furnace",
  "HeavyFurnace_Description": "It's more efficient than a regular furnace. Requires 25 pieces of ore and 3 coal per use.",
  "BaitMaker_Name": "Bait Maker",
  "BaitMaker_Description": "Place a fish inside to create targeted bait.",
  "MushroomLog_Name": "Mushroom Log",
  "MushroomLog_Description": "Grows mushrooms every so often. The more wild trees are nearby, the better it works.",
  "GoldenAnimalCracker_Name": "Golden Animal Cracker",
  "GoldenAnimalCracker_Description": "Give this to a farm animal to permanently double its produce yield. Doesn't work on pigs.",
  "MysteryBoxAnnounce": "Mystery Boxes can now be found...",
  "GoldenMysteryBox_Name": "Golden Mystery Box",
  "MasteryHint": "You sense that a new way is open...",
  "PanToolBaseName": "Pan",
  "SteelPanDescription": "Use to gather ore from streams. Has bigger and better yields than a copper pan. It also has a small chance to immediately cause another panning spot to appear.",
  "GoldPanDescription": "Use to gather ore from streams. Has bigger and better yields than a steel pan. It also has a small chance to immediately cause another panning spot to appear.",
  "IridiumPanDescription": "Use to gather ore from streams. Has the best yields of any pan. It also has a chance to immediately cause another panning spot to appear.",
  "SeaJelly_Name": "Sea Jelly",
  "SeaJelly_Description": "A rare jelly found in the ocean.",
  "RiverJelly_Name": "River Jelly",
  "RiverJelly_Description": "A rare jelly found in freshwater.",
  "CaveJelly_Name": "Cave Jelly",
  "CaveJelly_Description": "A rare jelly found in underground lakes.",
  "Farm_Ranching_Description": "Meadowlands Farm_It's not the best for growing crops, but there's a chewy blue grass that animals love. You start with two chickens.",
  "StarterChicken_Names": "Portobello,Porcini | Chicky,Grushenka | Lucky,Clover | Salt,Pepper | Pecky,Clucky | Brunhilde,Gretchen | Billie,Bertha | Pickle,Zucchini | Peachie,Papaya | Potpourri,Ann | Buster,Scrappy | Petal,Twig | Cheeper,Squeaks | Skwash,Pumpkin | Goldie,Cocoa | Toast,Beans | Chip,Dip | Hazel,Peanut | Winky,Nod | Huffy,Puffy | Eggy,Ollie | Polka,Dot | Tiny,Shrimp | Fishy,Roe | Princess,Lady | Misty,Beluga | Snowy,Gingersnap | Honey,Biscuit | Piccolo,Viola | Potatoes,Gravy",
  "FishFrenzy_town": "A {0} frenzy has begun in town.",
  "FishFrenzy_forest": "A {0} frenzy has begun in Cindersap Forest.",
  "FishFrenzy_mountain": "A {0} frenzy has begun in the mountains.",
  "FishFrenzy_beach": "A {0} frenzy has begun at the beach.",
  "SpiritsEveCart": "Take the secret shortcut back?",
  "Goby_Name": "Goby",
  "Goby_Description": "Some types of Gobies can climb up waterfalls.",
  "Pam_busSign": "I'm going to the festival today, kid! You'll have to drive yourself.       -Pam",
  "TravelingMerchant_DF_Closed": "Closed until noon.",
  "TravelingMerchant_DF": "Ahh... nothing like the warm air of Calico Desert. The pig loves it, too.",
  "Spouse_Goodnight1": "Coming to bed?",
  "Spouse_Goodnight0": "Goodnight, {0}.",
  "Instant": "Instant",
  "GrandpaMasteryNote": "My dear {0},^^If you're reading this note, you've found the secret room I've prepared for you.^^Within these walls are tips, recipes, and even some of my most cherished tools... all the very best from the many happy years I spent in the valley.^^By coming this far, you'll have proven that you possess the skill and wisdom to make good use of these powerful secrets.^^I hope my discoveries help you in your journey to making {1} Farm a shining star of the whole world!^^Make me proud!^-Grandpa",
  "MasteryCompleteToast": "You feel Grandpa's hand patting your shoulder...",
  "GiantQiFruitMessage": "Mr. Qi: Oh, you thought you could obtain my precious fruit whenever you like? Pshh... Only during the challenge, kid.",
  "DeluxeWormBin_Name": "Deluxe Worm Bin",
  "DeluxeWormBin_Description": "Produces Deluxe Bait on a regular basis. The worms are self-sufficient.",
  "Pam_busSign_resort": "I'm on vacation today! You'll have to drive yourself.       -Pam",
  "BigChest_Name": "Big Chest",
  "BigStoneChest_Name": "Big Stone Chest",
  "BigChest_Description": "It can store almost twice as much as a regular chest.",
  "JojaCatalogueDescription": "Grants one (1) lifetime subscription to the Official Joja THRIVE Collection, featuring 40 exclusive furniture pieces!",
  "JojaCatalogueDescriptionTerms": "Terms Of Service:^^By activating this item, the user hereby agrees not to hold Joja Co. responsible for any damage to life or property resulting from the use of Joja THRIVE Furniture.^^The user is aware that there may be untested plastic materials present in one or more THRIVE furniture pieces, and waives any right to hold Joja Co. liable for adverse health outcomes attributable to contact with said plastic materials.^^The user hereby waives any right to hold Joja Co. liable for so-called \"shoddy workmanship\", and agrees that any and all bodily harm resulting from breakage, cracking, powdering, bending, clamping, pinching, impaling, or any other unintended effect of using Joja THRIVE Furniture, is solely the result of voluntary user action.^^   --Join us. Thrive.--",
  "Farm_Perfection_Description": "Waterfall Farm_Grandpa left you a magic lamp that grants a powerful bonus. However, you've also inherited his 1,000,000g debt to JojaBank, and must pay it off in seasonal installments...",
  "JojaGrandpaIntro_0": "???: Very touching... Now, just sign the paper here...",
  "Joja_Debt_Notice": "NOTICE:^^At the end of the season, {0}g will be debited from your account.^^Failure to pay will result in a negative balance.^^Thank you for your patronage.^-JojaBank",
  "buy_books": "Buy Books",
  "trade_books": "Trade In Books",
  "books_welcome": "Welcome to Marcello's Books!",
  "books_buy_welcome": "Marcello's Books... At your service!",
  "books_trade_welcome": "I'll trade useful stuff for your extra books.",
  "ItemDeliveryQuestTitle": "Delivery: {0}",
  "FishingQuestTitle": "Fishing: {0}",
  "MonsterQuestTitle": "Bounty: {0}",
  "ResourceQuestTitle": "Gathering: {0}",
  "WizardCatalogueDescription": "M. Rasmodius' private furniture collection.",
  "WizardCatalogueLetter": "My ex-wife took all the furniture.^^Fortunately, I had the good sense to make ethereal copies of everything and transcribe them into this book. Enjoy.^^-M. Rasmodius",
  "AttackEnchantment": "+{0} Attack",
  "DefenseEnchantment": "+{0} Defense",
  "CritEnchantment": "+{0} Crit. Chance",
  "SpeedEnchantment": "+{0} Speed",
  "SlimeSlayerEnchantment": "Slime Slayer",
  "SlimeGathererEnchantment": "Slime Gatherer",
  "MaxHealth": "+{0} Max Health",
  "CritPowerEnchantment": "+{0} Crit. Power",
  "LightweightEnchantment": "-{0} Weight",
  "JojaFreeRun": "No Joja services used!",
  "QiSummitCheat": "Well, well, well... Look who 'made it' to the summit.#$b#Thought you were really clever, didn't you?#$b#'How can I cheat the system for my own benefit?', you thought.#$b#Or, in layman's terms: 'Me me me me me me me me me me me me me me me me'.#$b#Despicable.",
  "Freezer_name": "Freezer",
  "Freezer_description": "Items placed inside will lose their quality overnight.",
  "DriedFlowers_name": "Dried {0}",
  "DriedFlowers_description": "A bag of beautiful dried flowers.",
  "DeluxeCrabPot_name": "Deluxe Crab Pot",
  "DeluxeCrabPot_description": "This will catch more than a regular crab pot.",
  "RaccoonFinal": "Your new neighbors seem to be thriving!",
  "Mayo_reaction0": "Gross!",
  "Mayo_reaction1": "Did you just...?",
  "Mayo_reaction2": "Why?!",
  "Mayo_reaction3": "Umm...",
  "Mayo_reaction4": "Yummie!",
  "PetLicense_Name": "Pet License",
  "PetLicense_Description": "Invite a new pet into your home. If you don't have enough outdoor pet bowls for your pets, they will become upset.",
  "GoldClock_On": "Turn the Golden Clock back on?",
  "GoldClock_Off": "Turn the Golden Clock off?",
  "DeluxeMayoMachine_Name": "Deluxe Mayonnaise Machine",
  "DeluxeMayoMachine_Description": "This can process 3 eggs at a time.",
  "DeluxeCheesePress_Name": "Deluxe Cheese Press",
  "DeluxeCheesePress_Description": "This can process 3 jugs of milk at a time.",
  "DeluxeLoom_Name": "Deluxe Loom",
  "DeluxeLoom_Description": "This can process 3 pieces of wool at a time.",
  "Book_Riding_Name": "Horse: The Book",
  "Book_Riding_Description": "You gain a little extra speed when riding a horse.",
  "Book_Artifact_Name": "Treasure Appraisal Guide",
  "Book_Artifact_Description": "You will fetch a better price when selling artifacts.",
  "RiverlandsFarmPerk": "You start with a Fish Smoker.",
  "Mannequin_Description": "You can dress it up however you like.",
  "CursedMannequin_Description": "You can dress it up however you like. And pray that it doesn't come to life while you sleep...",
  "SpeedrunTimer": "Speedrun Timer",
  "HideIP": "Hide IP and invite code",
  "BroccoliFusilli_Name": "Broccoli Fusilli",
  "BroccoliFusilli_Description": "A delightful pasta with broccoli and sun-dried tomatoes.",
  "PowdermelonSoda_Name": "Powdermelon Soda",
  "PowdermelonSoda_Description": "It naturally bubbles from the power of the melon skin.",
  "PastaPrimavera_Name": "Pasta Primavera",
  "PastaPrimavera_Description": "Pasta in a cream sauce with fresh vegetables.",
  "MannequinMale_Name": "Mannequin (M)",
  "MannequinFemale_Name": "Mannequin (F)",
  "CursedMannequinMale_Name": "Cursed Mannequin (M)",
  "CursedMannequinDemale_Name": "Cursed Mannequin (F)",
  "JunimoCatalogueDescription": "A collection of furniture infused with Junimo energy.",
  "RetroCatalogueDescription": "A collection of unique furniture from a bygone era.",
  "Renovation_AddDiningRoom": "Add Dining Room/Adds a large room to the left of the kitchen./Select an area for the renovation.",
  "Renovation_RemoveDiningRoom": "Remove Dining Room/Removes the large room to the left of the kitchen./Select an area for the renovation.",
  "Renovation_AddCubby": "Add Cubby/Adds a little cubby next to the front door./Select an area for the renovation.",
  "Renovation_RemoveCubby": "Remove Cubby/Removes the little cubby next to the front door./Select an area for the renovation.",
  "Renovation_AddAttic": "Add Attic/Adds another staircase up, and a room at the top./Select an area for the renovation.",
  "Renovation_RemoveAttic": "Remove Attic/Removes the attic./Select an area for the renovation.",
  "Renovation_AddExtendedCornerRoom": "Expand Corner Room/Extends the corner room, adding a large new area./Select an area for the renovation.",
  "Renovation_RemoveExtendedCornerRoom": "Shrink Corner Room/Removes the expansion to the corner room, returning it to its original size./Select an area for the renovation.",
  "Renovation_OpenDiningRoom": "Open Dining Room/Removes the wall between the dining room and kitchen./Select an area for the renovation.",
  "Renovation_CloseDiningRoom": "Close Dining Room/Restores the wall between the dining room and kitchen./Select an area for the renovation.",
  "ButterflyPowder_Name": "Butterfly Powder",
  "ButterflyPowder_Description": "Sprinkle on a pet to remove them from your farm. The process is irreversible.",
  "Marnie_Pet_Adoption": "These sweeties could use a good home...",
  "AdoptPets": "Adopt Pets",
  "AdoptedPet": "Your new pet '{0}' has been sent to your home.",
  "AdoptedPet_Marnie": "Great! I'll send little {0} to your home right away.$h",
  "ButterflyPowder_Question": "Are you sure? {0} will be permanently removed from your farm.",
  "ButterflyPowder_Goodbye": "Goodbye, {0}...",
  "FestivalTentWarning": "Tomorrow is a festival.",
  "PetBowlName": "{0}'s Bowl",
  "TrashCatalogueDescription": "Access a free supply of trash decorations. Wash hands after use.",
  "GameMenu_Animals": "Animals",
  "Pam_busSign_generic": "I'm off duty today, kid! You'll have to drive yourself.       -Pam",
  "SkillBook0_Name": "Stardew Valley Almanac",
  "SkillBook0_Description": "Read this to gain some farming experience.",
  "SkillBook1_Name": "Bait And Bobber",
  "SkillBook1_Description": "Read this to gain some fishing experience.",
  "SkillBook2_Name": "Woodcutter's Weekly",
  "SkillBook2_Description": "Read this to gain some foraging experience.",
  "SkillBook3_Name": "Mining Monthly",
  "SkillBook3_Description": "Read this to gain some mining experience.",
  "SkillBook4_Name": "Combat Quarterly",
  "SkillBook4_Description": "Read this to gain some combat experience.",
  "PurpleBook_Name": "Book Of Stars",
  "PurpleBook_Description": "Read this to gain some experience in all skills.",
  "Anvil_wrongtrinket": "This trinket cannot be re-forged.",
  "BlueGrassStarter_Name": "Blue Grass Starter",
  "BlueGrassStarter_Description": "Place this on your farm to plant a clump of blue grass.",
  "MossSoup_Name": "Moss Soup",
  "MossSoup_Description": "It's thick and slimy, but edible.",
  "GrassBook_Name": "Ol' Slitherlegs",
  "GrassBook_Description": "You will now run a lot faster through grass and crops.",
  "Mastery_newlevel": "You've reached a new level of understanding...",
  "options_menubg_0": "Standard",
  "options_menubg_1": "Graphical",
  "options_menubg_2": "None",
  "tapper_profession_possible": "+1 tapper output per harvest.",
  "forester_profession_possible": "Mushroom logs and boxes have a {0}% chance to produce double.",
  "lumberjack_profession_possible": "Removing a wild tree stump always produces a seed.",
  "SkullCaveKickWarning": "Any players currently inside the Skull Cavern will be removed. Do you want to proceed?",
  "ChooseBobber": "Bobber Style:",
  "FirstCatch": "First Catch!",
  "Trinket": "Trinket",
  "LearnedANewPower": "You've learned a new power!"
}