{
  "abigail_videogames": "Urghh... I died again! This game is so hard...$u",
  "haley_photo": "%Haley's too involved with her camera to notice you.",
  "harvey_radio": "%Harvey looks busy right now.",
  "harvey_examine_left": "Now just hold still... Take a deep breath for me.$u",
  "alex_lift_weights": "Unghh... Can't talk.$6",
  "robin_dance": "%Robin is busy.",
  "demetrius_dance": "%Demetrius is busy.",
  "demetrius_read": "We're insulated from the rest of the world here in Stardew Valley. Maybe that's a good thing.",
  "emily_exercise": "Exercising can be fun!",
  "robin_exercise": "My arms are strong... *pant*... but my legs need work... *gasp*",
  "caroline_exercise": "Don't look! I'm all red and sweaty.$s",
  "shane_work": "%Shane's hard at work. He doesn't seem interested in talking.",
  "marnie_exercise": "%Marnie smiles at you through a mist of sweat.",
  "jodi_exercise": "Ungh... Breathe in.... Ungh.... Breathe out.$4",
  "vincent_read_right": "Ms. Penny says I have to read this book before I can go play.$s",
  "penny_wave_left": "This town's safe, but I always walk the children home anyway.",
  "sam_guitar": "%Sam is busy practicing the guitar.",
  "sam_gameboy": "One sec... I gotta beat this level.$7",
  "sam_skateboarding": "%Sam's trying to do a kickflip.",
  "sam_pool": "$c .5#Hmm... If I give the cue ball a bit of a top spin, maybe I could...$7#$e#*Sigh*... I'm not very good.$s",
  "sam_work": "%Sam's on the clock... better not get him in trouble."
}