{
  "AncientStool_Name": "Ancient Stool",
  "AncientStool_Description": "It smells like Grandma's apartment.",
  "AncientTable_Name": "Ancient Table",
  "AncientTable_Description": "It's covered in the thickest cobwebs.",
  "AutoGrabber_Name": "Auto-Grabber",
  "AutoGrabber_Description": "Automatically harvests from your animals each morning. Must be placed inside a coop or barn.",
  "AutoPetter_Name": "Auto-Petter",
  "AutoPetter_Description": "Joja Co. patented technology for coops and barns. Keeps your animals content, but can't replace the full benefit of human touch. Hand-petting can be provided to supplement.",
  "Barrel_Name": "Barrel",
  "Barrel_Description": "...",
  "BarrelBrazier_Name": "Barrel Brazier",
  "BarrelBrazier_Description": "Provides a moderate amount of light.",
  "BasicLog_Name": "Basic Log",
  "BasicLog_Description": "A decorative piece for your farm.",
  "BeeHouse_Name": "Bee House",
  "BeeHouse_Description": "Place outside and wait for delicious honey! (Except in Winter).",
  "BigGreenCane_Name": "Big Green Cane",
  "BigGreenCane_Description": "A decorative piece for your farm.",
  "BigRedCane_Name": "Big Red Cane",
  "BigRedCane_Description": "A decorative piece for your farm.",
  "BoneMill_Name": "Bone Mill",
  "BoneMill_Description": "Turns bone items into fertilizers.",
  "Bonfire_Name": "Bonfire",
  "Bonfire_Description": "The red embers glow softly.",
  "Bongo_Name": "Bongo",
  "Bongo_Description": "A decorative percussion instrument with a rich sound.",
  "Bookcase_Name": "Bookcase",
  "Bookcase_Description": "A home for books.",
  "Boulder_Name": "Boulder",
  "Boulder_Description": "An extremely dense piece of stone.",
  "Camera_Name": "Camera",
  "Camera_Description": "An old camera mounted on a tripod.",
  "Campfire_Name": "Campfire",
  "Campfire_Description": "Provides a moderate amount of light.",
  "Campfire_2_Name": "Campfire",
  "Campfire_2_Description": "Cook on the go!",
  "CarvedBrazier_Name": "Carved Brazier",
  "CarvedBrazier_Description": "Provides a moderate amount of light.",
  "Cask_Name": "Cask",
  "Cask_Description": "Use in the cellar to age products like wine and cheese.",
  "CharcoalKiln_Name": "Charcoal Kiln",
  "CharcoalKiln_Description": "Turns 10 pieces of wood into one piece of coal.",
  "CheesePress_Name": "Cheese Press",
  "CheesePress_Description": "Turns milk into cheese.",
  "Chest_Name": "Chest",
  "Chest_Description": "A place to store your items.",
  "ChickenStatue_Name": "Chicken Statue",
  "ChickenStatue_Description": "A wooden statue of a chicken.",
  "CoffeeMaker_Name": "Coffee Maker",
  "CoffeeMaker_Description": "Automatically brews a fresh cup every morning.",
  "Crate_Name": "Crate",
  "Crate_Description": "...",
  "Crystalarium_Name": "Crystalarium",
  "Crystalarium_Description": "Insert a gem of your choice and it will grow copies.",
  "CursedPKArcadeSystem_Name": "Cursed P.K. Arcade System",
  "CursedPKArcadeSystem_Description": "Something's not right with this Prairie King Arcade System...",
  "DarkSign_Name": "Dark Sign",
  "DarkSign_Description": "Use an item on this to change what's displayed. The item won't be consumed.",
  "DeadTree_Name": "Dead Tree",
  "DeadTree_Description": "It's been petrified for a long time, poor thing.",
  "Deconstructor_Name": "Deconstructor",
  "Deconstructor_Description": "Destroys crafted items, but salvages their most valuable material.",
  "DecorativePitcher_Name": "Decorative Pitcher",
  "DecorativePitcher_Description": "Hand-made out of brass.",
  "DecorativeSpears_Name": "Decorative Spears",
  "DecorativeSpears_Description": "Not a very safe decoration.",
  "DeluxeScarecrow_Name": "Deluxe Scarecrow",
  "DeluxeScarecrow_Description": "Prevents crows from attacking your crops. Has a large radius (about 16 \"tiles\").",
  "Door_Name": "Door",
  "Door_Description": "A hidden mechanism causes it to retract into the ground.",
  "DriedSunflowers_Name": "Dried Sunflowers",
  "DriedSunflowers_Description": "A vibrant home decoration.",
  "EmptyCapsule_Name": "Empty Capsule",
  "EmptyCapsule_Description": "Part of the glass is shattered.",
  "FancyTable_Name": "Fancy Table",
  "FancyTable_Description": "A finely crafted round table.",
  "FarmComputer_Name": "Farm Computer",
  "FarmComputer_Description": "Scans the farm and displays useful information.",
  "FeedHopper_Name": "Feed Hopper",
  "FeedHopper_Description": "Provides convenient access to silo fodder.",
  "Foroguemon_Name": "??Foroguemon??",
  "Foroguemon_Description": "??Foroguemon??",
  "Furnace_Name": "Furnace",
  "Furnace_Description": "Turns ore and coal into metal bars.",
  "GardenPot_Name": "Garden Pot",
  "GardenPot_Description": "Grows crops from any season when indoors. Outdoors, it can only house seasonal crops.",
  "GeodeCrusher_Name": "Geode Crusher",
  "GeodeCrusher_Description": "Breaks geodes open automatically.",
  "GoldBrazier_Name": "Gold Brazier",
  "GoldBrazier_Description": "Provides a moderate amount of light.",
  "GrandfatherClock_Name": "Grandfather Clock",
  "GrandfatherClock_Description": "It's so old... looks like the pendulum is rusted in place.",
  "GraveStone_Name": "Grave Stone",
  "GraveStone_Description": "A decorative piece for your farm.",
  "GreenCanes_Name": "Green Canes",
  "GreenCanes_Description": "A decorative piece for your farm.",
  "Heater_Name": "Heater",
  "Heater_Description": "Keeps your animals warmer and happier during the winter.",
  "HeavyTapper_Name": "Heavy Tapper",
  "HeavyTapper_Description": "Place on a maple, oak, or pine tree and wait for the reservoir to fill with product! Works twice as fast as a normal tapper.",
  "HMTGF_Name": "??HMTGF??",
  "HMTGF_Description": "??HMTGF??",
  "Hopper_Name": "Hopper",
  "Hopper_Description": "Items placed inside will automatically be loaded into the machine in front of it.",
  "HousePlant_Name": "House Plant",
  "HousePlant_Description": "Adds some character to your home or farm.",
  "Incubator_Name": "Incubator",
  "Incubator_Description": "Hatches eggs into baby chickens and ducks.",
  "IronLamppost_Name": "Iron Lamp-post",
  "IronLamppost_Description": "Provides a good amount of light.",
  "ItemPedestal_Name": "Item Pedestal",
  "ItemPedestal_Description": "A place to display an item.",
  "JunimoChest_Name": "Junimo Chest",
  "JunimoChest_Description": "Through the power of forest magic, every Junimo Chest links to the same stash.",
  "JunimoKartArcadeSystem_Name": "Junimo Kart Arcade System",
  "JunimoKartArcadeSystem_Description": "Play 'Junimo Kart' at home!",
  "Keg_Name": "Keg",
  "Keg_Description": "Place a fruit or vegetable in here. Eventually it will turn into a beverage.",
  "LawnFlamingo_Name": "Lawn Flamingo",
  "LawnFlamingo_Description": "A decorative piece for your farm.",
  "LightningRod_Name": "Lightning Rod",
  "LightningRod_Description": "Collects energy from lightning storms and turns it into battery packs.",
  "LockedDoor_Name": "Locked Door",
  "LockedDoor_Description": "A hidden mechanism causes it to retract into the ground.",
  "LogSection_Name": "Log Section",
  "LogSection_Description": "A decorative piece for your farm.",
  "Loom_Name": "Loom",
  "Loom_Description": "Turns raw wool into fine cloth.",
  "MarbleBrazier_Name": "Marble Brazier",
  "MarbleBrazier_Description": "Provides a moderate amount of light.",
  "MayonnaiseMachine_Name": "Mayonnaise Machine",
  "MayonnaiseMachine_Description": "Turns eggs into mayonnaise.",
  "MiniFridge_Name": "Mini-Fridge",
  "MiniFridge_Description": "Allows you to store additional ingredients for cooking.",
  "MiniJukebox_Name": "Mini-Jukebox",
  "MiniJukebox_Description": "Allows you to play your favorite tunes.",
  "MiniObelisk_Name": "Mini-Obelisk",
  "MiniObelisk_Description": "Place two on the farm to warp between them.",
  "MiniShippingBin_Name": "Mini-Shipping Bin",
  "MiniShippingBin_Description": "Items placed in it will be included in the nightly shipment.",
  "MixedCane_Name": "Mixed Cane",
  "MixedCane_Description": "A decorative piece for your farm.",
  "MushroomBox_Name": "Mushroom Box",
  "MushroomBox_Description": "Mushrooms grow every few days",
  "Obelisk_Name": "Obelisk",
  "Obelisk_Description": "A sinister-looking portal that radiates with evil energy.",
  "ObsidianVase_Name": "Obsidian Vase",
  "ObsidianVase_Description": "A beautifully crafted ornamental vase made from obsidian and gold.",
  "OilMaker_Name": "Oil Maker",
  "OilMaker_Description": "Makes gourmet truffle oil.",
  "OrnamentalHayBale_Name": "Ornamental Hay Bale",
  "OrnamentalHayBale_Description": "A decorative piece for your farm.",
  "OstrichIncubator_Name": "Ostrich Incubator",
  "OstrichIncubator_Description": "Hatches ostrich eggs into baby ostriches. Place in a barn.",
  "PinkyLemon_Name": "??Pinky Lemon??",
  "PinkyLemon_Description": "??Pinky Lemon??",
  "PlushBunny_Name": "Plush Bunny",
  "PlushBunny_Description": "It's big, it's soft, and it's cute.",
  "PrairieKingArcadeSystem_Name": "Prairie King Arcade System",
  "PrairieKingArcadeSystem_Description": "Play 'Journey Of The Prairie King' at home!",
  "PreservesJar_Name": "Preserves Jar",
  "PreservesJar_Description": "Turns vegetables into pickles and fruit into jam.",
  "RareCrow_1_Name": "Rarecrow",
  "RareCrow_1_Description": "Collect them all! (1 of 8)",
  "RareCrow_2_Name": "Rarecrow",
  "RareCrow_2_Description": "Collect them all! (2 of 8)",
  "RareCrow_3_Name": "Rarecrow",
  "RareCrow_3_Description": "Collect them all! (3 of 8)",
  "RareCrow_4_Name": "Rarecrow",
  "RareCrow_4_Description": "Collect them all! (4 of 8)",
  "RareCrow_5_Name": "Rarecrow",
  "RareCrow_5_Description": "Collect them all! (5 of 8)",
  "RareCrow_6_Name": "Rarecrow",
  "RareCrow_6_Description": "Collect them all! (6 of 8)",
  "RareCrow_7_Name": "Rarecrow",
  "RareCrow_7_Description": "Collect them all! (7 of 8)",
  "RareCrow_8_Name": "Rarecrow",
  "RareCrow_8_Description": "Collect them all! (8 of 8)",
  "RecyclingMachine_Name": "Recycling Machine",
  "RecyclingMachine_Description": "Turns fishing trash into resources.",
  "RedCanes_Name": "Red Canes",
  "RedCanes_Description": "A decorative piece for your farm.",
  "RitualMask_Name": "Ritual Mask",
  "RitualMask_Description": "It's way too large to wear.",
  "Scarecrow_Name": "Scarecrow",
  "Scarecrow_Description": "Prevents crows from attacking your crops. Has a limited radius (about 8 \"tiles\").",
  "SeasonalDecor_Name": "Seasonal Decor",
  "SeasonalDecor_Description": "This decoration changes with the seasons.",
  "SeasonalPlant_Name": "Seasonal Plant",
  "SeasonalPlant_Description": "An ornamental plant that changes with each season. It doesn't need to be watered.",
  "SeedMaker_Name": "Seed Maker",
  "SeedMaker_Description": "Place crops inside to produce a varying amount of seeds. Doesn't work with fruit tree crops.",
  "SewingMachine_Name": "Sewing Machine",
  "SewingMachine_Description": "Use to tailor clothes from the convenience of your home!",
  "SignOfTheVessel_Name": "Sign Of The Vessel",
  "SignOfTheVessel_Description": "A decorative piece for your farm.",
  "SingingStone_Name": "Singing Stone",
  "SingingStone_Description": "It rings out with a pure tone when struck.",
  "SkeletonModel_Name": "Skeleton Model",
  "SkeletonModel_Description": "A model of a skeleton.",
  "SkullBrazier_Name": "Skull Brazier",
  "SkullBrazier_Description": "Provides a moderate amount of light.",
  "SlimeBall_Name": "Slime Ball",
  "SlimeBall_Description": "Filled with slime.",
  "SlimeEggPress_Name": "Slime Egg-Press",
  "SlimeEggPress_Description": "Compresses 100 pieces of slime into a slime egg. It's a miracle of science!",
  "SlimeIncubator_Name": "Slime Incubator",
  "SlimeIncubator_Description": "Hatches slimes eggs into slimes. Allows you to raise slimes outdoors.",
  "SlothSkeletonL_Name": "Sloth Skeleton L",
  "SlothSkeletonL_Description": "This extinct sloth roamed the lush, prehistoric forests of Stardew Valley. Its powerful jaw tore through the toughest plant fibers.",
  "SlothSkeletonM_Name": "Sloth Skeleton M",
  "SlothSkeletonM_Description": "The ribs of a prehistoric sloth. ",
  "SlothSkeletonR_Name": "Sloth Skeleton R",
  "SlothSkeletonR_Description": "The hind legs and tail of a prehistoric sloth.",
  "SodaMachine_Name": "Soda Machine",
  "SodaMachine_Description": "Keeps pumping out the good stuff.",
  "SolarPanel_Name": "Solar Panel",
  "SolarPanel_Description": "Slowly generates batteries when left in the sun.",
  "SolidGoldLewis_Name": "Solid Gold Lewis",
  "SolidGoldLewis_Description": "Mayor's secret project.",
  "Staircase_Name": "Staircase",
  "Staircase_Description": "Use this to move down a level in the mines.",
  "StandingGeode_Name": "Standing Geode",
  "StandingGeode_Description": "It's a huge geode mounted on a stand. Hundreds of purple crystals shimmer within.",
  "StardewHeroTrophy_Name": "Stardew Hero Trophy",
  "StardewHeroTrophy_Description": "The most prestigious award a Stardew Valley resident could receive!",
  "StatueOfEndlessFortune_Name": "Statue Of Endless Fortune",
  "StatueOfEndlessFortune_Description": "It's made of solid gold. What's it for?",
  "StatueOfPerfection_Name": "Statue Of Perfection",
  "StatueOfPerfection_Description": "It's made of pure iridium.",
  "StatueOfTruePerfection_Name": "Statue Of True Perfection",
  "StatueOfTruePerfection_Description": "It's made of pure iridium.",
  "StoneBrazier_Name": "Stone Brazier",
  "StoneBrazier_Description": "Provides a moderate amount of light.",
  "StoneCairn_Name": "Stone Cairn",
  "StoneCairn_Description": "A decorative piece for your farm.",
  "StoneChest_Name": "Stone Chest",
  "StoneChest_Description": "A place to store your items.",
  "StoneFrog_Name": "Stone Frog",
  "StoneFrog_Description": "Garden art for your farm.",
  "StoneJunimo_Name": "Stone Junimo",
  "StoneJunimo_Description": "Garden art for your farm.",
  "StoneOwl_Decorative_Name": "Stone Owl",
  "StoneOwl_Decorative_Description": "Garden art for your farm.",
  "StoneOwl_Secret_Name": "Stone Owl",
  "StoneOwl_Secret_Description": "It's not clear where this came from, but it looks very fine.",
  "StoneParrot_Name": "Stone Parrot",
  "StoneParrot_Description": "Garden art for your farm.",
  "StoneSign_Name": "Stone Sign",
  "StoneSign_Description": "Use an item on this to change what's displayed. The item won't be consumed.",
  "StrangeCapsule_Name": "Strange Capsule",
  "StrangeCapsule_Description": "There's something fleshy bobbing around in the fluid...",
  "StumpBrazier_Name": "Stump Brazier",
  "StumpBrazier_Description": "Provides a moderate amount of light.",
  "SuitOfArmor_Name": "Suit Of Armor",
  "SuitOfArmor_Description": "A decorative piece for your farm.",
  "TablePieceL_Name": "Table Piece L",
  "TablePieceL_Description": "The left side of a big table.",
  "TablePieceR_Name": "Table Piece R",
  "TablePieceR_Description": "The right side of a big table",
  "TallTorch_Name": "Tall Torch",
  "TallTorch_Description": "The stem is made from bamboo.",
  "Tapper_Name": "Tapper",
  "Tapper_Description": "Place on a maple, oak, or pine tree and wait for the reservoir to fill with product!",
  "TeddyTimer_Name": "Teddy Timer",
  "TeddyTimer_Description": "It's a grandfather clock shaped like a teddy.",
  "Telephone_Name": "Telephone",
  "Telephone_Description": "Can be used to check store hours and inventory.",
  "TuboFlowers_Name": "Tub o' Flowers",
  "TuboFlowers_Description": "Flowers planted in an oak barrel. Blooms in spring and summer.",
  "WickedStatue_Name": "Wicked Statue",
  "WickedStatue_Description": "There's something unsettling about the looks of this statue.",
  "WickedStatue_LitEyes_Name": "Wicked Statue",
  "WickedStatue_LitEyes_Description": "Something's not right with this statue.",
  "WoodChair_Name": "Wood Chair",
  "WoodChair_Description": "A chair that can be oriented in 4 different ways.",
  "WoodChipper_Name": "Wood Chipper",
  "WoodChipper_Description": "Insert a piece of hardwood to break it down into regular wood.",
  "WoodenBrazier_Name": "Wooden Brazier",
  "WoodenBrazier_Description": "Provides a moderate amount of light.",
  "WoodLamppost_Name": "Wood Lamp-post",
  "WoodLamppost_Description": "Provides a good amount of light.",
  "WoodSign_Name": "Wood Sign",
  "WoodSign_Description": "Use an item on this to change what's displayed. The item won't be consumed.",
  "Workbench_Name": "Workbench",
  "Workbench_Description": "When crafting here, you'll have access to materials in any adjacent chests.",
  "WormBin_Name": "Worm Bin",
  "WormBin_Description": "Produces bait on a regular basis. The worms are self-sufficient.",
  "TextSign_Name": "Text Sign",
  "TextSign_Description": "A small sign that can be written on.",
  "MushroomLog_Name": "Mushroom Log",
  "MushroomLog_Description": "Grows mushrooms every so often. The more wild trees are nearby, the better it works.",
  "BaitMaker_Name": "Bait Maker",
  "BaitMaker_Description": "Place a fish inside to create targeted bait.",
  "Dehydrator_Name": "Dehydrator",
  "Dehydrator_Description": "Place 5 pieces of fruit or edible mushrooms inside to dry them.",
  "HeavyFurnace_Name": "Heavy Furnace",
  "HeavyFurnace_Description": "Processes 5 bars at a time. Requires 25 pieces of ore and 3 coal per use.",
  "StatueOfBlessings_Name": "Statue Of Blessings",
  "StatueOfBlessings_Description": "Touching the statue gives a unique blessing every day.",
  "StatueOfTheDwarfKing_Name": "Statue Of The Dwarf King",
  "StatueOfTheDwarfKing_Description": "Choose from two mining-related powers each day.",
  "Anvil_Name": "Anvil",
  "Anvil_Description": "Allows you to \"re-roll\" trinkets. Costs 3 iridium bars per use.",
  "MiniForge_Name": "Mini-Forge",
  "MiniForge_Description": "Now, you can use a dwarvish forge from the convenience of your home."
}