{
  "UnderConstruction": "Under construction.",
  "DismountBeforeEntering": "Dismount before entering",
  "PiecesOfHay": "Pieces of Hay: {0}/{1}",
  "AddedHay": "Added {0} pieces of hay to the silo.",
  "MillFull": "No space left",
  "CantMill": "Can't be milled",
  "NeedSilo": "Silo Required",
  "CantEnter": "Can't enter right now",
  "WrongFishType": "Your {0} doesn't want to live in a {1} pond.",
  "WrongFishTypeCoral": "{0} can only be placed in a {0} Pond.",
  "CantPutInPonds": "The {0} wouldn't be happy in there.",
  "NoFish": "Fish can be placed into this pond.",
  "PondFull": "This pond is full.",
  "Paint_Region_Building": "Building",
  "Paint_Region_Roof": "Roof",
  "Paint_Region_Trim": "Trim",
  "BuildingSkinMenu_ChooseAppearance": "Select an appearance for your {0}.",
  "Construction_ChooseLocation": "Where do you want to manage buildings?",
  "Barn_Name": "Barn",
  "Barn_Description": "Houses 4 barn-dwelling animals.",
  "BigBarn_Name": "Big Barn",
  "BigBarn_Description": "Houses 8 barn-dwelling animals. Allows animals to give birth. Unlocks goats.",
  "BigCoop_Name": "Big Coop",
  "BigCoop_Description": "Houses 8 coop-dwelling animals. Comes with an incubator. Unlocks ducks.",
  "BigShed_Name": "Big Shed",
  "BigShed_Description": "Doubles the size of the shed. The interior can be decorated.",
  "Cabin_Name": "Cabin",
  "Cabin_Description": "A home for a friend! Subsidized by the town agricultural fund.",
  "Coop_Name": "Coop",
  "Coop_Description": "Houses 4 coop-dwelling animals.",
  "DeluxeBarn_Name": "Deluxe Barn",
  "DeluxeBarn_Description": "Houses 12 barn-dwelling animals. Comes with an auto-feed system. Unlocks sheep and pigs.",
  "DeluxeCoop_Name": "Deluxe Coop",
  "DeluxeCoop_Description": "Houses 12 coop-dwelling animals. Comes with an auto-feed system. Unlocks rabbits.",
  "DesertObelisk_Name": "Desert Obelisk",
  "DesertObelisk_Description": "Warps you to the desert.",
  "EarthObelisk_Name": "Earth Obelisk",
  "EarthObelisk_Description": "Warps you to the mountains.",
  "FishPond_Name": "Fish Pond",
  "FishPond_Description": "Raise fish and harvest their produce. Fish multiply over time.",
  "GoldClock_Name": "Gold Clock",
  "GoldClock_Description": "Prevents debris from appearing on your farm. Keeps fences from decaying.",
  "Greenhouse_Name": "Greenhouse",
  "Greenhouse_Description": "A place to grow crops from any season, year round!",
  "IslandObelisk_Name": "Island Obelisk",
  "IslandObelisk_Description": "Warps you to Ginger Island.",
  "JunimoHut_Name": "Junimo Hut",
  "JunimoHut_Description": "Junimos will harvest crops around the hut for you.",
  "Mill_Name": "Mill",
  "Mill_Description": "Allows you to mill wheat, beets and rice.",
  "Shed_Name": "Shed",
  "Shed_Description": "An empty building. Fill it with whatever you like! The interior can be decorated.",
  "ShippingBin_Name": "Shipping Bin",
  "ShippingBin_Description": "Throw items inside to sell them overnight.",
  "Silo_Name": "Silo",
  "Silo_Description": "Allows you to cut and store grass for feed.",
  "SlimeHutch_Name": "Slime Hutch",
  "SlimeHutch_Description": "Raise up to 20 slimes. Fill water troughs and slimes will create slime balls.",
  "Stable_Name": "Stable",
  "Stable_Description": "Allows you to keep and ride a horse. Horse included.",
  "WaterObelisk_Name": "Water Obelisk",
  "WaterObelisk_Description": "Warps you to the beach.",
  "Well_Name": "Well",
  "Well_Description": "Provides a place for you to refill your watering can.",
  "PetBowl_Name": "Pet Bowl",
  "PetBowl_Description": "Provides a dedicated home for one pet."
}