{
  "Rare Crops": "Rare Crops",
  "Fish Farmer's": "Fish Farmer's",
  "Garden": "Garden",
  "Brewer's": "Brewer's",
  "Quality Fish": "Quality Fish",
  "Master Fisher's": "Master Fisher's",
  "Treasure Hunter's": "Treasure Hunter's",
  "Children's": "Children's",
  "Forager's": "Forager's",
  "Home Cook's": "Home Cook's",
  "Wild Medicine": "Wild Medicine",
  "Sticky": "Sticky",
  "Engineer's": "Engineer's",
  "Forest": "Forest",
  "Helper's": "Helper's",
  "Spirit's Eve": "Spirit's Eve",
  "Winter Star": "Winter Star",
  "Aquatic Jelly": "Aquatic Jelly",
  "Bookworm's": "Bookworm's"
}