{
  "BirthMessage_Adoption": "During the night, the adoption agency dropped off your new baby {0}.",
  "BirthMessage_PlayerMother": "During the night, you gave birth to a baby {0}.",
  "BirthMessage_SpouseMother": "During the night, {1} gave birth to a baby {0}.",
  "BirthMessage_SpouseNaming_Male": "{0} is naming your baby boy.",
  "BirthMessage_SpouseNaming_Female": "{0} is naming your baby girl.",
  "BabyNamingTitle_Male": "What should we name him?",
  "BabyNamingTitle_Female": "What should we name her?",
  "HaveBabyQuestion": "Should we have a baby, {0}?",
  "HaveBabyQuestion_Adoption": "Should we adopt a baby, {0}?",
  "HaveBabyAnswer_Yes": "Yes",
  "HaveBabyAnswer_No": "Not now...",
  "HavePlayerBabyQuestion": "Do you want to have a baby with {0}?",
  "HavePlayerBabyQuestion_Adoption": "Do you want to adopt a baby with {0}?",
  "AnimalBirth": "During the night, {0} gave birth to a baby {1}.",
  "AnimalNamingTitle": "Name your new baby {0}:",
  "SoundInTheNight_UFO": "A strange sound was heard in the night...",
  "SoundInTheNight_Meteorite": "An explosion was heard in the night...",
  "SoundInTheNight_Earthquake": "There was an earthquake during the night.",
  "BeachNightMarket_NowOpen": "The Night Market is now open.",
  "Maru_comet5": "It makes me glad to live on this vibrant world with you!",
  "Maru_comet4": "So empty, so lonely...",
  "Maru_comet3": "Here for one fleeting moment on its infinite journey.",
  "Maru_comet2": "A rare wonder of the cosmos...",
  "Maru_comet1": "Beautiful, isn't it?",
  "ElliottBook_mystery": "Blue Tower",
  "ElliottBook_romance": "Camellia Station",
  "ElliottBook_default": "The Rise And Fall Of Planet Yazzo"
}