{
  "DisplayType_Chicken_Blue": "Blue Chicken",
  "DisplayType_Chicken_Brown": "Brown Chicken",
  "DisplayType_Chicken_Golden": "Golden Chicken",
  "DisplayType_Chicken_White": "White Chicken",
  "DisplayType_Chicken_Void": "Void Chicken",
  "DisplayType_Cow_Brown": "Brown Cow",
  "DisplayType_Cow_White": "White Cow",
  "DisplayType_Dinosaur": "Dinosaur",
  "DisplayType_Duck": "Duck",
  "DisplayType_Goat": "Goat",
  "DisplayType_Ostrich": "Ostrich",
  "DisplayType_Pig": "Pig",
  "DisplayType_Rabbit": "Rabbit",
  "DisplayType_Sheep": "Sheep",
  "TryingToSleep": "{0} is trying to sleep",
  "MoodMessage_NewHome_Baby_Male": "{0}'s still a little clumsy from being born. He's curious about his new world.",
  "MoodMessage_NewHome_Baby_Female": "{0}'s still a little clumsy from being born. She's curious about her new world.",
  "MoodMessage_NewHome_Adult_Male_1": "{0} seems curious, but a little cautious. He's getting used to the new home.",
  "MoodMessage_NewHome_Adult_Male_2": "{0} seems curious, but a little cautious. It's a strange new world.",
  "MoodMessage_NewHome_Adult_Female_1": "{0} seems curious, but a little cautious. She's getting used to the new home.",
  "MoodMessage_NewHome_Adult_Female_2": "{0} seems curious, but a little cautious. It's a strange new world.",
  "MoodMessage_LeftOutsideAtNight_Male": "{0} was left outside with the door closed last night... He's grumpy.",
  "MoodMessage_LeftOutsideAtNight_Female": "{0} was left outside with the door closed last night... She's grumpy.",
  "MoodMessage_DisturbedByDog_Male": "{0} looks stressed and paranoid today. It seems like something bad happened last night.",
  "MoodMessage_DisturbedByDog_Female": "{0} looks stressed and paranoid today. It seems like something bad happened last night.",
  "MoodMessage_Hungry1": "{0} looks grumpy.",
  "MoodMessage_Hungry2": "{0} is looking a little thin.",
  "MoodMessage_Sad": "{0} looks sad.",
  "MoodMessage_Fine": "{0} looks fine.",
  "MoodMessage_Happy": "{0} looks really happy today!"
}