{
  "DarkPiano": "Dark Piano",
  "OakChair": "Oak Chair",
  "WalnutChair": "Walnut Chair",
  "BirchChair": "Birch Chair",
  "MahoganyChair": "Mahogany Chair",
  "RedDinerChair": "Red Diner Chair",
  "BlueDinerChair": "Blue Diner Chair",
  "CountryChair": "Country Chair",
  "BreakfastChair": "Breakfast Chair",
  "PinkOfficeChair": "Pink Office Chair",
  "PurpleOfficeChair": "Purple Office Chair",
  "GreenOfficeStool": "Green Office Stool",
  "OrangeOfficeStool": "Orange Office Stool",
  "DarkThrone": "Dark Throne",
  "DiningChair": "Dining Chair",
  "GreenPlushSeat": "Green Plush Seat",
  "PinkPlushSeat": "Pink Plush Seat",
  "WinterChair": "Winter Chair",
  "GroovyChair": "Groovy Chair",
  "CuteChair": "Cute Chair",
  "StumpSeat": "Stump Seat",
  "MetalChair": "Metal Chair",
  "GreenStool": "Green Stool",
  "BlueStool": "Blue Stool",
  "KingChair": "King Chair",
  "CrystalChair": "Crystal Chair",
  "OakBench": "Oak Bench",
  "WalnutBench": "Walnut Bench",
  "BirchBench": "Birch Bench",
  "MahoganyBench": "Mahogany Bench",
  "ModernBench": "Modern Bench",
  "BlueArmchair": "Blue Armchair",
  "RedArmchair": "Red Armchair",
  "GreenArmchair": "Green Armchair",
  "YellowArmchair": "Yellow Armchair",
  "BrownArmchair": "Brown Armchair",
  "BlueCouch": "Blue Couch",
  "RedCouch": "Red Couch",
  "GreenCouch": "Green Couch",
  "YellowCouch": "Yellow Couch",
  "BrownCouch": "Brown Couch",
  "DarkCouch": "Dark Couch",
  "WizardCouch": "Wizard Couch",
  "WoodsyCouch": "Woodsy Couch",
  "OakDresser": "Oak Dresser",
  "WalnutDresser": "Walnut Dresser",
  "BirchDresser": "Birch Dresser",
  "MahoganyDresser": "Mahogany Dresser",
  "CoffeeTable": "Coffee Table",
  "StoneSlab": "Stone Slab",
  "WinterDiningTable": "Winter Dining Table",
  "FestiveDiningTable": "Festive Dining Table",
  "MahoganyDiningTable": "Mahogany Dining Table",
  "ModernDiningTable": "Modern Dining Table",
  "OakTable": "Oak Table",
  "WalnutTable": "Walnut Table",
  "BirchTable": "Birch Table",
  "MahoganyTable": "Mahogany Table",
  "SunTable": "Sun Table",
  "MoonTable": "Moon Table",
  "ModernTable": "Modern Table",
  "PubTable": "Pub Table",
  "LuxuryTable": "Luxury Table",
  "DivinerTable": "Diviner Table",
  "NeolithicTable": "Neolithic Table",
  "PuzzleTable": "Puzzle Table",
  "WinterTable": "Winter Table",
  "CandyTable": "Candy Table",
  "LuauTable": "Luau Table",
  "DarkTable": "Dark Table",
  "OakTeaTable": "Oak Tea-Table",
  "WalnutTeaTable": "Walnut Tea-Table",
  "BirchTeaTable": "Birch Tea-Table",
  "MahoganyTeaTable": "Mahogany Tea-Table",
  "ModernTeaTable": "Modern Tea-Table",
  "FurnitureCatalogue": "Furniture Catalogue",
  "ChinaCabinet": "China Cabinet",
  "ArtistBookcase": "Artist Bookcase",
  "LuxuryBookcase": "Luxury Bookcase",
  "ModernBookcase": "Modern Bookcase",
  "DarkBookcase": "Dark Bookcase",
  "CeramicPillar": "Ceramic Pillar",
  "GoldPillar": "Gold Pillar",
  "IndustrialPipe": "Industrial Pipe",
  "IndoorPalm": "Indoor Palm",
  "TotemPole": "Totem Pole",
  "ManicuredPine": "Manicured Pine",
  "TopiaryTree": "Topiary Tree",
  "StandingGeode": "Standing Geode",
  "ObsidianVase": "Obsidian Vase",
  "SingingStone": "Singing Stone",
  "SlothSkeletonL": "Sloth Skeleton L",
  "SlothSkeletonM": "Sloth Skeleton M",
  "SlothSkeletonR": "Sloth Skeleton R",
  "Skeleton": "Skeleton",
  "ChickenStatue": "Chicken Statue",
  "LeahsSculpture": "Leah's Sculpture",
  "DriedSunflowers": "Dried Sunflowers",
  "Catalogue": "Catalogue",
  "SamsBoombox": "Sam's Boombox",
  "SmallPlant": "Small Plant",
  "TablePlant": "Table Plant",
  "DecorativeBowl": "Decorative Bowl",
  "FutanBear": "Futan Bear",
  "Globe": "Globe",
  "ModelShip": "Model Ship",
  "SmallCrystal": "Small Crystal",
  "DecorativeLantern": "Decorative Lantern",
  "HousePlant": "House Plant",
  "OakEndTable": "Oak End Table",
  "WalnutEndTable": "Walnut End Table",
  "BirchEndTable": "Birch End Table",
  "MahoganyEndTable": "Mahogany End Table",
  "ModernEndTable": "Modern End Table",
  "GrandmotherEndTable": "Grandmother End Table",
  "WinterEndTable": "Winter End Table",
  "Calendar": "Calendar",
  "TreeoftheWinterStar": "Tree of the Winter Star",
  "CountryLamp": "Country Lamp",
  "BoxLamp": "Box Lamp",
  "ModernLamp": "Modern Lamp",
  "ClassicLamp": "Classic Lamp",
  "RedRug": "Red Rug",
  "PatchworkRug": "Patchwork Rug",
  "DarkRug": "Dark Rug",
  "BudgetTV": "Budget TV",
  "PlasmaTV": "Plasma TV",
  "TheMuzzamaroo": "'The Muzzamaroo'",
  "ANightOnEcoHill": "'A Night On Eco-Hill'",
  "Pathways": "'Pathways'",
  "BurntOffering": "'Burnt Offering'",
  "QueenoftheGemSea": "'Queen of the Gem Sea'",
  "VanillaVilla": "'Vanilla Villa'",
  "PrimalMotion": "'Primal Motion'",
  "JadeHills": "'Jade Hills'",
  "Sun44": "'Sun #44'",
  "WallflowerPal": "Wallflower Pal",
  "Spires": "'Spires'",
  "Highway89": "'Highway 89'",
  "CalicoFalls": "Calico Falls",
  "NeedlepointFlower": "Needlepoint Flower",
  "SkullPoster": "Skull Poster",
  "Sun45": "'Sun #45'",
  "LittleTree": "'Little Tree'",
  "Blueberries": "'Blueberries'",
  "BlueCity": "'Blue City'",
  "LittlePhotos": "Little Photos",
  "DancingGrass": "'Dancing Grass'",
  "VGAParadise": "'VGA Paradise'",
  "JColaLight": "J. Cola Light",
  "Kitemaster95": "'Kitemaster '95'",
  "BasicWindow": "Basic Window",
  "SmallWindow": "Small Window",
  "RedCottageRug": "Red Cottage Rug",
  "GreenCottageRug": "Green Cottage Rug",
  "MonsterRug": "Monster Rug",
  "BoardedWindow": "Boarded Window",
  "MysticRug": "Mystic Rug",
  "LgFutanBear": "Lg. Futan Bear",
  "JunimoPlush": "Junimo Plush",
  "BearStatue": "Bear Statue",
  "Porthole": "Porthole",
  "Anchor": "Anchor",
  "WorldMap": "World Map",
  "OrnateWindow": "Ornate Window",
  "FloorTV": "Floor TV",
  "CarvedWindow": "Carved Window",
  "NauticalRug": "Nautical Rug",
  "BurlapRug": "Burlap Rug",
  "TreeColumn": "Tree Column",
  "LLightString": "L. Light String",
  "SPine": "S. Pine",
  "BonsaiTree": "Bonsai Tree",
  "MetalWindow": "Metal Window",
  "CandleLamp": "Candle Lamp",
  "MinersCrest": "Miner's Crest",
  "BambooMat": "Bamboo Mat",
  "OrnateLamp": "Ornate Lamp",
  "WoodcutRug": "Woodcut Rug",
  "HangingShield": "Hanging Shield",
  "MonsterDanglers": "Monster Danglers",
  "CeilingFlags": "Ceiling Flags",
  "RedEagle": "'Red Eagle'",
  "PortraitOfAMermaid": "'Portrait Of A Mermaid'",
  "SolarKingdom": "'Solar Kingdom'",
  "Clouds": "'Clouds'",
  "1000YearsFromNow": "'1000 Years From Now'",
  "ThreeTrees": "'Three Trees'",
  "TheSerpent": "'The Serpent'",
  "TropicalFish173": "'Tropical Fish #173'",
  "LandOfClay": "'Land Of Clay'",
  "BrickFireplace": "Brick Fireplace",
  "StoneFireplace": "Stone Fireplace",
  "IridiumFireplace": "Iridium Fireplace",
  "StoveFireplace": "Stove Fireplace",
  "MonsterFireplace": "Monster Fireplace",
  "MyFirstPainting": "My First Painting",
  "ElegantFireplace": "Elegant Fireplace",
  "PirateFlag": "Pirate Flag",
  "PirateRug": "Pirate Rug",
  "BoneRug": "Bone Rug",
  "ButterflyHutch": "Butterfly Hutch",
  "StrawberryDecal": "Strawberry Decal",
  "FruitSaladRug": "Fruit Salad Rug",
  "NightSkyDecal1": "Night Sky Decal #1",
  "SnowyRug": "Snowy Rug",
  "NightSkyDecal2": "Night Sky Decal #2",
  "NightSkyDecal3": "Night Sky Decal #3",
  "TheBraveLittleSapling": "'The Brave Little Sapling'",
  "Mysterium": "'Mysterium'",
  "JourneyOfThePrairieKingTheMotionPicture": "'Journey Of The Prairie King: The Motion Picture'",
  "Wumbus": "'Wumbus'",
  "TheZuzuCityExpress": "'The Zuzu City Express'",
  "TheMiracleAtColdstarRanch": "'The Miracle At Coldstar Ranch'",
  "NaturalWondersExploringOurVibrantWorld": "'Natural Wonders: Exploring Our Vibrant World'",
  "ItHowlsInTheRain": "'It Howls In The Rain'",
  "IndoorHangingBasket": "Indoor Hanging Basket",
  "WinterTreeDecal": "Winter Tree Decal",
  "SmallJunimoPlush": "Small Junimo Plush",
  "FutanRabbit": "Futan Rabbit",
  "WumbusStatue": "Wumbus Statue",
  "BoboStatue": "Bobo Statue",
  "PurpleSerpentStatue": "Purple Serpent Statue",
  "GreenSerpentStatue": "Green Serpent Statue",
  "LongPalm": "Long Palm",
  "LongCactus": "Long Cactus",
  "ExoticTree": "Exotic Tree",
  "DeluxeTree": "Deluxe Tree",
  "WallPumpkin": "Wall Pumpkin",
  "SmallWallPumpkin": "Small Wall Pumpkin",
  "Bed": "Bed",
  "DoubleBed": "Double Bed",
  "StarryDoubleBed": "Starry Double Bed",
  "StrawberryDoubleBed": "Strawberry Double Bed",
  "PirateDoubleBed": "Pirate Double Bed",
  "ChildBed": "Child Bed",
  "TropicalBed": "Tropical Bed",
  "TropicalDoubleBed": "Tropical Double Bed",
  "DeluxeRedDoubleBed": "Deluxe Red Double Bed",
  "ModernDoubleBed": "Modern Double Bed",
  "LargeFishTank": "Large Fish Tank",
  "DeluxeFishTank": "Deluxe Fish Tank",
  "SmallFishTank": "Small Fish Tank",
  "OceanicRug": "Oceanic Rug",
  "TropicalTV": "Tropical TV",
  "VolcanoPhoto": "'Volcano' Photo",
  "JungleTorch": "Jungle Torch",
  "PalmWallOrnament": "Palm Wall Ornament",
  "TropicalChair": "Tropical Chair",
  "AquaticSanctuary": "Aquatic Sanctuary",
  "ModernFishTank": "Modern Fish Tank",
  "WildDoubleBed": "Wild Double Bed",
  "FisherDoubleBed": "Fisher Double Bed",
  "BirchDoubleBed": "Birch Double Bed",
  "ExoticDoubleBed": "Exotic Double Bed",
  "Lifesaver": "Lifesaver",
  "FoliagePrint": "Foliage Print",
  "Boat": "'Boat'",
  "Vista": "'Vista'",
  "WallBasket": "Wall Basket",
  "DecorativeTrashCan": "Decorative Trash Can",
  "IridiumKrobus": "Iridium Krobus",
  "GourmandStatue": "Gourmand Statue",
  "PyramidDecal": "Pyramid Decal",
  "PlainTorch": "Plain Torch",
  "StumpTorch": "Stump Torch",
  "WallFlower": "Wall Flower",
  "SWallFlower": "S. Wall Flower",
  "CloudsBanner": "Clouds Banner",
  "ColorfulSet": "Colorful Set",
  "PastelBanner": "Pastel Banner",
  "WinterBanner": "Winter Banner",
  "MoonlightJelliesBanner": "Moonlight Jellies Banner",
  "JungleDecal": "Jungle Decal",
  "StarportDecal": "Starport Decal",
  "DecorativePitchfork": "Decorative Pitchfork",
  "WoodPanel": "Wood Panel",
  "DecorativeAxe": "Decorative Axe",
  "LogPanel": "Log Panel",
  "CeilingLeaves": "Ceiling Leaves",
  "CloudDecal": "Cloud Decal",
  "FloorDividerR": "Floor Divider R",
  "FloorDividerL": "Floor Divider L",
  "LightGreenRug": "Light Green Rug",
  "JadeHillsExtended": "'Jade Hills Extended'",
  "LargeBrownCouch": "Large Brown Couch",
  "LargeGreenRug": "Large Green Rug",
  "IcyRug": "Icy Rug",
  "OldWorldRug": "Old World Rug",
  "LargeRedRug": "Large Red Rug",
  "FrozenDreams": "'Frozen Dreams'",
  "IcyBanner": "Icy Banner",
  "WallPalm": "Wall Palm",
  "WallCactus": "Wall Cactus",
  "LargeCottageRug": "Large Cottage Rug",
  "Physics101": "'Physics 101'",
  "WallSconce": "Wall Sconce",
  "BlossomRug": "Blossom Rug",
  "FunkyRug": "Funky Rug",
  "ModernRug": "Modern Rug",
  "SquirrelFigurine": "Squirrel Figurine",
  "Cactus": "Cactus",
  "HangingFish": "Hanging Fish",
  "RetroTV": "Retro TV",
  "ArtPhoto": "Art Photo",
  "ArtPhoto2": "Art Photo 2",
  "ShortBookcase": "Short Bookcase",
  "PierresSign": "Pierre's Sign",
  "SamsSkateboard": "Sam's Skateboard",
  "ChickenDecal": "Chicken Decal",
  "ExoticPalace": "Exotic Palace",
  "PeriodicTable": "Periodic Table",
  "DustySkull": "Dusty Skull",
  "RadioDesk": "Radio Desk",
  "ModelPlanes": "Model Planes",
  "CalicoStatue": "Calico Statue",
  "SunDunes": "Sun Dunes",
  "DesertTable": "Desert Table",
  "DesertChair": "Desert Chair",
  "DesertFireplace": "Desert Fireplace",
  "SandyRug": "Sandy Rug",
  "DesertRug": "Desert Rug",
  "DesertEndTable": "Desert End Table",
  "DesertFlags": "Desert Flags",
  "DecorativeBarrel": "Decorative Barrel",
  "MountedTrout": "Mounted Trout",
  "SquidKid": "'Squid Kid'",
  "CowDecal": "Cow Decal",
  "BluePinstripeBed": "Blue Pinstripe Bed",
  "JungleTank": "Jungle Tank",
  "CCFishTank": "CCFishTank",
  "BluePinstripeDoubleBed": "Blue Pinstripe Double Bed",
  "JojaBed": "Joja Bed",
  "JojaVault": "Joja Vault",
  "JojaChair": "Joja Chair",
  "J": "J",
  "JojaColaTeaTable": "Joja Cola Tea Table",
  "JojaTable": "Joja Table",
  "JPainting": "J. Painting",
  "JLight": "J. Light",
  "JojaCatalogue": "Joja Furniture Catalogue",
  "JojaColaPainting": "Joja Cola Painting",
  "JojaColaOrnament": "Joja Cola Ornament",
  "JojaFireplace": "Joja Fireplace",
  "JojaColaCans": "Joja Cola Cans",
  "CashRegister": "Cash Register",
  "PlasticPlant": "Plastic Plant",
  "PlasticSapling": "Plastic Sapling",
  "GrayJojaCushion": "Gray Joja Cushion",
  "JojaCushion": "Joja Cushion",
  "StackedJojaBoxes": "Stacked Joja Boxes",
  "JojaCouch": "Joja Couch",
  "MorrisPortrait": "Manager of the Year",
  "JojaHQPainting": "Joja HQ Painting",
  "JojaCrate": "Joja Crate",
  "JojaShoppingCart": "Joja Shopping Cart",
  "LargeJojaCrate": "Large Joja Crate",
  "JojaColaFridge": "Joja Cola Fridge",
  "JojaDresser": "Joja Dresser",
  "GrayJojaDresser": "Gray Joja Dresser",
  "LargeJojaRug": "Large Joja Rug",
  "SmallJojaRug": "Small Joja Rug",
  "SquareJojaRug": "Square Joja Rug",
  "JojaRug": "Joja Rug",
  "JojaCoffeeTable": "Joja Coffee Table",
  "GrayJojaCoffeeTable": "Gray Joja Coffee Table",
  "JojaLamp": "Joja Lamp",
  "GrayJojaBookcase": "Gray Joja Bookcase",
  "JojaBookcase": "Joja Bookcase",
  "JojaStool": "Joja Stool",
  "JojaEndTable": "Joja End Table",
  "GrayJojaEndTable": "Gray Joja End Table",
  "DecorativeJojaDoor": "Decorative Joja Door",
  "WizardBed": "Wizard Bed",
  "LargeWizardBookcase": "Large Wizard Bookcase",
  "WizardBookcase": "Wizard Bookcase",
  "ShortWizardBookcase": "Short Wizard Bookcase",
  "SmallWizardBookcase": "Small Wizard Bookcase",
  "WizardStool": "Wizard Stool",
  "WizardFireplace": "Wizard Fireplace",
  "WizardDresser": "Wizard Dresser",
  "WizardStudy": "Wizard Study",
  "WizardEndTable": "Wizard End Table",
  "WitchBroom": "Witch's Broom",
  "Cauldron": "Cauldron",
  "CurlyTree": "Curly Tree",
  "LeafyPlant": "Swamp Plant",
  "WizardChair": "Wizard Chair",
  "WizardTable": "Wizard Table",
  "WizardCushion": "Wizard Cushion",
  "DarkWizardCushion": "Dark Wizard Cushion",
  "WizardTeaTable": "Wizard Tea Table",
  "SmallElixirShelf": "Small Elixir Shelf",
  "ElixirShelf": "Elixir Shelf",
  "SmallStackedElixirShelf": "Small Stacked Elixir Shelf",
  "StackedElixirShelf": "Stacked Elixir Shelf",
  "ElixirBundle": "Elixir Bundle",
  "CoupleElixirs": "Two Elixirs",
  "ElixirTable": "Elixir Table",
  "LongElixirTable": "Long Elixir Table",
  "WizardLamp": "Wizard Lamp",
  "Runes": "'Runes'",
  "WizardTower": "'Wizard's Tower'",
  "PottedRedMushroom": "Potted Red Mushroom",
  "WizardCatalogue": "Wizard Catalogue",
  "VoidSwirls": "'Void Swirls'",
  "WizardBookshelf": "Wizard Bookshelf",
  "Glyph": "Glyph",
  "StoneFlooring": "Stone Flooring",
  "RuneRug": "Rune Rug",
  "SwirlRug": "Swirl Rug",
  "StarryMoonRug": "Starry Moon Rug",
  "CrystalBall": "Crystal Ball",
  "AmethystCrystalBall": "Amethyst Crystal Ball",
  "TopazCrystalBall": "Topaz Crystal Ball",
  "AquamarineCrystalBall": "Aquamarine Crystal Ball",
  "EmeraldCrystalBall": "Emerald Crystal Ball",
  "RubyCrystalBall": "Ruby Crystal Ball",
  "SmallBookStack": "Small Book Stack",
  "BookStack": "Book Stack",
  "LargeBookStack": "Large Book Stack",
  "PurpleBook": "Purple Book",
  "BlueBook": "Blue Book",
  "YellowBook": "Yellow Book",
  "RedBook": "Red Book",
  "GreenBook": "Green Book",
  "BrownBook": "Brown Book",
  "FallenPurpleBook": "Fallen Purple Book",
  "FallenBlueBook": "Fallen Blue Book",
  "FallenYellowBook": "Fallen Yellow Book",
  "FallenRedBook": "Fallen Red Book",
  "FallenGreenBook": "Fallen Green Book",
  "FallenBrownBook": "Fallen Brown Book",
  "SmallBookPile": "Small Book Pile",
  "BookPile": "Book Pile",
  "LargeBookPile": "Large Book Pile",
  "DecorativeWizardDoor": "Decorative Wizard Door",
  "JunimoBed": "Junimo Bed",
  "JunimoHut": "Junimo Hut",
  "LargeJunimoHut": "Large Junimo Hut",
  "SmallJunimoHut": "Small Junimo Hut",
  "JunimoFireplace": "Junimo Fireplace",
  "JunimoBookcase": "Junimo Bookcase",
  "JunimoPot": "Junimo Pot",
  "JunimoBag": "Junimo Bag",
  "JunimoBundle": "Junimo Bundle",
  "JunimoStool": "Junimo Stool",
  "JunimoTable": "Junimo Table",
  "JunimoChair": "Junimo Chair",
  "SmallJunimoPot": "Small Junimo Pot",
  "JunimoFlower": "Junimo Flower",
  "JunimoEndTable": "Junimo End Table",
  "JunimoCatalogue": "Junimo Catalogue",
  "JunimoTeaTable": "Junimo Tea Table",
  "JunimoDresser": "Junimo Dresser",
  "JunimoLamp": "Junimo Lamp",
  "JunimoPlant": "Junimo Plant",
  "JunimoWallPlaque": "Junimo Wall Plaque",
  "JunimoPlaque": "Junimo Plaque",
  "JunimoCushion": "Junimo Cushion",
  "DarkJunimoCushion": "Dark Junimo Cushion",
  "JunimoTree": "Junimo Tree",
  "JunimoCouch": "Junimo Couch",
  "GreenSleepingJunimo": "Green Sleeping Junimo",
  "BlueSleepingJunimo": "Blue Sleeping Junimo",
  "RedSleepingJunimo": "Red Sleeping Junimo",
  "PurpleSleepingJunimo": "Purple Sleeping Junimo",
  "YellowSleepingJunimo": "Yellow Sleeping Junimo",
  "OrangeSleepingJunimo": "Orange Sleeping Junimo",
  "GraySleepingJunimo": "Gray Sleeping Junimo",
  "SquareJunimoRug": "Square Junimo Rug",
  "JunimoRug": "Junimo Rug",
  "JunimoMat": "Junimo Mat",
  "CircularJunimoRug": "Circular Junimo Rug",
  "SmallJunimoMat": "Small Junimo Mat",
  "CommunityCenter": "'Community Center'",
  "LittleBuddies": "'Little Buddies'",
  "Stardrop": "'Stardrop'",
  "Hut": "'Hut'",
  "AbigailPortrait": "Abigail Portrait",
  "EmilyPortrait": "Emily Portrait",
  "HaleyPortrait": "Haley Portrait",
  "LeahPortrait": "Leah Portrait",
  "MaruPortrait": "Maru Portrait",
  "PennyPortrait": "Penny Portrait",
  "AlexPortrait": "Alex Portrait",
  "ElliottPortrait": "Elliott Portrait",
  "HarveyPortrait": "Harvey Portrait",
  "SamPortrait": "Sam Portrait",
  "SebastianPortrait": "Sebastian Portrait",
  "ShanePortrait": "Shane Portrait",
  "JunimoStar": "Junimo Star",
  "BulletinBoard": "Bulletin Board",
  "BrochureCabinet": "Brochure Cabinet",
  "LeafyWallPanel": "Leafy Wall Panel",
  "LightLeafyWallPanel": "Light Leafy Wall Panel",
  "DarkLeafyWallPanel": "Dark Leafy Wall Panel",
  "DecorativeJunimoDoor": "Decorative Junimo Door",
  "RetroBed": "Retro Bed",
  "RetroDresser": "Retro Dresser",
  "RetroBookcase": "Retro Bookcase",
  "RetroFireplace": "Retro Fireplace",
  "RetroCouch": "Retro Couch",
  "RetroCushion": "Retro Cushion",
  "DarkRetroCushion": "Dark Retro Cushion",
  "RetroStool": "Retro Stool",
  "RetroFlower": "Retro Flower",
  "RetroChair": "Retro Chair",
  "RetroTable": "Retro Table",
  "RetroPlant": "Retro Plant",
  "RetroEndTable": "Retro End Table",
  "RetroTeaTable": "Retro Tea Table",
  "RetroCatalogue": "Retro Catalogue",
  "RetroCabinet": "Retro Cabinet",
  "RetroRadio": "Retro Radio",
  "RetroBanner": "Retro Banner",
  "Groovy": "'Groovy'",
  "RetroLamp": "Retro Lamp",
  "RetroRug": "Retro Rug",
  "RetroSquareRug": "Retro Square Rug",
  "RetroMat": "Retro Mat",
  "LargeRetroRug": "Large Retro Rug",
  "Abstract": "'Abstract'",
  "Starship": "'Starship'",
  "Binary": "'Binary'",
  "Checkers": "'Checkers'",
  "UFO": "'UFO'",
  "DecorativeRetroDoor": "Decorative Retro Door",
  "DecorativeDoor1": "Decorative Door",
  "DecorativeDoor2": "Decorative Door",
  "DecorativeDoor3": "Decorative Door",
  "DecorativeDoor4": "Decorative Door",
  "DecorativeDoor5": "Decorative Door",
  "DecorativeDoor6": "Decorative Door",
  "WallClock": "Wall Clock",
  "DecorativeHatch": "Decorative Hatch",
  "DecorativeOakLadder": "Decorative Oak Ladder",
  "DecorativeWalnutLadder": "Decorative Walnut Ladder",
  "UprightPiano": "Upright Piano",
  "CoatStand": "Coat Stand",
  "BirdHouse": "Bird House",
  "DecorativeShovel": "Decorative Shovel",
  "WallSword": "Wall Sword",
  "DecorativeSword": "Decorative Sword",
  "WineTable": "Wine Table",
  "SpiritsTable": "Spirits Table",
  "TallHousePlant": "Tall House Plant",
  "CornPlant": "Corn Plant",
  "BlueCushion": "Blue Cushion",
  "YellowCushion": "Yellow Cushion",
  "GreenCushion": "Green Cushion",
  "RedCushion": "Red Cushion",
  "BrownCushion": "Brown Cushion",
  "BlackCushion": "Black Cushion",
  "FoodPetBowl": "Food Pet Bowl",
  "WaterPetBowl": "Water Pet Bowl",
  "OakLampEndTable": "Oak Lamp End Table",
  "WalnutLampEndTable": "Walnut Lamp End Table",
  "BirchLampEndTable": "Birch Lamp End Table",
  "MahoganyLampEndTable": "Mahogany Lamp End Table",
  "TriangleWindow": "Triangle Window",
  "Clothesline": "Clothesline",
  "TrashCatalogue": "Trash Catalogue",
  "ElegantVase": "Elegant Vase",
  "CatTree": "Cat Tree",
  "DarkCatTree": "Dark Cat Tree",
  "LightSwitch": "Light Switch",
  "Outlet": "Outlet",
  "Doghouse": "Doghouse",
  "DarkDoghouse": "Dark Doghouse",
  "BountifulDiningTable": "Bountiful Dining Table",
  "PlasticLawnEndTable": "Plastic Lawn End Table",
  "PlasticLawnChair": "Plastic Lawn Chair",
  "BrokenTelevision": "Broken Television",
  "SixPackRings": "Six-Pack Rings",
  "GreenBottle": "Green Bottle",
  "PlasticBag": "Plastic Bag",
  "AluminumCan": "Aluminum Can",
  "BlueBottle": "Blue Bottle",
  "BuriedTire": "Buried Tire",
  "Tire": "Tire",
  "Wrapper": "Wrapper",
  "SpilledBeverage": "Spilled Beverage",
  "MessyShirt": "Messy Shirt",
  "MessyShorts": "Messy Shorts",
  "MoldyCouch": "Moldy Couch",
  "FancyHousePlant": "Fancy House Plant",
  "PigPainting": "Pig Painting",
  "MidnightBed": "Midnight Beach Bed",
  "MidnightDoubleBed": "Midnight Beach Double Bed"
}