{
  "RandomNegativeItemNoun": "garbage#trash#junk#slop#crap",
  "RandomPositiveAdjective_Child": "cool#fun#neat#nice#nifty#super#great",
  "RandomPositiveAdjective_AdultMale": "interesting#exciting#neat#fun#great#terrific",
  "RandomPositiveAdjective_AdultFemale": "wonderful#amazing#heart-warming#magical#incredible#lovely#exhilarating#delightful",
  "RandomPositiveAdjective_PlaceOrEvent": "wonderful#amazing#heart-warming#magical#incredible#lovely#exhilarating#delightful",
  "RandomDeliciousAdjective": "delicious#tasty#wonderful#satisfying#filling#scrumptious#appetizing#delightful",
  "RandomDeliciousAdjective_Child": "yummy",
  "RandomNegativeFoodAdjective_Child": "gross",
  "RandomNegativeFoodAdjective_Polite": "...interesting#...unusual#...different#...unconventional",
  "RandomNegativeFoodAdjective": "nasty#gross#disgusting#despicable#revolting#sickening#awful#repulsive#nauseating#foul#horrendous#putrid",
  "RandomSlightlyPositiveFoodAdjective": "decent#good#edible",
  "ChildTerm_Male": "boy",
  "ChildTerm_Female": "girl",
  "Pronoun_Male": "him",
  "Pronoun_Female": "her",
  "QuestionDialogue_Yes": "Yes",
  "QuestionDialogue_No": "No",
  "GenericPlayerTerm": "farmer",
  "Possessive_Pronoun_Male": "his",
  "Possessive_Pronoun_Female": "her"
}