{
  "AppleSlices_Name": "Apple Slices",
  "AppleSlices_Description": "Crunchy and sweet little slices.",
  "BlackLicorice_Name": "Black Licorice",
  "BlackLicorice_Description": "A chewy candy with an intense, pungent flavor.",
  "CappuccinoMousseCake_Name": "Cappuccino Mousse Cake",
  "CappuccinoMousseCake_Description": "A small chocolate cake glazed with a cappuccino mousse.",
  "ChocolatePopcorn_Name": "Chocolate Popcorn",
  "ChocolatePopcorn_Description": "It's normal popcorn... but with a chocolate coating.",
  "CottonCandy_Name": "Cotton Candy",
  "CottonCandy_Description": "A large pink cloud of spun sugar.",
  "Fries_Name": "Fries",
  "Fries_Description": "Thin slices of potato, deep fried and then lightly salted.",
  "HummusSnackPack_Name": "Hummus Snack Pack",
  "HummusSnackPack_Description": "It's crunchy and healthy.",
  "IceCreamSandwich_Name": "Ice Cream Sandwich",
  "IceCreamSandwich_Description": "Vanilla ice cream sandwiched between two chocolate cookies.",
  "JasmineTea_Name": "Jasmine Tea",
  "JasmineTea_Description": "Green tea flavored with aromatic jasmine flowers.",
  "Jawbreaker_Name": "Jawbreaker",
  "Jawbreaker_Description": "It's a big, hard candy that lasts the whole movie!",
  "JojaCola_Name": "Joja Cola",
  "JojaCola_Description": "An extra-large cup of Joja's flagship soda.",
  "JojaCorn_Name": "JojaCorn",
  "JojaCorn_Description": "Joja's patented corn food, slathered in plenty of \"b'utter sauce\".",
  "KaleSmoothie_Name": "Kale Smoothie",
  "KaleSmoothie_Description": "It's loaded with vitamins and fiber.",
  "Nachos_Name": "Nachos",
  "Nachos_Description": "Gooey, spicy cheese on top of freshly fried tortilla chips.",
  "PanzanellaSalad_Name": "Panzanella Salad",
  "PanzanellaSalad_Description": "A summer salad of bread and tomatoes.",
  "PersonalPizza_Name": "Personal Pizza",
  "PersonalPizza_Description": "A pizza small enough to enjoy as a snack.",
  "Popcorn_Name": "Popcorn",
  "Popcorn_Description": "Popped kernels of corn, dusted lightly with salt and drizzled with butter.",
  "RockCandy_Name": "Rock Candy",
  "RockCandy_Description": "Flavored sugar crystals attached to a convenient stick.",
  "SalmonBurger_Name": "Salmon Burger",
  "SalmonBurger_Description": "A thick slab of salmon on a lightly toasted sesame seed bun.",
  "SaltedPeanuts_Name": "Salted Peanuts",
  "SaltedPeanuts_Description": "A classic salty treat.",
  "SourSlimes_Name": "Sour Slimes",
  "SourSlimes_Description": "Tiny gummy slimes of assorted colors. They're sprinkled with an extremely sour powder.",
  "StarCookie_Name": "Star Cookie",
  "StarCookie_Description": "A star-shaped shortbread cookie with rainbow sprinkles.",
  "StardropSorbet_Name": "Stardrop Sorbet",
  "StardropSorbet_Description": "A single drop of stardrop essence transforms this sorbet into an extraordinary treat.",
  "TrufflePopcorn_Name": "Truffle Popcorn",
  "TrufflePopcorn_Description": "Heirloom popcorn sprinkled with truffle salt."
}