{
  "Abigail": "Abigail",
  "Alex": "Alex",
  "Bear": "Bear",
  "Birdie": "Birdie",
  "Bouncer": "Bouncer",
  "Caroline": "Caroline",
  "Clint": "Clint",
  "Demetrius": "Demetrius",
  "Dwarf": "Dwarf",
  "Elliott": "Elliott",
  "Emily": "Emily",
  "Evelyn": "Evelyn",
  "George": "George",
  "Gil": "Gil",
  "Governor": "Governor",
  "Grandpa": "Grandpa",
  "Gunther": "Gunther",
  "Gus": "Gus",
  "Haley": "Haley",
  "Harvey": "Harvey",
  "Henchman": "Henchman",
  "Jas": "Jas",
  "Jodi": "Jodi",
  "Kent": "Kent",
  "Krobus": "Krobus",
  "Leah": "Leah",
  "Leo": "Leo",
  "Lewis": "Lewis",
  "Linus": "Linus",
  "Marlon": "Marlon",
  "Marnie": "Marnie",
  "Maru": "Maru",
  "MisterQi": "Mister Qi",
  "Morris": "Morris",
  "OldMariner": "Old Mariner",
  "Pam": "Pam",
  "Penny": "Penny",
  "Pierre": "Pierre",
  "ProfessorSnail": "Professor Snail",
  "Robin": "Robin",
  "Sam": "Sam",
  "Sandy": "Sandy",
  "Sebastian": "Sebastian",
  "Shane": "Shane",
  "Vincent": "Vincent",
  "Welwick": "Welwick",
  "Willy": "Willy",
  "Wizard": "Wizard"
}