{
  "AncientFruitPot": "Her roots grow very deep... she wouldn't be happy in there.",
  "CactusSeedsOutside": "Must be planted indoors or on Ginger Island.",
  "CaskNoCellar": "Only works in Cellar.",
  "DarkTalisman": "Dark Talisman",
  "MagicInk": "Magic Ink",
  "MagnifyingGlass": "Magnifying Glass",
  "BearPaw": "Bear's Knowledge",
  "SpringOnionBugs": "Spring Onion Mastery",
  "SpecialCharm": "Special Charm",
  "CatalogueDescription": "Provides unlimited access to all wallpapers and floors... from the convenience of your home!",
  "FurnitureCatalogueDescription": "Provides unlimited access to almost every furniture item... from the convenience of your home!",
  "DarkTalismanDescription": "You've found the {0}! It's covered in bug slime...",
  "MagicInkDescription": "You've found the Wizard's lost {0}! Better return it to him.",
  "MagnifyingGlassDescription": "You received the {0}! You now have the ability to find 'Secret Notes'. These notes reveal rare and useful information, and can be reviewed in your collections tab.",
  "SpecialCharmDescription": "You received the {0}! You feel an aura of good fortune surrounding you (luck is permanently increased)!",
  "ParsnipSeedPackage_SomeoneElse": "This package belongs to someone else.",
  "CraftingRecipe_IronBar": "Transmute (Fe)",
  "CraftingRecipe_GoldBar": "Transmute (Au)",
  "CraftingRecipe_SpringSeeds": "Wild Seeds (Sp)",
  "CraftingRecipe_SummerSeeds": "Wild Seeds (Su)",
  "CraftingRecipe_FallSeeds": "Wild Seeds (Fa)",
  "CraftingRecipe_WinterSeeds": "Wild Seeds (Wi)",
  "Acorn_Name": "Acorn",
  "Acorn_Description": "This can be planted to grow an oak tree.",
  "AdvancedTVRemote_Name": "Advanced TV Remote",
  "AdvancedTVRemote_Description": "It has more buttons than a regular remote. Perfect for the avid TV watcher!",
  "Aerinite_Name": "Aerinite",
  "Aerinite_Description": "These crystals are curiously light.",
  "AgedRoe_Name": "Aged Roe",
  "AgedRoe_Description": "Fish eggs aged in salt to bring out the flavor.",
  "Alamite_Name": "Alamite",
  "Alamite_Description": "Its distinctive fluorescence makes it a favorite among rock collectors.",
  "Albacore_Name": "Albacore",
  "Albacore_Description": "Prefers temperature \"edges\" where cool and warm water meet.",
  "AlgaeSoup_Name": "Algae Soup",
  "AlgaeSoup_Description": "It's a little slimy.",
  "Amaranth_Name": "Amaranth",
  "Amaranth_Description": "A purple grain cultivated by an ancient civilization.",
  "AmaranthSeeds_Name": "Amaranth Seeds",
  "AmaranthSeeds_Description": "Plant these in the fall. Takes 7 days to grow. Harvest with the scythe.",
  "Amethyst_Name": "Amethyst",
  "Amethyst_Description": "A purple variant of quartz.",
  "AmethystRing_Name": "Amethyst Ring",
  "AmethystRing_Description": "Increases knockback by 10%.",
  "AmethystStone_Name": "Amethyst Stone",
  "AmethystStone_Description": "Break apart to obtain amethysts.",
  "AmphibianFossil_Name": "Amphibian Fossil",
  "AmphibianFossil_Description": "The relatively short hind legs suggest some kind of primordial toad.",
  "Anchor_Name": "Anchor",
  "Anchor_Description": "It may have belonged to ancient pirates.",
  "Anchovy_Name": "Anchovy",
  "Anchovy_Description": "A small silver fish found in the ocean.",
  "AncientDoll_Name": "Ancient Doll",
  "AncientDoll_Description": "An ancient doll covered in grime. This doll may have been used as a toy, a decoration, or a prop in some kind of ritual.",
  "AncientDrum_Name": "Ancient Drum",
  "AncientDrum_Description": "It's a drum made from wood and animal skin. It has a low, reverberating tone.",
  "AncientFruit_Name": "Ancient Fruit",
  "AncientFruit_Description": "It's been dormant for eons.",
  "AncientSeed_Name": "Ancient Seed",
  "AncientSeed_Description": "It's a dry old seed from some ancient plant. By all appearances it's long since dead...",
  "AncientSeeds_Name": "Ancient Seeds",
  "AncientSeeds_Description": "Could these still grow?",
  "AncientSword_Name": "Ancient Sword",
  "AncientSword_Description": "It's the remains of an ancient sword. Most of the blade has turned to rust, but the hilt is very finely crafted.",
  "Angler_Name": "Angler",
  "Angler_Description": "Uses a bioluminescent dangler to attract prey.",
  "Apple_Name": "Apple",
  "Apple_Description": "A crisp fruit used for juice and cider.",
  "AppleSapling_Name": "Apple Sapling",
  "AppleSapling_Description": "Takes 28 days to produce a mature Apple tree. Bears fruit in the fall. Only grows if the 8 surrounding \"tiles\" are empty.",
  "Apricot_Name": "Apricot",
  "Apricot_Description": "A tender little fruit with a rock-hard pit.",
  "ApricotSapling_Name": "Apricot Sapling",
  "ApricotSapling_Description": "Takes 28 days to produce a mature Apricot tree. Bears fruit in the spring. Only grows if the 8 surrounding \"tiles\" are empty.",
  "Aquamarine_Name": "Aquamarine",
  "Aquamarine_Description": "A shimmery blue-green gem.",
  "AquamarineRing_Name": "Aquamarine Ring",
  "AquamarineRing_Description": "Increases critical strike chance by 10%.",
  "AquamarineStone_Name": "Aquamarine Stone",
  "AquamarineStone_Description": "Break apart to obtain aquamarines.",
  "ArcticShard_Name": "Arctic Shard",
  "ArcticShard_Description": "This shard glows with an otherworldly blue light.",
  "Arrowhead_Name": "Arrowhead",
  "Arrowhead_Description": "A crudely fashioned point used for hunting.",
  "Artichoke_Name": "Artichoke",
  "Artichoke_Description": "The bud of a thistle plant. The spiny outer leaves conceal a fleshy, filling interior.",
  "ArtichokeDip_Name": "Artichoke Dip",
  "ArtichokeDip_Description": "It's cool and refreshing.",
  "ArtichokeSeeds_Name": "Artichoke Seeds",
  "ArtichokeSeeds_Description": "Plant these in the fall. Takes 8 days to mature.",
  "ArtifactSpot_Name": "Artifact Spot",
  "ArtifactSpot_Description": "How did you get this in your inventory?",
  "ArtifactTrove_Name": "Artifact Trove",
  "ArtifactTrove_Description": "A blacksmith can open this for you. These troves often contain ancient relics and curiosities.",
  "AutumnsBounty_Name": "Autumn's Bounty",
  "AutumnsBounty_Description": "A taste of the season.",
  "Bait_Name": "Bait",
  "Bait_Description": "Causes fish to bite faster. Must first be attached to a fishing rod.",
  "BakedFish_Name": "Baked Fish",
  "BakedFish_Description": "Baked fish on a bed of herbs.",
  "Banana_Name": "Banana",
  "Banana_Description": "A sweet, starchy tropical fruit.",
  "BananaPudding_Name": "Banana Pudding",
  "BananaPudding_Description": "A creamy dessert with a wonderful tropical flavor.",
  "BananaSapling_Name": "Banana Sapling",
  "BananaSapling_Description": "Takes 28 days to produce a mature Banana tree. Bears fruit in the summer, or all year round when planted on Ginger Island.",
  "BarbedHook_Name": "Barbed Hook",
  "BarbedHook_Description": "Makes your catch more secure, causing the \"fishing bar\" to cling to your catch. Works best on slow, weak fish.",
  "Baryte_Name": "Baryte",
  "Baryte_Description": "The best specimens resemble a desert rose.",
  "Basalt_Name": "Basalt",
  "Basalt_Description": "Forms near searing hot magma.",
  "BasicFertilizer_Name": "Basic Fertilizer",
  "BasicFertilizer_Description": "Improves soil quality a little, increasing your chance to grow quality crops. Mix into tilled soil.",
  "BasicRetainingSoil_Name": "Basic Retaining Soil",
  "BasicRetainingSoil_Description": "This soil has a chance of staying watered overnight. Mix into tilled soil.",
  "BatteryPack_Name": "Battery Pack",
  "BatteryPack_Description": "It's fully charged with precious energy.",
  "BatWing_Name": "Bat Wing",
  "BatWing_Description": "The material is surprisingly delicate.",
  "BeanHotpot_Name": "Bean Hotpot",
  "BeanHotpot_Description": "It sure is healthy.",
  "BeanStarter_Name": "Bean Starter",
  "BeanStarter_Description": "Plant these in the spring. Takes 10 days to mature, but keeps producing after that. Grows on a trellis.",
  "Beer_Name": "Beer",
  "Beer_Description": "Drink in moderation.",
  "Beet_Name": "Beet",
  "Beet_Description": "A sweet and earthy root vegetable. As a bonus, the leaves make a great salad.",
  "BeetSeeds_Name": "Beet Seeds",
  "BeetSeeds_Description": "Plant these in the fall. Takes 6 days to mature.",
  "BerryBasket_Name": "Berry Basket",
  "BerryBasket_Description": "The fibers are stained with berry juice.",
  "Bixite_Name": "Bixite",
  "Bixite_Description": "A dark metallic Mineral sought after for its cubic structure.",
  "Blackberry_Name": "Blackberry",
  "Blackberry_Description": "An early-fall treat.",
  "BlackberryCobbler_Name": "Blackberry Cobbler",
  "BlackberryCobbler_Description": "There's nothing quite like it.",
  "Blobfish_Name": "Blobfish",
  "Blobfish_Description": "This odd creature floats above the ocean floor, consuming any edible material in its path.",
  "Blueberry_Name": "Blueberry",
  "Blueberry_Description": "A popular berry reported to have many health benefits. The blue skin has the highest nutrient concentration.",
  "BlueberrySeeds_Name": "Blueberry Seeds",
  "BlueberrySeeds_Description": "Plant these in the summer. Takes 13 days to mature, and continues to produce after first harvest.",
  "BlueberryTart_Name": "Blueberry Tart",
  "BlueberryTart_Description": "It's subtle and refreshing.",
  "BlueDiscus_Name": "Blue Discus",
  "BlueDiscus_Description": "A brightly colored tropical fish that is popular in aquariums.",
  "BlueJazz_Name": "Blue Jazz",
  "BlueJazz_Description": "The flower grows in a sphere to invite as many butterflies as possible.",
  "BlueSlimeEgg_Name": "Blue Slime Egg",
  "BlueSlimeEgg_Description": "Can be hatched in a slime incubator.",
  "BokChoy_Name": "Bok Choy",
  "BokChoy_Description": "The leafy greens and fibrous stalks are healthy and delicious.",
  "BokChoySeeds_Name": "Bok Choy Seeds",
  "BokChoySeeds_Description": "Plant these in the fall. Takes 4 days to mature.",
  "Bomb_Name": "Bomb",
  "Bomb_Description": "Generates an explosion. Watch out!",
  "BoneFlute_Name": "Bone Flute",
  "BoneFlute_Description": "It's a prehistoric wind instrument carved from an animal's bone. It produces an eerie tone.",
  "BoneFragment_Name": "Bone Fragment",
  "BoneFragment_Description": "A small piece of bone.",
  "Bouquet_Name": "Bouquet",
  "Bouquet_Description": "A gift that shows your romantic interest.",
  "Bread_Name": "Bread",
  "Bread_Description": "A crusty baguette.",
  "Bream_Name": "Bream",
  "Bream_Description": "A fairly common river fish that becomes active at night.",
  "BrickFloor_Name": "Brick Floor",
  "BrickFloor_Description": "Place on the ground to create paths or to decorate your floors.",
  "BrokenCD_Name": "Broken CD",
  "BrokenCD_Description": "It's a JojaNet 2.0 trial CD. They must've made a billion of these things.",
  "BrokenGlasses_Name": "Broken Glasses",
  "BrokenGlasses_Description": "It looks like someone lost their glasses. They're busted.",
  "BrownEgg_Name": "Egg",
  "BrownEgg_Description": "A regular brown chicken egg.",
  "Bruschetta_Name": "Bruschetta",
  "Bruschetta_Description": "Roasted tomatoes on a crisp white bread.",
  "BugMeat_Name": "Bug Meat",
  "BugMeat_Description": "It's a juicy wad of bug flesh.",
  "BugSteak_Name": "Bug Steak",
  "BugSteak_Description": "The last resort of the hungry cave diver.",
  "Bullhead_Name": "Bullhead",
  "Bullhead_Description": "A relative of the catfish that eats a variety of foods off the lake bottom.",
  "BurglarsRing_Name": "Burglar's Ring",
  "BurglarsRing_Description": "Monsters have a greater chance of dropping loot.",
  "CactusFruit_Name": "Cactus Fruit",
  "CactusFruit_Description": "The sweet fruit of the prickly pear cactus.",
  "CactusSeeds_Name": "Cactus Seeds",
  "CactusSeeds_Description": "Can only be grown indoors. Takes 12 days to mature, and then produces fruit every 3 days.",
  "Calcite_Name": "Calcite",
  "Calcite_Description": "This yellow crystal is speckled with shimmering nodules.",
  "CampingStove_Name": "Camping Stove",
  "CampingStove_Description": "This allows you to cook anywhere, and is not consumed on use.",
  "Carp_Name": "Carp",
  "Carp_Description": "A common pond fish.",
  "CarpSurprise_Name": "Carp Surprise",
  "CarpSurprise_Description": "It's bland and oily.",
  "Catfish_Name": "Catfish",
  "Catfish_Description": "An uncommon fish found in streams.",
  "Cauliflower_Name": "Cauliflower",
  "Cauliflower_Description": "Valuable, but slow-growing. Despite its pale color, the florets are packed with nutrients.",
  "CauliflowerSeeds_Name": "Cauliflower Seeds",
  "CauliflowerSeeds_Description": "Plant these in the spring. Takes 12 days to produce a large cauliflower.",
  "CaveCarrot_Name": "Cave Carrot",
  "CaveCarrot_Description": "A starchy snack found in caves. It helps miners work longer.",
  "Caviar_Name": "Caviar",
  "Caviar_Description": "The cured roe of a sturgeon fish. Considered to be a luxurious delicacy!",
  "Celestine_Name": "Celestine",
  "Celestine_Description": "Some early life forms had bones made from this.",
  "Chanterelle_Name": "Chanterelle",
  "Chanterelle_Description": "A tasty mushroom with a fruity smell and slightly peppery flavor.",
  "Cheese_Name": "Cheese",
  "Cheese_Description": "It's your basic cheese.",
  "CheeseCauliflower_Name": "Cheese Cauliflower",
  "CheeseCauliflower_Description": "It smells great!",
  "Cherry_Name": "Cherry",
  "Cherry_Description": "It's popular, and ripens sooner than most other fruits.",
  "CherryBomb_Name": "Cherry Bomb",
  "CherryBomb_Description": "Generates a small explosion. Stand back!",
  "CherrySapling_Name": "Cherry Sapling",
  "CherrySapling_Description": "Takes 28 days to produce a mature Cherry tree. Bears fruit in the spring. Only grows if the 8 surrounding \"tiles\" are empty.",
  "ChewingStick_Name": "Chewing Stick",
  "ChewingStick_Description": "Ancient people chewed on these to keep their teeth clean.",
  "ChickenStatue_Name": "Chicken Statue",
  "ChickenStatue_Description": "It's a statue of a chicken on a bronze base. The ancient people of this area must have been very fond of chickens.",
  "ChippedAmphora_Name": "Chipped Amphora",
  "ChippedAmphora_Description": "An ancient vessel made of ceramic material. Used to transport both dry and wet goods.",
  "ChocolateCake_Name": "Chocolate Cake",
  "ChocolateCake_Description": "Rich and moist with a thick fudge icing.",
  "Chowder_Name": "Chowder",
  "Chowder_Description": "A perfect way to warm yourself after a cold night at sea.",
  "Chub_Name": "Chub",
  "Chub_Description": "A common freshwater fish known for its voracious appetite.",
  "CinderShard_Name": "Cinder Shard",
  "CinderShard_Description": "You can feel a warm glow from within this stone.",
  "CinderShardStone_Name": "Cinder Shard Stone",
  "CinderShardStone_Description": "Break apart to obtain cinder shards.",
  "Clam_Name": "Clam",
  "Clam_Description": "There's a chewy little guy in there...",
  "Clay_Name": "Clay",
  "Clay_Description": "Used in crafting and construction.",
  "ClayStone_Name": "Clay Stone",
  "ClayStone_Description": "Break apart to obtain clay.",
  "Cloth_Name": "Cloth",
  "Cloth_Description": "A bolt of fine wool cloth.",
  "Coal_Name": "Coal",
  "Coal_Description": "A combustible rock that is useful for crafting and smelting.",
  "CobblestonePath_Name": "Cobblestone Path",
  "CobblestonePath_Description": "Place on the ground to create paths or to spruce up your floors.",
  "Cockle_Name": "Cockle",
  "Cockle_Description": "A common saltwater clam.",
  "Coconut_Name": "Coconut",
  "Coconut_Description": "A seed of the coconut palm. It has many culinary uses.",
  "Coffee_Name": "Coffee",
  "Coffee_Description": "It smells delicious. This is sure to give you a boost.",
  "CoffeeBean_Name": "Coffee Bean",
  "CoffeeBean_Description": "Plant in spring or summer to grow a coffee plant. Place five beans in a keg to make coffee.",
  "Coleslaw_Name": "Coleslaw",
  "Coleslaw_Description": "It's light, fresh and very healthy.",
  "CombinedRing_Name": "Combined Ring",
  "CombinedRing_Description": "...",
  "CommonMushroom_Name": "Common Mushroom",
  "CommonMushroom_Description": "Slightly nutty, with good texture.",
  "CompleteBreakfast_Name": "Complete Breakfast",
  "CompleteBreakfast_Description": "You'll feel ready to take on the world!",
  "ConcernedApeMask_Name": "???",
  "ConcernedApeMask_Description": "???",
  "Cookie_Name": "Cookies",
  "Cookie_Description": "Very chewy.",
  "CookoutKit_Name": "Cookout Kit",
  "CookoutKit_Description": "Use this to create a cooking campfire, allowing you to cook on-the-go!",
  "CopperBar_Name": "Copper Bar",
  "CopperBar_Description": "A bar of pure copper.",
  "CopperOre_Name": "Copper Ore",
  "CopperOre_Description": "A common ore that can be smelted into bars.",
  "CopperStone_Name": "Copper Stone",
  "CopperStone_Description": "There's copper ore in this stone.",
  "Coral_Name": "Coral",
  "Coral_Description": "A colony of tiny creatures that clump together to form beautiful structures.",
  "CorkBobber_Name": "Cork Bobber",
  "CorkBobber_Description": "Slightly increases the size of your \"fishing bar\".",
  "Corn_Name": "Corn",
  "Corn_Description": "One of the most popular grains. The sweet, fresh cobs are a summer favorite.",
  "CornSeeds_Name": "Corn Seeds",
  "CornSeeds_Description": "Plant these in the summer or fall. Takes 14 days to mature, and continues to produce after first harvest.",
  "Crab_Name": "Crab",
  "Crab_Description": "A marine crustacean with two powerful pincers.",
  "CrabCakes_Name": "Crab Cakes",
  "CrabCakes_Description": "Crab, bread crumbs, and egg formed into patties then fried to a golden brown.",
  "CrabPot_Name": "Crab Pot",
  "CrabPot_Description": "Place it in the water, load it with bait, and check the next day to see if you've caught anything. Works in streams, lakes, and the ocean.",
  "CrabshellRing_Name": "Crabshell Ring",
  "CrabshellRing_Description": "The top of the ring is made from enchanted crab shell.",
  "Cranberries_Name": "Cranberries",
  "Cranberries_Description": "These tart red berries are a traditional winter food.",
  "CranberryCandy_Name": "Cranberry Candy",
  "CranberryCandy_Description": "It's sweet enough to mask the bitter fruit.",
  "CranberrySauce_Name": "Cranberry Sauce",
  "CranberrySauce_Description": "A festive treat.",
  "CranberrySeeds_Name": "Cranberry Seeds",
  "CranberrySeeds_Description": "Plant these in the fall. Takes 7 days to mature, and continues to produce after first harvest.",
  "Crayfish_Name": "Crayfish",
  "Crayfish_Description": "A small freshwater relative of the lobster.",
  "Crimsonfish_Name": "Crimsonfish",
  "Crimsonfish_Description": "Lives deep in the ocean but likes to lay its eggs in the warm summer water.",
  "CrispyBass_Name": "Crispy Bass",
  "CrispyBass_Description": "Wow, the breading is perfect.",
  "Crocus_Name": "Crocus",
  "Crocus_Description": "A flower that can bloom in the winter.",
  "CrystalFloor_Name": "Crystal Floor",
  "CrystalFloor_Description": "Place on the ground to create paths or to spruce up your floors.",
  "CrystalFruit_Name": "Crystal Fruit",
  "CrystalFruit_Description": "A delicate fruit that pops up from the snow.",
  "CrystalPath_Name": "Crystal Path",
  "CrystalPath_Description": "Place on the ground to create paths or to spruce up your floors.",
  "CuriosityLure_Name": "Curiosity Lure",
  "CuriosityLure_Description": "Increases your chance to catch rare fish.",
  "Daffodil_Name": "Daffodil",
  "Daffodil_Description": "A traditional spring flower that makes a nice gift.",
  "Dandelion_Name": "Dandelion",
  "Dandelion_Description": "Not the prettiest flower, but the leaves make a good salad.",
  "DecorativePot_Name": "Decorative Pot",
  "DecorativePot_Description": "A replica of an ancient pot.",
  "DeluxeFertilizer_Name": "Deluxe Fertilizer",
  "DeluxeFertilizer_Description": "Greatly improves soil quality, increasing your chance to grow quality crops. Mix into tilled soil.",
  "DeluxeRetainingSoil_Name": "Deluxe Retaining Soil",
  "DeluxeRetainingSoil_Description": "This soil has a 100% chance of staying watered overnight. Mix into tilled soil.",
  "DeluxeSpeedGro_Name": "Deluxe Speed-Gro",
  "DeluxeSpeedGro_Description": "Stimulates leaf production. Guaranteed to increase growth rate by at least 25%. Mix into tilled soil.",
  "Diamond_Name": "Diamond",
  "Diamond_Description": "A rare and valuable gem.",
  "DiamondStone_Name": "Diamond Stone",
  "DiamondStone_Description": "Break apart to obtain diamonds.",
  "DinosaurEgg_Name": "Dinosaur Egg",
  "DinosaurEgg_Description": "A giant dino egg... The entire shell is still intact!",
  "DinosaurMayonnaise_Name": "Dinosaur Mayonnaise",
  "DinosaurMayonnaise_Description": "It's thick and creamy, with a vivid green hue. It smells like grass and leather.",
  "DishOTheSea_Name": "Dish O' The Sea",
  "DishOTheSea_Description": "This'll keep you warm in the cold sea air.",
  "Dolomite_Name": "Dolomite",
  "Dolomite_Description": "It can occur in coral reefs, often near an underwater volcano.",
  "Dorado_Name": "Dorado",
  "Dorado_Description": "A fierce carnivore with brilliant orange scales.",
  "DragonTooth_Name": "Dragon Tooth",
  "DragonTooth_Description": "These are rumored to be the teeth of ancient serpents. The enamel is made of pure iridium!",
  "DressedSpinner_Name": "Dressed Spinner",
  "DressedSpinner_Description": "The metal tab and colorful streamers create an enticing spectacle for fish. Increases the bite-rate when fishing.",
  "DriedStarfish_Name": "Dried Starfish",
  "DriedStarfish_Description": "A starfish from the primordial ocean. It's an unusually pristine specimen!",
  "Driftwood_Name": "Driftwood",
  "Driftwood_Description": "A piece of wood from the sea.",
  "DrumBlock_Name": "Drum Block",
  "DrumBlock_Description": "Plays a drum sound when you walk past.",
  "DuckEgg_Name": "Duck Egg",
  "DuckEgg_Description": "It's still warm.",
  "DuckFeather_Name": "Duck Feather",
  "DuckFeather_Description": "It's so colorful.",
  "DuckMayonnaise_Name": "Duck Mayonnaise",
  "DuckMayonnaise_Description": "It's a rich, yellow mayonnaise.",
  "DwarfGadget_Name": "Dwarf Gadget",
  "DwarfGadget_Description": "It's a piece of the advanced technology once known to the dwarves. It's still glowing and humming, but you're unable to understand how it works.",
  "DwarfScrollI_Name": "Dwarf Scroll I",
  "DwarfScrollI_Description": "A yellowed scroll of parchment filled with dwarven script. This one's tied with a red bow.",
  "DwarfScrollII_Name": "Dwarf Scroll II",
  "DwarfScrollII_Description": "A yellowed scroll of parchment filled with dwarven script. This one's tied with a green ribbon.",
  "DwarfScrollIII_Name": "Dwarf Scroll III",
  "DwarfScrollIII_Description": "A yellowed scroll of parchment filled with dwarven script. This one's tied with a blue rope.",
  "DwarfScrollIV_Name": "Dwarf Scroll IV",
  "DwarfScrollIV_Description": "A yellowed scroll of parchment filled with dwarven script. This one's tied with a golden chain.",
  "DwarvishHelm_Name": "Dwarvish Helm",
  "DwarvishHelm_Description": "It's one of the helmets commonly worn by dwarves. The thick metal plating protects them from falling debris and stalactites.",
  "DwarvishTranslationGuide_Name": "Dwarvish Translation Guide",
  "DwarvishTranslationGuide_Description": "Teaches you dwarvish.",
  "EarthCrystal_Name": "Earth Crystal",
  "EarthCrystal_Description": "A resinous substance found near the surface.",
  "Ectoplasm_Name": "Ectoplasm",
  "Ectoplasm_Description": "A thick, slimy goop that the Wizard wants for some reason.",
  "Eel_Name": "Eel",
  "Eel_Description": "A long, slippery little fish.",
  "Eggplant_Name": "Eggplant",
  "Eggplant_Description": "A rich and wholesome relative of the tomato. Delicious fried or stewed.",
  "EggplantParmesan_Name": "Eggplant Parmesan",
  "EggplantParmesan_Description": "Tangy, cheesy, and wonderful.",
  "EggplantSeeds_Name": "Eggplant Seeds",
  "EggplantSeeds_Description": "Plant these in the fall. Takes 5 days to mature, and continues to produce after first harvest.",
  "ElvishJewelry_Name": "Elvish Jewelry",
  "ElvishJewelry_Description": "Dirty but still beautiful. On the side is a flowing script thought by some to be the ancient language of the elves. No Elvish bones have ever been found.",
  "Emerald_Name": "Emerald",
  "Emerald_Description": "A precious stone with a brilliant green color.",
  "EmeraldRing_Name": "Emerald Ring",
  "EmeraldRing_Description": "Increases weapon speed by 10%.",
  "EmeraldStone_Name": "Emerald Stone",
  "EmeraldStone_Description": "Break apart to obtain emeralds.",
  "EnergyTonic_Name": "Energy Tonic",
  "EnergyTonic_Description": "Restores a lot of energy.",
  "Enricher_Name": "Enricher",
  "Enricher_Description": "Place on a sprinkler and load with fertilizer to automatically apply it when planting seeds nearby.",
  "Escargot_Name": "Escargot",
  "Escargot_Description": "Butter-soaked snails cooked to perfection.",
  "Esperite_Name": "Esperite",
  "Esperite_Description": "The crystals glow bright green when stimulated.",
  "ExplosiveAmmo_Name": "Explosive Ammo",
  "ExplosiveAmmo_Description": "Fire this with the slingshot.",
  "FairyDust_Name": "Fairy Dust",
  "FairyDust_Description": "Sprinkle on kegs, furnaces, and other refining equipment to instantly receive their product.",
  "FairyRose_Name": "Fairy Rose",
  "FairyRose_Description": "An old folk legend suggests that the sweet smell of this flower attracts fairies.",
  "FairySeeds_Name": "Fairy Seeds",
  "FairySeeds_Description": "Plant in fall. Takes 12 days to produce a mysterious flower. Assorted Colors.",
  "FairyStone_Name": "Fairy Stone",
  "FairyStone_Description": "An old miner's song suggests these are made from the bones of ancient fairies.",
  "FallSeeds_Name": "Fall Seeds",
  "FallSeeds_Description": "An assortment of wild fall seeds.",
  "FarmersLunch_Name": "Farmer's Lunch",
  "FarmersLunch_Description": "This'll keep you going.",
  "Fiber_Name": "Fiber",
  "Fiber_Description": "Raw material sourced from plants.",
  "FiberSeeds_Name": "Fiber Seeds",
  "FiberSeeds_Description": "Plant these in any season. Does not require watering. Harvest with the scythe. Takes 7 days to grow.",
  "FiddleheadFern_Name": "Fiddlehead Fern",
  "FiddleheadFern_Description": "The young shoots are an edible specialty.",
  "FiddleheadRisotto_Name": "Fiddlehead Risotto",
  "FiddleheadRisotto_Description": "A creamy rice dish served with sauteed fern heads. It's a little bland.",
  "FieldSnack_Name": "Field Snack",
  "FieldSnack_Description": "A quick snack to fuel the hungry forager.",
  "FireOpal_Name": "Fire Opal",
  "FireOpal_Description": "A rare variety of opal, named for its red spots.",
  "FireQuartz_Name": "Fire Quartz",
  "FireQuartz_Description": "A glowing red crystal commonly found near hot lava.",
  "FireworksGreen_Name": "Fireworks (Green)",
  "FireworksGreen_Description": "An old tradition for celebrations and festivities. Handle with care!",
  "FireworksPurple_Name": "Fireworks (Purple)",
  "FireworksPurple_Description": "An old tradition for celebrations and festivities. Handle with care!",
  "FireworksRed_Name": "Fireworks (Red)",
  "FireworksRed_Description": "An old tradition for celebrations and festivities. Handle with care!",
  "FishStew_Name": "Fish Stew",
  "FishStew_Description": "It smells a lot like the sea. Tastes better, though.",
  "FishTaco_Name": "Fish Taco",
  "FishTaco_Description": "It smells delicious.",
  "Flounder_Name": "Flounder",
  "Flounder_Description": "It lives on the bottom, so both eyes are on top of its head.",
  "Fluorapatite_Name": "Fluorapatite",
  "Fluorapatite_Description": "Small amounts are found in human teeth.",
  "FluteBlock_Name": "Flute Block",
  "FluteBlock_Description": "Plays a flute sound when you walk past.",
  "FossilizedLeg_Name": "Fossilized Leg",
  "FossilizedLeg_Description": "A thick and sturdy leg bone.",
  "FossilizedRibs_Name": "Fossilized Ribs",
  "FossilizedRibs_Description": "Long ago, these ribs protected the body of a large animal.",
  "FossilizedSkull_Name": "Fossilized Skull",
  "FossilizedSkull_Description": "It's a perfect specimen!",
  "FossilizedSpine_Name": "Fossilized Spine",
  "FossilizedSpine_Description": "A column of interlocking vertebrae.",
  "FossilizedTail_Name": "Fossilized Tail",
  "FossilizedTail_Description": "This tail has a club-like feature at the tip.",
  "FossilStone_Name": "Fossil Stone",
  "FossilStone_Description": "Break apart to obtain fossils and bones.",
  "FriedCalamari_Name": "Fried Calamari",
  "FriedCalamari_Description": "It's so chewy.",
  "FriedEel_Name": "Fried Eel",
  "FriedEel_Description": "Greasy but flavorful.",
  "FriedEgg_Name": "Fried Egg",
  "FriedEgg_Description": "Sunny-side up.",
  "FriedMushroom_Name": "Fried Mushroom",
  "FriedMushroom_Description": "Earthy and aromatic.",
  "FrozenGeode_Name": "Frozen Geode",
  "FrozenGeode_Description": "A blacksmith can break this open for you.",
  "FrozenGeodeStone_Name": "Frozen Geode Stone",
  "FrozenGeodeStone_Description": "Break apart to obtain frozen geodes.",
  "FrozenTear_Name": "Frozen Tear",
  "FrozenTear_Description": "A crystal fabled to be the frozen tears of a yeti.",
  "FruitSalad_Name": "Fruit Salad",
  "FruitSalad_Description": "A delicious combination of summer fruits.",
  "GalaxySoul_Name": "Galaxy Soul",
  "GalaxySoul_Description": "Forge 3 of these into a Galaxy weapon to unleash its final form.",
  "Garlic_Name": "Garlic",
  "Garlic_Description": "Adds a wonderful zestiness to dishes. High quality garlic can be pretty spicy.",
  "GarlicSeeds_Name": "Garlic Seeds",
  "GarlicSeeds_Description": "Plant these in the spring. Takes 4 days to mature.",
  "Gate_Name": "Gate",
  "Gate_Description": "Allows you to pass through a fence.",
  "Geminite_Name": "Geminite",
  "Geminite_Description": "Occurs in brilliant clusters.",
  "GemStone_Name": "Gem Stone",
  "GemStone_Description": "Break apart to obtain stone, ores, or geodes.",
  "Geode_Name": "Geode",
  "Geode_Description": "A blacksmith can break this open for you.",
  "GeodeStone_Name": "Geode Stone",
  "GeodeStone_Description": "Break apart to obtain geodes.",
  "GhostCrystal_Name": "Ghost Crystal",
  "GhostCrystal_Description": "There is an aura of coldness around this crystal.",
  "Ghostfish_Name": "Ghostfish",
  "Ghostfish_Description": "A pale, blind fish found in underground lakes.",
  "Ginger_Name": "Ginger",
  "Ginger_Description": "This sharp, spicy root is said to increase vitality.",
  "GingerAle_Name": "Ginger Ale",
  "GingerAle_Description": "A zesty soda known for its soothing effect on the stomach.",
  "Glacierfish_Name": "Glacierfish",
  "Glacierfish_Description": "Builds a nest on the underside of glaciers.",
  "GlacierfishJr_Name": "Glacierfish Jr.",
  "GlacierfishJr_Description": "The original Glacierfish had a son...",
  "GlassShards_Name": "Glass Shards",
  "GlassShards_Description": "A mixture of glass shards smoothed by centuries of ocean surf. These could have belonged to an ancient mosaic or necklace.",
  "GlazedYams_Name": "Glazed Yams",
  "GlazedYams_Description": "Sweet and satisfying... The sugar gives it a hint of caramel.",
  "GlowRing_Name": "Glow Ring",
  "GlowRing_Description": "Emits a constant light.",
  "GlowstoneRing_Name": "Glowstone Ring",
  "GlowstoneRing_Description": "Emits a constant light, and also increases your radius for collecting items.",
  "GoatCheese_Name": "Goat Cheese",
  "GoatCheese_Description": "Soft cheese made from goat's milk.",
  "GoatMilk_Name": "Goat Milk",
  "GoatMilk_Description": "The milk of a goat.",
  "GoldBar_Name": "Gold Bar",
  "GoldBar_Description": "A bar of pure gold.",
  "GoldenCoconut_Name": "Golden Coconut",
  "GoldenCoconut_Description": "This is one tough nut to crack, but a professional might be able to break it open.",
  "GoldenEgg_Name": "Golden Egg",
  "GoldenEgg_Description": "A very rare and special egg with a solid gold shell.",
  "GoldenMask_Name": "Golden Mask",
  "GoldenMask_Description": "A creepy golden mask probably used in an ancient magic ritual. A socket in the forehead contains a large purple gemstone.",
  "GoldenPumpkin_Name": "Golden Pumpkin",
  "GoldenPumpkin_Description": "It's valuable but has no other purpose.",
  "GoldenRelic_Name": "Golden Relic",
  "GoldenRelic_Description": "It's a golden slab with hieroglyphs and pictures emblazoned onto the front.",
  "GoldenWalnut_Name": "Golden Walnut",
  "GoldenWalnut_Description": "To the parrots of Ginger Island, this nut is the finest delicacy.",
  "GoldOre_Name": "Gold Ore",
  "GoldOre_Description": "A precious ore that can be smelted into bars.",
  "GoldStone_Name": "Gold Stone",
  "GoldStone_Description": "Break apart to obtain gold ore.",
  "GourmetTomatoSalt_Name": "Gourmet Tomato Salt",
  "GourmetTomatoSalt_Description": "A rare, delicious and savory salt.",
  "Granite_Name": "Granite",
  "Granite_Description": "A speckled Mineral that is commonly used in construction.",
  "Grape_Name": "Grape",
  "Grape_Description": "A sweet cluster of fruit.",
  "GrapeStarter_Name": "Grape Starter",
  "GrapeStarter_Description": "Plant these in the fall. Takes 10 days to grow, but keeps producing after that. Grows on a trellis.",
  "GrassStarter_Name": "Grass Starter",
  "GrassStarter_Description": "Place this on your farm to start a new patch of grass.",
  "GravelPath_Name": "Gravel Path",
  "GravelPath_Description": "Place on the ground to create paths or to spruce up your floors.",
  "GreenAlgae_Name": "Green Algae",
  "GreenAlgae_Description": "It's really slimy.",
  "GreenBean_Name": "Green Bean",
  "GreenBean_Description": "A juicy little bean with a cool, crisp snap.",
  "GreenSlimeEgg_Name": "Green Slime Egg",
  "GreenSlimeEgg_Description": "Can be hatched in a slime incubator.",
  "GreenTea_Name": "Green Tea",
  "GreenTea_Description": "A pleasant, energizing beverage made from lightly processed tea leaves.",
  "HaleysLostBracelet_Name": "Haley's Lost Bracelet",
  "HaleysLostBracelet_Description": "A family heirloom.",
  "Halibut_Name": "Halibut",
  "Halibut_Description": "A flat fish that lives on the ocean floor.",
  "Hardwood_Name": "Hardwood",
  "Hardwood_Description": "A special kind of wood with superior strength and beauty.",
  "HardwoodFence_Name": "Hardwood Fence",
  "HardwoodFence_Description": "The most durable type of fence.",
  "Hashbrowns_Name": "Hashbrowns",
  "Hashbrowns_Description": "Crispy and golden-brown!",
  "Hay_Name": "Hay",
  "Hay_Description": "Dried grass used as animal food.",
  "Hazelnut_Name": "Hazelnut",
  "Hazelnut_Description": "That's one big hazelnut!",
  "Hedge_Name": "Hedge",
  "Hedge_Description": "A shaped bush that acts like a fence.",
  "Helvite_Name": "Helvite",
  "Helvite_Description": "It grows in a triangular column.",
  "Hematite_Name": "Hematite",
  "Hematite_Description": "An iron-based Mineral with interesting magnetic properties.",
  "Herring_Name": "Herring",
  "Herring_Description": "A common ocean fish.",
  "Holly_Name": "Holly",
  "Holly_Description": "The leaves and bright red berries make a popular winter decoration.",
  "Honey_Name": "Honey",
  "Honey_Description": "It's a sweet syrup produced by bees.",
  "Hops_Name": "Hops",
  "Hops_Description": "A bitter, tangy flower used to flavor beer.",
  "HopsStarter_Name": "Hops Starter",
  "HopsStarter_Description": "Plant these in the summer. Takes 11 days to grow, but keeps producing after that. Grows on a trellis.",
  "HorseFlute_Name": "Horse Flute",
  "HorseFlute_Description": "Playing this flute will summon your horse. Only works outdoors.",
  "HotJavaRing_Name": "Hot Java Ring",
  "HotJavaRing_Description": "Greatly increases your chance to find coffee drinks when slaying monsters.",
  "HotPepper_Name": "Hot Pepper",
  "HotPepper_Description": "Fiery hot with a hint of sweetness.",
  "HyperSpeedGro_Name": "Hyper Speed-Gro",
  "HyperSpeedGro_Description": "Greatly stimulates leaf production. Guaranteed to increase growth rate by at least 33%. Mix into tilled soil.",
  "IceCream_Name": "Ice Cream",
  "IceCream_Description": "It's hard to find someone who doesn't like this.",
  "IceCrystal_Name": "Ice Crystal",
  "IceCrystal_Description": "Might contain refined quartz.",
  "IcePip_Name": "Ice Pip",
  "IcePip_Description": "A rare fish that thrives in extremely cold conditions.",
  "ImmunityBand_Name": "Immunity Band",
  "ImmunityBand_Description": "The top of the ring is made from enchanted purple wool.",
  "IridiumBand_Name": "Iridium Band",
  "IridiumBand_Description": "Glows, attracts items, and increases attack damage by 10%.",
  "IridiumBar_Name": "Iridium Bar",
  "IridiumBar_Description": "A bar of pure iridium.",
  "IridiumMilk_Name": "Iridium Milk",
  "IridiumMilk_Description": "A powerful 'milk' of unknown origin...",
  "IridiumOre_Name": "Iridium Ore",
  "IridiumOre_Description": "An exotic ore with many curious properties. Can be smelted into bars.",
  "IridiumSprinkler_Name": "Iridium Sprinkler",
  "IridiumSprinkler_Description": "Waters the 24 adjacent tiles every morning.",
  "IridiumStone_Name": "Iridium Stone",
  "IridiumStone_Description": "Break apart to obtain iridium ore.",
  "IronBar_Name": "Iron Bar",
  "IronBar_Description": "A bar of pure iron.",
  "IronFence_Name": "Iron Fence",
  "IronFence_Description": "Lasts longer than a stone fence.",
  "IronOre_Name": "Iron Ore",
  "IronOre_Description": "A fairly common ore that can be smelted into bars.",
  "IronStone_Name": "Iron Stone",
  "IronStone_Description": "Break apart to obtain iron ore.",
  "JackOLantern_Name": "Jack-O-Lantern",
  "JackOLantern_Description": "A whimsical fall decoration.",
  "Jade_Name": "Jade",
  "Jade_Description": "A pale green ornamental stone.",
  "JadeRing_Name": "Jade Ring",
  "JadeRing_Description": "Increases critical strike power by 10%.",
  "JadeStone_Name": "Jade Stone",
  "JadeStone_Description": "Break apart to obtain jade.",
  "Jagoite_Name": "Jagoite",
  "Jagoite_Description": "A high volume of tiny crystals makes it very glittery.",
  "Jamborite_Name": "Jamborite",
  "Jamborite_Description": "The crystals are so tightly packed it almost looks fuzzy.",
  "Jasper_Name": "Jasper",
  "Jasper_Description": "When polished, this stone becomes attractively luminous. Prized by ancient peoples for thousands of years.",
  "JazzSeeds_Name": "Jazz Seeds",
  "JazzSeeds_Description": "Plant in spring. Takes 7 days to produce a blue puffball flower.",
  "Jelly_Name": "Jelly",
  "Jelly_Description": "Gooey.",
  "JojaCola_Name": "Joja Cola",
  "JojaCola_Description": "The flagship product of Joja corporation.",
  "JournalScrap_Name": "Journal Scrap",
  "JournalScrap_Description": "A damp tattered page torn from an old journal...",
  "Juice_Name": "Juice",
  "Juice_Description": "A sweet, nutritious beverage.",
  "JukeboxRing_Name": "Jukebox Ring",
  "JukeboxRing_Description": "Plays a random assortment of music you've heard.",
  "Kale_Name": "Kale",
  "Kale_Description": "The waxy leaves are great in soups and stir fries.",
  "KaleSeeds_Name": "Kale Seeds",
  "KaleSeeds_Description": "Plant these in the spring. Takes 6 days to mature. Harvest with the scythe.",
  "Kyanite_Name": "Kyanite",
  "Kyanite_Description": "The geometric faces are as smooth as glass.",
  "LargeBrownEgg_Name": "Large Egg",
  "LargeBrownEgg_Description": "It's an uncommonly large brown egg!",
  "LargeMilk_Name": "Large Milk",
  "LargeMilk_Description": "A large jug of cow's milk.",
  "LargemouthBass_Name": "Largemouth Bass",
  "LargemouthBass_Description": "A popular fish that lives in lakes.",
  "LargeWhiteEgg_Name": "Large Egg",
  "LargeWhiteEgg_Description": "It's an uncommonly large white egg!",
  "LavaEel_Name": "Lava Eel",
  "LavaEel_Description": "It can somehow survive in pools of red-hot lava.",
  "LeadBobber_Name": "Lead Bobber",
  "LeadBobber_Description": "Adds weight to your \"fishing bar\", preventing it from bouncing along the bottom.",
  "Leek_Name": "Leek",
  "Leek_Description": "A tasty relative of the onion.",
  "Legend_Name": "Legend",
  "Legend_Description": "The king of all fish! They said he'd never be caught.",
  "LegendII_Name": "Legend II",
  "LegendII_Description": "The successor to the original Legend.",
  "LemonStone_Name": "Lemon Stone",
  "LemonStone_Description": "Some claim the powdered crystal is a dwarvish delicacy.",
  "LGoatMilk_Name": "L. Goat Milk",
  "LGoatMilk_Description": "A gallon of creamy goat's milk.",
  "LifeElixir_Name": "Life Elixir",
  "LifeElixir_Description": "Restores health to full.",
  "Limestone_Name": "Limestone",
  "Limestone_Description": "A very common type of stone. It's not worth very much.",
  "Lingcod_Name": "Lingcod",
  "Lingcod_Description": "A fearsome predator that will eat almost anything it can cram into its mouth.",
  "Lionfish_Name": "Lionfish",
  "Lionfish_Description": "An aggressive, predatory fish with venomous spines.",
  "Lobster_Name": "Lobster",
  "Lobster_Description": "A large ocean-dwelling crustacean with a strong tail.",
  "LobsterBisque_Name": "Lobster Bisque",
  "LobsterBisque_Description": "This delicate soup is a secret family recipe of Willy's.",
  "LostAxe_Name": "Lost Axe",
  "LostAxe_Description": "Robin's been looking everywhere for it.",
  "LostBook_Name": "Lost Book",
  "LostBook_Description": "Writings from a wide variety of time periods.",
  "LuckyLunch_Name": "Lucky Lunch",
  "LuckyLunch_Description": "A special little meal.",
  "LuckyPurpleShorts_Name": "Lucky Purple Shorts",
  "LuckyPurpleShorts_Description": "Better not inspect these too closely.",
  "LuckyRing_Name": "Lucky Ring",
  "LuckyRing_Description": "The lunar emblem is said to bring good luck to whoever wears it.",
  "Lumber_Name": "Lumber",
  "Lumber_Description": "A versatile resource used for building and fuel.",
  "Lunarite_Name": "Lunarite",
  "Lunarite_Description": "The cratered white orbs form a tight cluster.",
  "MagicBait_Name": "Magic Bait",
  "MagicBait_Description": "Allows you to catch fish from any season, time, or weather, from whichever type of water you cast into.",
  "MagicRockCandy_Name": "Magic Rock Candy",
  "MagicRockCandy_Description": "A rare and powerful candy infused with the essence of the prismatic shard.",
  "MagmaCap_Name": "Magma Cap",
  "MagmaCap_Description": "A very rare mushroom that lives next to pools of lava.",
  "MagmaGeode_Name": "Magma Geode",
  "MagmaGeode_Description": "A blacksmith can break this open for you.",
  "MagmaGeodeStone_Name": "Magma Geode Stone",
  "MagmaGeodeStone_Description": "Break apart to obtain magma geodes.",
  "Magnet_Name": "Magnet",
  "Magnet_Description": "Increases the chance of finding treasures when fishing. However, fish aren't crazy about the taste.",
  "MagnetRing_Name": "Magnet Ring",
  "MagnetRing_Description": "Increases your radius for collecting items.",
  "MahoganySeed_Name": "Mahogany Seed",
  "MahoganySeed_Description": "This can be planted to grow a mahogany tree.",
  "MakiRoll_Name": "Maki Roll",
  "MakiRoll_Description": "Fish and rice wrapped in seaweed.",
  "Malachite_Name": "Malachite",
  "Malachite_Description": "A popular ornamental stone, used in sculpture and to make green paint.",
  "Mango_Name": "Mango",
  "Mango_Description": "A big, sweet tropical fruit with a unique flavor.",
  "MangoSapling_Name": "Mango Sapling",
  "MangoSapling_Description": "Takes 28 days to produce a mature Mango tree. Bears fruit in the summer, or all year round when planted on Ginger Island.",
  "MangoStickyRice_Name": "Mango Sticky Rice",
  "MangoStickyRice_Description": "Sweet mango and coconut transforms this rice into something very special.",
  "MapleBar_Name": "Maple Bar",
  "MapleBar_Description": "It's a sweet doughnut topped with a rich maple glaze.",
  "MapleSeed_Name": "Maple Seed",
  "MapleSeed_Description": "This can be planted to grow a maple tree.",
  "MapleSyrup_Name": "Maple Syrup",
  "MapleSyrup_Description": "A sweet syrup with a unique flavor.",
  "Marble_Name": "Marble",
  "Marble_Description": "A very popular material for sculptures and construction.",
  "Mayonnaise_Name": "Mayonnaise",
  "Mayonnaise_Description": "It looks spreadable.",
  "Mead_Name": "Mead",
  "Mead_Description": "A fermented beverage made from honey. Drink in moderation.",
  "MegaBomb_Name": "Mega Bomb",
  "MegaBomb_Description": "Generates a powerful explosion. Use with extreme caution.",
  "Melon_Name": "Melon",
  "Melon_Description": "A cool, sweet summer treat.",
  "MelonSeeds_Name": "Melon Seeds",
  "MelonSeeds_Description": "Plant these in the summer. Takes 12 days to mature.",
  "MermaidsPendant_Name": "Mermaid's Pendant",
  "MermaidsPendant_Description": "Give this to the person you want to marry.",
  "MidnightCarp_Name": "Midnight Carp",
  "MidnightCarp_Description": "This shy fish only feels comfortable at night.",
  "MidnightSquid_Name": "Midnight Squid",
  "MidnightSquid_Description": "A strange and mysterious denizen of the ocean's twilight depths.",
  "Milk_Name": "Milk",
  "Milk_Description": "A jug of cow's milk.",
  "MinersTreat_Name": "Miner's Treat",
  "MinersTreat_Description": "This should keep your energy up.",
  "MixedSeeds_Name": "Mixed Seeds",
  "MixedSeeds_Description": "There's a little bit of everything here. Plant them and see what grows!",
  "MonsterMusk_Name": "Monster Musk",
  "MonsterMusk_Description": "Spray this on to draw more monsters out of hiding.",
  "Morel_Name": "Morel",
  "Morel_Description": "Sought after for its unique nutty flavor.",
  "MovieTicket_Name": "Movie Ticket",
  "MovieTicket_Description": "Admits one to the movie theater. Giving this to a friend invites them to the movies with you.",
  "MsAngler_Name": "Ms. Angler",
  "MsAngler_Description": "Uses a bioluminescent dangler to attract prey.",
  "Mudstone_Name": "Mudstone",
  "Mudstone_Description": "A fine-grained rock made from ancient clay or mud.",
  "MummifiedBat_Name": "Mummified Bat",
  "MummifiedBat_Description": "The delicate wings have been perfectly preserved.",
  "MummifiedFrog_Name": "Mummified Frog",
  "MummifiedFrog_Description": "This ancient frog may have lived in the jungle canopy.",
  "MuscleRemedy_Name": "Muscle Remedy",
  "MuscleRemedy_Description": "When you've pushed your body too hard, drink this to remove 'Exhaustion'.",
  "MushroomTreeSeed_Name": "Mushroom Tree Seed",
  "MushroomTreeSeed_Description": "Place this on your farm to plant a mushroom tree.",
  "Mussel_Name": "Mussel",
  "Mussel_Description": "A common bivalve that often lives in clusters.",
  "MusselStone_Name": "Mussel Stone",
  "MusselStone_Description": "There's mussels in this stone.",
  "MutantCarp_Name": "Mutant Carp",
  "MutantCarp_Description": "The strange waters of the sewer turned this carp into a monstrosity.",
  "MysticStone_Name": "Mystic Stone",
  "MysticStone_Description": "Break apart to obtain stone, ores, or geodes.",
  "NapalmRing_Name": "Napalm Ring",
  "NapalmRing_Description": "When you defeat an enemy, they explode.",
  "NautilusFossil_Name": "Nautilus Fossil",
  "NautilusFossil_Description": "This must've washed up ages ago from an ancient coral reef. ",
  "NautilusShell_Name": "Nautilus Shell",
  "NautilusShell_Description": "An ancient shell.",
  "Nekoite_Name": "Nekoite",
  "Nekoite_Description": "The delicate shards form a tiny pink meadow.",
  "Neptunite_Name": "Neptunite",
  "Neptunite_Description": "A jet-black crystal that is unusually reflective.",
  "OakResin_Name": "Oak Resin",
  "OakResin_Description": "A sticky, fragrant substance derived from oak sap.",
  "Obsidian_Name": "Obsidian",
  "Obsidian_Description": "A volcanic glass that forms when lava cools rapidly.",
  "OceanStone_Name": "Ocean Stone",
  "OceanStone_Description": "An old legend claims these stones are the mosaics of ancient mermaids.",
  "Octopus_Name": "Octopus",
  "Octopus_Description": "A mysterious and intelligent creature.",
  "Oil_Name": "Oil",
  "Oil_Description": "All purpose cooking oil.",
  "OilofGarlic_Name": "Oil of Garlic",
  "OilofGarlic_Description": "Drink this and weaker monsters will avoid you.",
  "Omelet_Name": "Omelet",
  "Omelet_Description": "It's super fluffy.",
  "OmniGeode_Name": "Omni Geode",
  "OmniGeode_Description": "A blacksmith can break this open for you. These geodes contain a wide variety of minerals.",
  "OmniGeodeStone_Name": "Omni Geode Stone",
  "OmniGeodeStone_Description": "Break apart to obtain omni geodes.",
  "Opal_Name": "Opal",
  "Opal_Description": "Its internal structure causes it to reflect a rainbow of light.",
  "Orange_Name": "Orange",
  "Orange_Description": "Juicy, tangy, and bursting with sweet summer aroma.",
  "OrangeSapling_Name": "Orange Sapling",
  "OrangeSapling_Description": "Takes 28 days to produce a mature Orange tree. Bears fruit in the summer. Only grows if the 8 surrounding \"tiles\" are empty.",
  "OrnamentalFan_Name": "Ornamental Fan",
  "OrnamentalFan_Description": "This exquisite fan most likely belonged to a noblewoman. Historians believe that the valley was a popular sixth-era vacation spot for the wealthy.",
  "OrnateNecklace_Name": "Ornate Necklace",
  "OrnateNecklace_Description": "A fancy necklace found in the water outside of the bath house. It's still wet...",
  "Orpiment_Name": "Orpiment",
  "Orpiment_Description": "Despite its high toxicity, this Mineral is widely used in manufacturing and folk medicine.",
  "OstrichEgg_Name": "Ostrich Egg",
  "OstrichEgg_Description": "It may be the world's largest egg.",
  "Oyster_Name": "Oyster",
  "Oyster_Description": "Constantly filters water to find food. In the process, it removes dangerous toxins from the environment.",
  "PaleAle_Name": "Pale Ale",
  "PaleAle_Description": "Drink in moderation.",
  "PaleBroth_Name": "Pale Broth",
  "PaleBroth_Description": "A delicate broth with a hint of sulfur.",
  "PalmFossil_Name": "Palm Fossil",
  "PalmFossil_Description": "Palm Fossils are relatively common, but this happens to be a particularly well-preserved specimen.",
  "Pancakes_Name": "Pancakes",
  "Pancakes_Description": "A double stack of fluffy, soft pancakes.",
  "Parsnip_Name": "Parsnip",
  "Parsnip_Description": "A spring tuber closely related to the carrot. It has an earthy taste and is full of nutrients.",
  "ParsnipSeeds_Name": "Parsnip Seeds",
  "ParsnipSeeds_Description": "Plant these in the spring. Takes 4 days to mature.",
  "ParsnipSoup_Name": "Parsnip Soup",
  "ParsnipSoup_Description": "It's fresh and hearty.",
  "Peach_Name": "Peach",
  "Peach_Description": "It's almost fuzzy to the touch.",
  "PeachSapling_Name": "Peach Sapling",
  "PeachSapling_Description": "Takes 28 days to produce a mature Peach tree. Bears fruit in the summer. Only grows if the 8 surrounding \"tiles\" are empty.",
  "Pearl_Name": "Pearl",
  "Pearl_Description": "A rare treasure from the sea.",
  "PepperPoppers_Name": "Pepper Poppers",
  "PepperPoppers_Description": "Spicy breaded peppers filled with cheese.",
  "PepperSeeds_Name": "Pepper Seeds",
  "PepperSeeds_Description": "Plant these in the summer. Takes 5 days to mature, and continues to produce after first harvest.",
  "Perch_Name": "Perch",
  "Perch_Description": "A freshwater fish of the winter.",
  "Periwinkle_Name": "Periwinkle",
  "Periwinkle_Description": "A tiny freshwater snail that lives in a blue shell.",
  "PetrifiedSlime_Name": "Petrified Slime",
  "PetrifiedSlime_Description": "This little guy may be 100,000 years old.",
  "PhoenixRing_Name": "Phoenix Ring",
  "PhoenixRing_Description": "Once a day, regain some health after being knocked out in combat.",
  "Pickles_Name": "Pickles",
  "Pickles_Description": "A jar of your home-made pickles.",
  "PierresMissingStocklist_Name": "Pierre's Missing Stocklist",
  "PierresMissingStocklist_Description": "Pierre might be interested in this.",
  "Pike_Name": "Pike",
  "Pike_Description": "A freshwater fish that's difficult to catch.",
  "PinaColada_Name": "Piña Colada",
  "PinaColada_Description": "Drink in moderation.",
  "Pineapple_Name": "Pineapple",
  "Pineapple_Description": "A sweet and tangy tropical treat.",
  "PineappleSeeds_Name": "Pineapple Seeds",
  "PineappleSeeds_Description": "Plant these in warm weather. Takes 14 days to mature, and keeps producing fruit after that.",
  "PineCone_Name": "Pine Cone",
  "PineCone_Description": "This can be planted to grow a pine tree.",
  "PineTar_Name": "Pine Tar",
  "PineTar_Description": "A pungent substance derived from pine sap.",
  "PinkCake_Name": "Pink Cake",
  "PinkCake_Description": "There's little heart candies on top.",
  "PiratesLocket_Name": "Pirate's Locket",
  "PiratesLocket_Description": "It's an old pirate's keepsake.",
  "Pizza_Name": "Pizza",
  "Pizza_Description": "It's popular for all the right reasons.",
  "PlumPudding_Name": "Plum Pudding",
  "PlumPudding_Description": "A traditional holiday treat.",
  "Poi_Name": "Poi",
  "Poi_Description": "A traditional food with a delicate, sweet flavor when eaten fresh.",
  "Pomegranate_Name": "Pomegranate",
  "Pomegranate_Description": "Within the fruit are clusters of juicy seeds.",
  "PomegranateSapling_Name": "Pomegranate Sapling",
  "PomegranateSapling_Description": "Takes 28 days to produce a mature Pomegranate tree. Bears fruit in the fall. Only grows if the 8 surrounding \"tiles\" are empty.",
  "Poppy_Name": "Poppy",
  "Poppy_Description": "In addition to its colorful flower, the Poppy has culinary and medicinal uses.",
  "PoppyseedMuffin_Name": "Poppyseed Muffin",
  "PoppyseedMuffin_Description": "It has a soothing effect.",
  "PoppySeeds_Name": "Poppy Seeds",
  "PoppySeeds_Description": "Plant in summer. Produces a bright red flower in 7 days.",
  "Potato_Name": "Potato",
  "Potato_Description": "A widely cultivated tuber.",
  "PotatoSeeds_Name": "Potato Seeds",
  "PotatoSeeds_Description": "Plant these in the spring. Takes 6 days to mature, and has a chance of yielding multiple potatoes at harvest.",
  "PrehistoricHandaxe_Name": "Prehistoric Handaxe",
  "PrehistoricHandaxe_Description": "One of the earliest tools employed by humans. This \"crude\" tool was created by striking one rock with another to form a sharp edge.",
  "PrehistoricRib_Name": "Prehistoric Rib",
  "PrehistoricRib_Description": "Little gouge marks on the side suggest that this rib was someone's dinner.",
  "PrehistoricScapula_Name": "Prehistoric Scapula",
  "PrehistoricScapula_Description": "Commonly known as a \"shoulder blade\"... It's unclear what species it belonged to.",
  "PrehistoricSkull_Name": "Prehistoric Skull",
  "PrehistoricSkull_Description": "This is definitely a mammalian skull.",
  "PrehistoricTibia_Name": "Prehistoric Tibia",
  "PrehistoricTibia_Description": "A thick and sturdy leg bone.",
  "PrehistoricTool_Name": "Prehistoric Tool",
  "PrehistoricTool_Description": "Some kind of gnarly old digging tool.",
  "PrehistoricVertebra_Name": "Prehistoric Vertebra",
  "PrehistoricVertebra_Description": "A segment of some prehistoric creature's spine.",
  "PressureNozzle_Name": "Pressure Nozzle",
  "PressureNozzle_Description": "Place on a sprinkler to increase its watering range.",
  "PrismaticJelly_Name": "Prismatic Jelly",
  "PrismaticJelly_Description": "Harvested from the rare and elusive prismatic slime.",
  "PrismaticShard_Name": "Prismatic Shard",
  "PrismaticShard_Description": "A very rare and powerful substance with unknown origins.",
  "ProtectionRing_Name": "Protection Ring",
  "ProtectionRing_Description": "Stay invincible for a little while longer after taking damage.",
  "Pufferfish_Name": "Pufferfish",
  "Pufferfish_Description": "Inflates when threatened.",
  "Pumpkin_Name": "Pumpkin",
  "Pumpkin_Description": "A fall favorite, grown for its crunchy seeds and delicately flavored flesh. As a bonus, the hollow shell can be carved into a festive decoration.",
  "PumpkinPie_Name": "Pumpkin Pie",
  "PumpkinPie_Description": "Silky pumpkin cream in a flaky crust.",
  "PumpkinSeeds_Name": "Pumpkin Seeds",
  "PumpkinSeeds_Description": "Plant these in the fall. Takes 13 days to mature.",
  "PumpkinSoup_Name": "Pumpkin Soup",
  "PumpkinSoup_Description": "A seasonal favorite.",
  "PurpleMushroom_Name": "Purple Mushroom",
  "PurpleMushroom_Description": "A rare mushroom found deep in caves.",
  "PurpleSlimeEgg_Name": "Purple Slime Egg",
  "PurpleSlimeEgg_Description": "Can be hatched in a slime incubator.",
  "Pyrite_Name": "Pyrite",
  "Pyrite_Description": "Commonly known as \"Fool's Gold\".",
  "QiBean_Name": "Qi Bean",
  "QiBean_Description": "Plant these in any season. Water every day to produce a Qi Fruit. Takes 4 days to mature.",
  "QiFruit_Name": "Qi Fruit",
  "QiFruit_Description": "Mr. Qi has challenged you to ship 500 of these strange melons.",
  "QiGem_Name": "Qi Gem",
  "QiGem_Description": "A special currency honored by Mr. Qi.",
  "QiSeasoning_Name": "Qi Seasoning",
  "QiSeasoning_Description": "Just a dash will elevate any dish to extraordinary heights. Automatically applied when cooking.",
  "QualityBobber_Name": "Quality Bobber",
  "QualityBobber_Description": "Boosts the quality of fish that you catch.",
  "QualityFertilizer_Name": "Quality Fertilizer",
  "QualityFertilizer_Description": "Improves soil quality, increasing your chance to grow quality crops. Mix into tilled soil.",
  "QualityRetainingSoil_Name": "Quality Retaining Soil",
  "QualityRetainingSoil_Description": "This soil has a good chance of staying watered overnight. Mix into tilled soil.",
  "QualitySprinkler_Name": "Quality Sprinkler",
  "QualitySprinkler_Description": "Waters the 8 adjacent tiles every morning.",
  "Quartz_Name": "Quartz",
  "Quartz_Description": "A clear crystal commonly found in caves and mines.",
  "RabbitsFoot_Name": "Rabbit's Foot",
  "RabbitsFoot_Description": "Some say it's lucky.",
  "RadioactiveBar_Name": "Radioactive Bar",
  "RadioactiveBar_Description": "Known by the Zuzu City Safety Commission to cause irreversible bodily harm.",
  "RadioactiveCarp_Name": "Radioactive Carp",
  "RadioactiveCarp_Description": "A carp that spent one too many years in toxic sludge.",
  "RadioactiveOre_Name": "Radioactive Ore",
  "RadioactiveOre_Description": "It's glowing with dangerous energy... Can be smelted into bars.",
  "RadioactiveStone_Name": "Radioactive Stone",
  "RadioactiveStone_Description": "Contains radioactive ore.",
  "Radish_Name": "Radish",
  "Radish_Description": "A crisp and refreshing root vegetable with hints of pepper when eaten raw.",
  "RadishSalad_Name": "Radish Salad",
  "RadishSalad_Description": "The radishes are so crisp!",
  "RadishSeeds_Name": "Radish Seeds",
  "RadishSeeds_Description": "Plant these in the summer. Takes 6 days to mature.",
  "RainbowShell_Name": "Rainbow Shell",
  "RainbowShell_Description": "It's a very beautiful shell.",
  "RainbowTrout_Name": "Rainbow Trout",
  "RainbowTrout_Description": "A freshwater trout with colorful markings.",
  "RainTotem_Name": "Rain Totem",
  "RainTotem_Description": "Activate to greatly increase the chance for rain tomorrow. Consumed on use.",
  "RareDisc_Name": "Rare Disc",
  "RareDisc_Description": "A heavy black disc studded with peculiar red stones. When you hold it, you're overwhelmed with a feeling of dread.",
  "RareSeed_Name": "Rare Seed",
  "RareSeed_Description": "Sow in fall. Takes all season to grow.",
  "RedCabbage_Name": "Red Cabbage",
  "RedCabbage_Description": "Often used in salads and coleslaws. The color can range from purple to blue to green-yellow depending on soil conditions.",
  "RedCabbageSeeds_Name": "Red Cabbage Seeds",
  "RedCabbageSeeds_Description": "Plant these in the summer. Takes 9 days to mature.",
  "RedMullet_Name": "Red Mullet",
  "RedMullet_Description": "Long ago these were kept as pets.",
  "RedMushroom_Name": "Red Mushroom",
  "RedMushroom_Description": "A spotted mushroom sometimes found in caves.",
  "RedPlate_Name": "Red Plate",
  "RedPlate_Description": "Full of antioxidants.",
  "RedSlimeEgg_Name": "Red Slime Egg",
  "RedSlimeEgg_Description": "Can be hatched in a slime incubator.",
  "RedSnapper_Name": "Red Snapper",
  "RedSnapper_Description": "A popular fish with a nice red color.",
  "RefinedQuartz_Name": "Refined Quartz",
  "RefinedQuartz_Description": "A more pure form of quartz.",
  "Rhubarb_Name": "Rhubarb",
  "Rhubarb_Description": "The stalks are extremely tart, but make a great dessert when sweetened.",
  "RhubarbPie_Name": "Rhubarb Pie",
  "RhubarbPie_Description": "Mmm, tangy and sweet!",
  "RhubarbSeeds_Name": "Rhubarb Seeds",
  "RhubarbSeeds_Description": "Plant these in the spring. Takes 13 days to mature.",
  "Rice_Name": "Rice",
  "Rice_Description": "A basic grain often served under vegetables.",
  "RicePudding_Name": "Rice Pudding",
  "RicePudding_Description": "It's creamy, sweet, and fun to eat.",
  "RiceShoot_Name": "Rice Shoot",
  "RiceShoot_Description": "Plant these in the spring. Takes 8 days to mature. Grows faster if planted near a body of water. Harvest with the scythe.",
  "RingofYoba_Name": "Ring of Yoba",
  "RingofYoba_Description": "Occasionally shields the wearer from damage.",
  "RoastedHazelnuts_Name": "Roasted Hazelnuts",
  "RoastedHazelnuts_Description": "The roasting process creates a rich forest flavor.",
  "Roe_Name": "Roe",
  "Roe_Description": "Fresh fish eggs. These can be aged in a preserves jar to bring out more flavor.",
  "RootsPlatter_Name": "Roots Platter",
  "RootsPlatter_Description": "This'll get you digging for more.",
  "RottenPlant_Name": "Rotten Plant",
  "RottenPlant_Description": "Decomposing organic material. It's slimy and unpleasant.",
  "Ruby_Name": "Ruby",
  "Ruby_Description": "A precious stone that is sought after for its rich color and beautiful luster.",
  "RubyRing_Name": "Ruby Ring",
  "RubyRing_Description": "Increases attack by 10%.",
  "RubyStone_Name": "Ruby Stone",
  "RubyStone_Description": "Break apart to obtain rubies.",
  "RusticPlankFloor_Name": "Rustic Plank Floor",
  "RusticPlankFloor_Description": "Place on the ground to create paths or to decorate your floors.",
  "RustyCog_Name": "Rusty Cog",
  "RustyCog_Description": "A well preserved cog that must have been part of some ancient machine. This could be dwarven technology.",
  "RustySpoon_Name": "Rusty Spoon",
  "RustySpoon_Description": "A plain old spoon, probably ten years old. Not very interesting.",
  "RustySpur_Name": "Rusty Spur",
  "RustySpur_Description": "An old spur that was once attached to a cowboy's boot. People must have been raising animals in this area for many generations.",
  "Salad_Name": "Salad",
  "Salad_Description": "A healthy garden salad.",
  "Salmon_Name": "Salmon",
  "Salmon_Description": "Swims upstream to lay its eggs.",
  "Salmonberry_Name": "Salmonberry",
  "Salmonberry_Description": "A spring-time berry with the flavor of the forest.",
  "SalmonDinner_Name": "Salmon Dinner",
  "SalmonDinner_Description": "The lemon spritz makes it special.",
  "Sandfish_Name": "Sandfish",
  "Sandfish_Description": "It tries to hide using camouflage.",
  "Sandstone_Name": "Sandstone",
  "Sandstone_Description": "A common type of stone with red and brown striations.",
  "Sap_Name": "Sap",
  "Sap_Description": "A fluid obtained from trees.",
  "Sardine_Name": "Sardine",
  "Sardine_Description": "A common ocean fish.",
  "Sashimi_Name": "Sashimi",
  "Sashimi_Description": "Raw fish sliced into thin pieces.",
  "SavageRing_Name": "Savage Ring",
  "SavageRing_Description": "Gain a short speed boost whenever you slay a monster.",
  "ScorpionCarp_Name": "Scorpion Carp",
  "ScorpionCarp_Description": "It's like a regular carp but with a sharp stinger.",
  "SeaCucumber_Name": "Sea Cucumber",
  "SeaCucumber_Description": "A slippery, slimy creature found on the ocean floor.",
  "SeafoamPudding_Name": "Seafoam Pudding",
  "SeafoamPudding_Description": "This briny pudding will really get you into the maritime mindset!",
  "SeaUrchin_Name": "Sea Urchin",
  "SeaUrchin_Description": "A slow-moving, spiny creature that some consider a delicacy.",
  "Seaweed_Name": "Seaweed",
  "Seaweed_Description": "It can be used in cooking.",
  "SecretNote_Name": "Secret Note",
  "SecretNote_Description": "It's old and crumpled, but if you look closely you can make out the details...",
  "Shad_Name": "Shad",
  "Shad_Description": "Lives in a school at sea, but returns to the rivers to spawn.",
  "Shrimp_Name": "Shrimp",
  "Shrimp_Description": "A scavenger that feeds off the ocean floor. Widely prized for its meat.",
  "ShrimpCocktail_Name": "Shrimp Cocktail",
  "ShrimpCocktail_Description": "A sumptuous appetizer made with freshly-caught shrimp.",
  "SkeletalHand_Name": "Skeletal Hand",
  "SkeletalHand_Description": "It's a wonder all these ancient little pieces lasted so long.",
  "SkeletalTail_Name": "Skeletal Tail",
  "SkeletalTail_Description": "It's pretty short for a tail.",
  "Slate_Name": "Slate",
  "Slate_Description": "It's extremely resistant to water, making it a good roofing material.",
  "Slime_Name": "Slime",
  "Slime_Description": "A shimmering, gelatinous glob with no smell.",
  "SlimeCharmerRing_Name": "Slime Charmer Ring",
  "SlimeCharmerRing_Description": "Prevents damage from slimes.",
  "SlimeCrate_Name": "Slime Crate",
  "SlimeCrate_Description": "Use this to transport a domesticated slime to another location.",
  "Slimejack_Name": "Slimejack",
  "Slimejack_Description": "He's coated in a very thick layer of slime. He keeps slipping out of your hands!",
  "SmallGlowRing_Name": "Small Glow Ring",
  "SmallGlowRing_Description": "Emits a small, constant light.",
  "SmallMagnetRing_Name": "Small Magnet Ring",
  "SmallMagnetRing_Description": "Slightly increases your radius for collecting items.",
  "SmallmouthBass_Name": "Smallmouth Bass",
  "SmallmouthBass_Description": "A freshwater fish that is very sensitive to pollution.",
  "Snail_Name": "Snail",
  "Snail_Description": "A wide-ranging mollusc that lives in a spiral shell.",
  "SnakeSkull_Name": "Snake Skull",
  "SnakeSkull_Description": "A preserved skull that once belonged to a snake.",
  "SnakeVertebrae_Name": "Snake Vertebrae",
  "SnakeVertebrae_Description": "It appears this serpent may have been extremely flexible.",
  "SnowYam_Name": "Snow Yam",
  "SnowYam_Description": "This little yam was hiding beneath the snow.",
  "SnowyStone_Name": "Snowy Stone",
  "SnowyStone_Description": "Break apart to obtain stone, ores, or geodes.",
  "Soapstone_Name": "Soapstone",
  "Soapstone_Description": "Because of its relatively soft consistency, this stone is very popular for carving.",
  "SoggyNewspaper_Name": "Soggy Newspaper",
  "SoggyNewspaper_Description": "This is trash.",
  "SolarEssence_Name": "Solar Essence",
  "SolarEssence_Description": "The glowing face is warm to the touch.",
  "SonofCrimsonfish_Name": "Son of Crimsonfish",
  "SonofCrimsonfish_Description": "He hatched in the warm summer water, and followed in the footsteps of his father.",
  "SoulSapperRing_Name": "Soul Sapper Ring",
  "SoulSapperRing_Description": "Gain a little bit of energy every time you slay a monster.",
  "Spaghetti_Name": "Spaghetti",
  "Spaghetti_Description": "An old favorite.",
  "SpangleSeeds_Name": "Spangle Seeds",
  "SpangleSeeds_Description": "Plant in summer. Takes 8 days to produce a vibrant tropical flower. Assorted colors.",
  "SpeedGro_Name": "Speed-Gro",
  "SpeedGro_Description": "Stimulates leaf production. Guaranteed to increase growth rate by at least 10%. Mix into tilled soil.",
  "SpiceBerry_Name": "Spice Berry",
  "SpiceBerry_Description": "It fills the air with a pungent aroma.",
  "SpicyEel_Name": "Spicy Eel",
  "SpicyEel_Description": "It's really spicy! Be careful.",
  "Spinner_Name": "Spinner",
  "Spinner_Description": "The shape makes it spin around in the water. Slightly increases the bite-rate when fishing.",
  "SpiritTorch_Name": "Spirit Torch",
  "SpiritTorch_Description": "It's unclear where the blue color comes from...",
  "SpookFish_Name": "Spook Fish",
  "SpookFish_Description": "The huge eyes can detect the faint silhouettes of prey.",
  "SpringOnion_Name": "Spring Onion",
  "SpringOnion_Description": "These grow wild during the spring.",
  "SpringSeeds_Name": "Spring Seeds",
  "SpringSeeds_Description": "An assortment of wild spring seeds.",
  "Sprinkler_Name": "Sprinkler",
  "Sprinkler_Description": "Waters the 4 adjacent tiles every morning.",
  "Squid_Name": "Squid",
  "Squid_Description": "A deep sea creature that can grow to enormous size.",
  "SquidInk_Name": "Squid Ink",
  "SquidInk_Description": "Squid use this ink to confuse would-be predators.",
  "SquidInkRavioli_Name": "Squid Ink Ravioli",
  "SquidInkRavioli_Description": "Temporarily protects from debuffs.",
  "StardewValleyRose_Name": "Stardew Valley Rose",
  "StardewValleyRose_Description": "A rose that reminds you of the valley. It smells heavenly.",
  "Stardrop_Name": "Stardrop",
  "Stardrop_Description": "A mysterious fruit that empowers those who eat it. The flavor is like a dream... a powerful personal experience, yet difficult to describe to others.",
  "Starfruit_Name": "Starfruit",
  "Starfruit_Description": "An extremely juicy fruit that grows in hot, humid weather. Slightly sweet with a sour undertone.",
  "StarfruitSeeds_Name": "Starfruit Seeds",
  "StarfruitSeeds_Description": "Plant these in the summer. Takes 13 days to mature.",
  "StarShards_Name": "Star Shards",
  "StarShards_Description": "No one knows how these form. Some scientists claim that the microscopic structure displays unnatural regularity.",
  "SteppingStonePath_Name": "Stepping Stone Path",
  "SteppingStonePath_Description": "Place on the ground to create paths or to spruce up your floors.",
  "Stingray_Name": "Stingray",
  "Stingray_Description": "Despite having a toxic stinger, these fish are shy and prefer to avoid humans.",
  "StirFry_Name": "Stir Fry",
  "StirFry_Description": "Julienned vegetables on a bed of rice.",
  "Stone_Name": "Stone",
  "Stone_Description": "A common material with many uses in crafting and building.",
  "Stone_Node_Name": "Stone",
  "Stone_Node_Description": "Break apart to obtain stone, ores, or geodes.",
  "Stone_NodeStoneOnly_Name": "Stone",
  "Stone_NodeStoneOnly_Description": "Break apart to obtain stone.",
  "Stone_NodeWithCoal_Name": "Stone",
  "Stone_NodeWithCoal_Description": "Break apart to obtain stone with a chance of coal.",
  "StoneBase_Name": "Stone Base",
  "StoneBase_Description": "A simple block of stone.",
  "StoneFence_Name": "Stone Fence",
  "StoneFence_Description": "Lasts longer than a wood fence.",
  "Stonefish_Name": "Stonefish",
  "Stonefish_Description": "A bizarre fish that's shaped like a brick.",
  "StoneFloor_Name": "Stone Floor",
  "StoneFloor_Description": "Place on the ground to create paths or to spruce up your floors.",
  "StoneWalkwayFloor_Name": "Stone Walkway Floor",
  "StoneWalkwayFloor_Description": "Place on the ground to create paths or to decorate your floors.",
  "StrangeBun_Name": "Strange Bun",
  "StrangeBun_Description": "What's inside?",
  "StrangeDoll_Name": "Strange Doll",
  "StrangeDoll_Description": "???",
  "Strawberry_Name": "Strawberry",
  "Strawberry_Description": "A sweet, juicy favorite with an appealing red color.",
  "StrawberrySeeds_Name": "Strawberry Seeds",
  "StrawberrySeeds_Description": "Plant these in spring. Takes 8 days to mature, and keeps producing strawberries after that.",
  "StrawFloor_Name": "Straw Floor",
  "StrawFloor_Description": "Place on the ground to create paths or to spruce up your floors.",
  "Stuffing_Name": "Stuffing",
  "Stuffing_Description": "Ahh... the smell of warm bread and sage.",
  "SturdyRing_Name": "Sturdy Ring",
  "SturdyRing_Description": "Cuts the duration of negative status effects in half.",
  "Sturgeon_Name": "Sturgeon",
  "Sturgeon_Description": "An ancient bottom-feeder with a dwindling population. Females can live up to 150 years.",
  "Sugar_Name": "Sugar",
  "Sugar_Description": "Adds sweetness to pastries and candies. Too much can be unhealthy.",
  "SummerSeeds_Name": "Summer Seeds",
  "SummerSeeds_Description": "An assortment of wild summer seeds.",
  "SummerSpangle_Name": "Summer Spangle",
  "SummerSpangle_Description": "A tropical bloom that thrives in the humid summer air. Has a sweet, tangy aroma.",
  "Sunfish_Name": "Sunfish",
  "Sunfish_Description": "A common river fish.",
  "Sunflower_Name": "Sunflower",
  "Sunflower_Description": "A common misconception is that the flower turns so it's always facing the sun.",
  "SunflowerSeeds_Name": "Sunflower Seeds",
  "SunflowerSeeds_Description": "Plant in summer or fall. Takes 8 days to produce a large sunflower. Yields more seeds at harvest.",
  "SuperCucumber_Name": "Super Cucumber",
  "SuperCucumber_Description": "A rare, purple variety of sea cucumber.",
  "SuperMeal_Name": "Super Meal",
  "SuperMeal_Description": "It's a really energizing meal.",
  "SupplyCrate_Name": "SupplyCrate",
  "SupplyCrate_Description": "...",
  "SurvivalBurger_Name": "Survival Burger",
  "SurvivalBurger_Description": "A convenient snack for the explorer.",
  "SweetGemBerry_Name": "Sweet Gem Berry",
  "SweetGemBerry_Description": "It's by far the sweetest thing you've ever smelled.",
  "SweetPea_Name": "Sweet Pea",
  "SweetPea_Description": "A fragrant summer flower.",
  "TaroRoot_Name": "Taro Root",
  "TaroRoot_Description": "This starchy root is one of the most ancient crops.",
  "TaroTuber_Name": "Taro Tuber",
  "TaroTuber_Description": "Plant these in warm weather. Takes 10 days to mature. Grows faster if planted near a body of water.",
  "TeaLeaves_Name": "Tea Leaves",
  "TeaLeaves_Description": "The young leaves of the tea plant. Can be brewed into the popular, energizing beverage.",
  "TeaSapling_Name": "Tea Sapling",
  "TeaSapling_Description": "Takes 20 days to mature. Produces tea leaves during the final week of each season, except winter. No watering necessary!",
  "TeaSet_Name": "Tea Set",
  "TeaSet_Description": "Fine porcelain.",
  "ThornsRing_Name": "Thorns Ring",
  "ThornsRing_Description": "When enemies damage you, they will take damage themselves.",
  "ThunderEgg_Name": "Thunder Egg",
  "ThunderEgg_Description": "According to legend, angry thunder spirits would throw these stones at one another.",
  "Tigerseye_Name": "Tigerseye",
  "Tigerseye_Description": "A stripe of shimmering gold gives this gem a warm luster.",
  "TigerSlimeEgg_Name": "Tiger Slime Egg",
  "TigerSlimeEgg_Description": "Can be hatched in a slime incubator. Use with extreme caution!",
  "TigerTrout_Name": "Tiger Trout",
  "TigerTrout_Description": "A rare hybrid trout that cannot bear offspring of its own.",
  "Tilapia_Name": "Tilapia",
  "Tilapia_Description": "A primarily vegetarian fish that prefers warm water.",
  "Tomato_Name": "Tomato",
  "Tomato_Description": "Rich and slightly tangy, the Tomato has a wide variety of culinary uses.",
  "TomatoSeeds_Name": "Tomato Seeds",
  "TomatoSeeds_Description": "Plant these in the summer. Takes 11 days to mature, and continues to produce after first harvest.",
  "TomKhaSoup_Name": "Tom Kha Soup",
  "TomKhaSoup_Description": "These flavors are incredible!",
  "Topaz_Name": "Topaz",
  "Topaz_Description": "Fairly common but still prized for its beauty.",
  "TopazRing_Name": "Topaz Ring",
  "TopazRing_Description": "You feel a little bit safer wearing this.",
  "TopazStone_Name": "Topaz Stone",
  "TopazStone_Description": "Break apart to obtain topaz.",
  "Torch_Name": "Torch",
  "Torch_Description": "Provides a modest amount of light.",
  "Tortilla_Name": "Tortilla",
  "Tortilla_Description": "Can be used as a vessel for food or eaten by itself.",
  "TrapBobber_Name": "Trap Bobber",
  "TrapBobber_Description": "Causes fish to escape slower when you aren't reeling them in.",
  "Trash_Name": "Trash",
  "Trash_Description": "It's junk.",
  "TreasureChest_Name": "Treasure Chest",
  "TreasureChest_Description": "Wow, it's loaded with treasure! This is sure to fetch a good price.",
  "TreasureHunter_Name": "Treasure Hunter",
  "TreasureHunter_Description": "Fish don't escape while collecting treasures. Also slightly increases the chance to find treasures.",
  "TreeFertilizer_Name": "Tree Fertilizer",
  "TreeFertilizer_Description": "Sprinkle on a wild tree to ensure rapid growth, even in winter. Doesn't work on fruit trees.",
  "Trilobite_Name": "Trilobite",
  "Trilobite_Description": "A long extinct relative of the crab.",
  "TrimmedLuckyPurpleShorts_Name": "Trimmed Lucky Purple Shorts",
  "TrimmedLuckyPurpleShorts_Description": "Purple silk shorts trimmed in luxurious gold...",
  "TripleShotEspresso_Name": "Triple Shot Espresso",
  "TripleShotEspresso_Description": "It's more potent than regular coffee!",
  "TropicalCurry_Name": "Tropical Curry",
  "TropicalCurry_Description": "An exotic, fragrant curry served in a pineapple bowl.",
  "TroutSoup_Name": "Trout Soup",
  "TroutSoup_Description": "Pretty salty.",
  "Truffle_Name": "Truffle",
  "Truffle_Description": "A gourmet type of mushroom with a unique taste.",
  "TruffleOil_Name": "Truffle Oil",
  "TruffleOil_Description": "A gourmet cooking ingredient.",
  "Tulip_Name": "Tulip",
  "Tulip_Description": "The most popular spring flower. Has a very faint sweet smell.",
  "TulipBulb_Name": "Tulip Bulb",
  "TulipBulb_Description": "Plant in spring. Takes 6 days to produce a colorful flower. Assorted colors.",
  "Tuna_Name": "Tuna",
  "Tuna_Description": "A large fish that lives in the ocean.",
  "Twig_Name": "Twig",
  "Twig_Description": "A broken branch. Chop with an axe to obtain wood.",
  "UnmilledRice_Name": "Unmilled Rice",
  "UnmilledRice_Description": "Rice in its rawest form. Run this through a mill to increase the value.",
  "VampireRing_Name": "Vampire Ring",
  "VampireRing_Description": "Gain a little health every time you slay a monster.",
  "VegetableMedley_Name": "Vegetable Medley",
  "VegetableMedley_Description": "This is very nutritious.",
  "Vinegar_Name": "Vinegar",
  "Vinegar_Description": "An aged fermented liquid used in many cooking recipes.",
  "VoidEgg_Name": "Void Egg",
  "VoidEgg_Description": "A jet-black egg with red flecks. It's warm to the touch.",
  "VoidEssence_Name": "Void Essence",
  "VoidEssence_Description": "It's quivering with dark energy.",
  "VoidGhostPendant_Name": "Void Ghost Pendant",
  "VoidGhostPendant_Description": "It's symbolic to the shadow people. As a gift, it signifies the desire to move in together as friends.",
  "VoidMayonnaise_Name": "Void Mayonnaise",
  "VoidMayonnaise_Description": "A thick, black paste that smells like burnt hair.",
  "VoidSalmon_Name": "Void Salmon",
  "VoidSalmon_Description": "A salmon, twisted by void energy. The fresh meat is jet black, but rapidly turns pink when exposed to air.",
  "Walleye_Name": "Walleye",
  "Walleye_Description": "A freshwater fish caught at night.",
  "WarMemento_Name": "War Memento",
  "WarMemento_Description": "It's a faded photograph of a soldier...",
  "WarpTotemBeach_Name": "Warp Totem: Beach",
  "WarpTotemBeach_Description": "Warp directly to the beach. Consumed on use.",
  "WarpTotemDesert_Name": "Warp Totem: Desert",
  "WarpTotemDesert_Description": "Warp directly to Calico Desert. Consumed on use.",
  "WarpTotemFarm_Name": "Warp Totem: Farm",
  "WarpTotemFarm_Description": "Warp directly to your house. Consumed on use.",
  "WarpTotemIsland_Name": "Warp Totem: Island",
  "WarpTotemIsland_Description": "Warp directly to Ginger Island. Consumed on use.",
  "WarpTotemMountains_Name": "Warp Totem: Mountains",
  "WarpTotemMountains_Description": "Warp directly to the mountains. Consumed on use.",
  "WarpTotemQisArena_Name": "Warp Totem: Qi's Arena",
  "WarpTotemQisArena_Description": "Warp to Qi's Arena. Be prepared for a challenge!.",
  "WarriorRing_Name": "Warrior Ring",
  "WarriorRing_Description": "Occasionally infuses the wearer with \"warrior energy\" after slaying a monster.",
  "WeatheredFloor_Name": "Weathered Floor",
  "WeatheredFloor_Description": "Place on the ground to create paths or to spruce up your floors.",
  "WeddingRing_Name": "Wedding Ring",
  "WeddingRing_Description": "An old Zuzu City tradition... It's used to ask for another farmer's hand in marriage.",
  "Weeds_Name": "Weeds",
  "Weeds_Description": "A bunch of obnoxious weeds.",
  "Weeds_DryBush_Name": "Weeds",
  "Weeds_DryBush_Description": "A cluster of dry old bushes. Might contain fibers or mixed seeds.",
  "Weeds_Fiber_Ugly_Name": "Weeds",
  "Weeds_Fiber_Ugly_Description": "Ugly weeds. Cut to obtain wild seeds.",
  "Weeds_FiberOrMixedSeeds_Name": "Weeds",
  "Weeds_FiberOrMixedSeeds_Description": "Might contain fibers or mixed seeds.",
  "Weeds_FiberOrMixedSeeds_Ugly_Name": "Weeds",
  "Weeds_FiberOrMixedSeeds_Ugly_Description": "Ugly weeds. Might contain fibers or mixed seeds.",
  "Wheat_Name": "Wheat",
  "Wheat_Description": "One of the most widely cultivated grains. Makes a great flour for breads and cakes.",
  "WheatFlour_Name": "Wheat Flour",
  "WheatFlour_Description": "A common cooking ingredient made from crushed wheat seeds.",
  "WheatSeeds_Name": "Wheat Seeds",
  "WheatSeeds_Description": "Plant these in the summer or fall. Takes 4 days to mature. Harvest with the scythe.",
  "WhiteAlgae_Name": "White Algae",
  "WhiteAlgae_Description": "It's super slimy.",
  "WhiteEgg_Name": "Egg",
  "WhiteEgg_Description": "A regular white chicken egg.",
  "WildBait_Name": "Wild Bait",
  "WildBait_Description": "A unique recipe from Linus that gives you a chance to catch two fish at once.",
  "WildHorseradish_Name": "Wild Horseradish",
  "WildHorseradish_Description": "A spicy root found in the spring.",
  "WildPlum_Name": "Wild Plum",
  "WildPlum_Description": "Tart and juicy with a pungent aroma.",
  "WiltedBouquet_Name": "Wilted Bouquet",
  "WiltedBouquet_Description": "A gift that shows you want to stop dating someone.",
  "Wine_Name": "Wine",
  "Wine_Description": "Drink in moderation.",
  "WinterRoot_Name": "Winter Root",
  "WinterRoot_Description": "A starchy tuber.",
  "WinterSeeds_Name": "Winter Seeds",
  "WinterSeeds_Description": "An assortment of wild winter seeds.",
  "Wood_Name": "Wood",
  "Wood_Description": "A sturdy, yet flexible plant material with a wide variety of uses.",
  "WoodFence_Name": "Wood Fence",
  "WoodFence_Description": "Keeps grass and animals contained!",
  "WoodFloor_Name": "Wood Floor",
  "WoodFloor_Description": "Place on the ground to create paths or to decorate your floors.",
  "WoodPath_Name": "Wood Path",
  "WoodPath_Description": "Place on the ground to create paths or to spruce up your floors.",
  "Woodskip_Name": "Woodskip",
  "Woodskip_Description": "A very sensitive fish that can only live in pools deep in the forest.",
  "Wool_Name": "Wool",
  "Wool_Description": "Soft, fluffy wool.",
  "WrigglingWorm_Name": "Wriggling Worm",
  "WrigglingWorm_Description": "It's a wriggling, wet worm.",
  "Yam_Name": "Yam",
  "Yam_Description": "A starchy tuber with a lot of culinary versatility.",
  "YamSeeds_Name": "Yam Seeds",
  "YamSeeds_Description": "Plant these in the fall. Takes 10 days to mature.",
  "FarAwayStone_Name": "Far Away Stone",
  "FarAwayStone_Description": "A stone of unknown origins. Looks like it could be placed into something.",
  "CalicoEgg_Name": "Calico Egg",
  "CalicoEgg_Description": "A unique egg that can be found during the Desert Festival.",
  "MixedFlowerSeeds_Name": "Mixed Flower Seeds",
  "MixedFlowerSeeds_Description": "An assortment of flower seeds. Plant them and see what grows!",
  "GoldenBobber_Name": "Golden Bobber",
  "GoldenBobber_Description": "Willy is looking for this.",
  "CalicoEggStone_Name": "Calico Egg Stone",
  "CalicoEggStone_Description": "Break apart to obtain Calico Eggs.",
  "MysteryBox_Name": "Mystery Box",
  "MysteryBox_Description": "A blacksmith can open this for you. Who knows what might be inside?",
  "TroutDerbyTag_Name": "Golden Tag",
  "TroutDerbyTag_Description": "Turn this in to the Trout Derby booth for a reward.",
  "DeluxeBait_Name": "Deluxe Bait",
  "DeluxeBait_Description": "Causes fish to bite even faster and increases size of the \"fishing bar\".",
  "Moss_Name": "Moss",
  "Moss_Description": "A special type of plant that grows in shady areas.",
  "MossySeed_Name": "Mossy Seed",
  "MossySeed_Description": "This can be planted to grow rare wild trees.",
  "GreenRainWeeds_Name": "Green Rain Weeds",
  "GreenRainWeeds0_Description": "Might contain fibers or mixed seeds.",
  "SonarBobber_Name": "Sonar Bobber",
  "SonarBobber_Description": "Shows what fish is on the line before it's caught.",
  "SpecificBait_Name": "Bait",
  "SpecificBait_Description": "Increases your chance to catch {0}.",
  "TentKit_Name": "Tent Kit",
  "TentKit_Description": "Use this to deploy a one-time-use tent for sleeping. Can only be used outdoors.",
  "VolcanoGoldNode_Name": "Gold Stone",
  "VolcanoGoldNode_Description": "Break apart to obtain gold ore.",
  "MysticTreeSeed_Name": "Mystic Tree Seed",
  "MysticTreeSeed_Description": "This can be planted to grow a special tree.",
  "MysticSyrup_Name": "Mystic Syrup",
  "MysticSyrup_Description": "A very rare syrup that is said to have magic properties.",
  "Raisins_Name": "Raisins",
  "Raisins_Description": "It's said to be the Junimos' favorite food.",
  "DriedFruit_Name": "Dried",
  "DriedFruit_Description": "Chewy pieces of dried {0}.",
  "DriedMushrooms_Name": "Dried",
  "DriedMushrooms_Description": "A package of gourmet mushrooms.",
  "StardropTea_Name": "Stardrop Tea",
  "StardropTea_Description": "A very special gift that would delight anyone.",
  "PrizeTicket_Name": "Prize Ticket",
  "PrizeTicket_Description": "Bring this to the prize machine in Lewis' house for a special reward.",
  "GoldCoin_Name": "Gold Coin",
  "GoldCoin_Description": "1 Gold coin.",
  "TreasureTotem_Name": "Treasure Totem",
  "TreasureTotem_Description": "Use on diggable terrain to summon a ring of treasure spots.",
  "ChallengeBait_Name": "Challenge Bait",
  "ChallengeBait_Description": "A \"perfect\" catch yields triple the fish. However, each time a fish escapes the \"fishing bar\", the catch is reduced.",
  "CarrotSeeds_Name": "Carrot Seeds",
  "CarrotSeeds_Description": "Plant in the spring. Takes 3 days to grow.",
  "Carrot_Name": "Carrot",
  "Carrot_Description": "A fast-growing, colorful tuber that makes for a great snack.",
  "SummerSquashSeeds_Name": "Summer Squash Seeds",
  "SummerSquashSeeds_Description": "Plant in the summer. Takes 6 days to grow, and continues to produce after first harvest.",
  "SummerSquash_Name": "Summer Squash",
  "SummerSquash_Description": "A curved yellow squash that is harvested while immature, and still tender.",
  "BroccoliSeeds_Name": "Broccoli Seeds",
  "BroccoliSeeds_Description": "Plant in the fall. Takes 8 days to mature, and continues to produce after first harvest.",
  "Broccoli_Name": "Broccoli",
  "Broccoli_Description": "The flowering head of a broccoli plant. The tiny buds give it a unique texture.",
  "PowdermelonSeeds_Name": "Powdermelon Seeds",
  "PowdermelonSeeds_Description": "This special melon grows in the winter. Takes 7 days to grow.",
  "Powdermelon_Name": "Powdermelon",
  "Powdermelon_Description": "Named for the powdery coating that forms on the surface, this melon is crisp and sweet, with a delicate flavor.",
  "SmokedFish_Name": "Smoked",
  "SmokedFish_Description": "A whole {0}, smoked to perfection.",
  "DriedFruit_CollectionsTabName": "Dried Fruit",
  "DriedFruit_CollectionsTabDescription": "Chewy pieces of dried fruit.",
  "SmokedFish_CollectionsTabName": "Smoked Fish",
  "SmokedFish_CollectionsTabDescription": "A whole fish, smoked to perfection.",
  "DriedMushrooms_CollectionsTabName": "Dried Mushrooms",
  "DriedMushrooms_CollectionsTabDescription": "A package of gourmet mushrooms."
}