{
  "Pants_Name": "Pants",
  "Pants_Description": "A wearable pair of pants.",
  "FarmerPants_Name": "Farmer Pants",
  "FarmerPants_Description": "Comfortable and durable for long hours in the field.",
  "Shorts_Name": "Shorts",
  "Shorts_Description": "Perfect for a hot summer's day... your legs will thank you.",
  "Dress_Name": "Long Dress",
  "Dress_Description": "A long, flowy dress.",
  "Skirt_Name": "Skirt",
  "Skirt_Description": "A cute skirt.",
  "PleatedSkirt_Name": "Pleated Skirt",
  "PleatedSkirt_Description": "A cute pleated skirt.",
  "DinosaurPants_Name": "Dinosaur Pants",
  "DinosaurPants_Description": "These pants were thought to have gone extinct a long time ago!",
  "GrassSkirt_Name": "Grass Skirt",
  "GrassSkirt_Description": "A skirt made of dried grass.",
  "LuauSkirt_Name": "Luau Skirt",
  "LuauSkirt_Description": "A skirt destined to make you the 'luau' the party!",
  "GeniePants_Name": "Genie Pants",
  "GeniePants_Description": "Pants that balloon out near the bottom. Your wish has been answered!",
  "TightPants_Name": "Tight Pants",
  "TightPants_Description": "A very tight pair of pants.",
  "BaggyPants_Name": "Baggy Pants",
  "BaggyPants_Description": "A loose pair of pants.",
  "SimpleDress_Name": "Simple Dress",
  "SimpleDress_Description": "A soft, smooth, medium length dress.",
  "RelaxedFitPants_Name": "Relaxed Fit Pants",
  "RelaxedFitPants_Description": "These pants have a little more room for the legs.",
  "RelaxedFitShorts_Name": "Relaxed Fit Shorts",
  "RelaxedFitShorts_Description": "These shorts have a little more room for the legs.",
  "PolkaDotShorts_Name": "Polka Dot Shorts",
  "PolkaDotShorts_Description": "Whoops!",
  "TrimmedLuckyPurpleShorts_Name": "Trimmed Lucky Purple Shorts",
  "TrimmedLuckyPurpleShorts_Description": "Purple silk shorts trimmed in luxurious gold...",
  "PrismaticPants_Name": "Prismatic Pants",
  "PrismaticPants_Description": "Pants that shimmer with prismatic energy.",
  "PrismaticGeniePants_Name": "Prismatic Genie Pants",
  "PrismaticGeniePants_Description": "Pants that shimmer with prismatic energy."
}