{
  "Shirt_Name": "Shirt",
  "Shirt_Description": "A wearable shirt.",
  "ClassicOveralls_Name": "Classic Overalls",
  "ClassicOveralls_Description": "A farming classic.",
  "MintBlouse_Name": "Mint Blouse",
  "MintBlouse_Description": "A cute, light green blouse.",
  "DarkShirt_Name": "Dark Shirt",
  "DarkShirt_Description": "A dark colored shirt.",
  "SkullShirt_Name": "Skull Shirt",
  "SkullShirt_Description": "A shirt with a menacing skull printed on it.",
  "LightBlueShirt_Name": "Light Blue Shirt",
  "LightBlueShirt_Description": "A light blue shirt.",
  "TanStripedShirt_Name": "Tan Striped Shirt",
  "TanStripedShirt_Description": "A tan shirt with a white stripe going through the middle of it.",
  "GreenOveralls_Name": "Green Overalls",
  "GreenOveralls_Description": "A slightly less popular farming classic.",
  "GoodGriefShirt_Name": "\"Good Grief\" Shirt",
  "GoodGriefShirt_Description": "A good ol' shirt...",
  "AquamarineShirt_Name": "Aquamarine Shirt",
  "AquamarineShirt_Description": "An aquamarine shirt.",
  "SuitTop_Name": "Suit Top",
  "SuitTop_Description": "A formal top for fancy events and celebrations.",
  "GreenBeltedShirt_1011_Name": "Green Belted Shirt",
  "GreenBeltedShirt_1011_Description": "A green, belted shirt.",
  "LimeGreenStripedShirt_Name": "Lime Green Striped Shirt",
  "LimeGreenStripedShirt_Description": "A lime green shirt with white stripes.",
  "RedStripedShirt_Name": "Red Striped Shirt",
  "RedStripedShirt_Description": "A red shirt with white stripes.",
  "SkeletonShirt_Name": "Skeleton Shirt",
  "SkeletonShirt_Description": "A shirt with a skeletal rib cage printed on it.",
  "OrangeShirt_Name": "Orange Shirt",
  "OrangeShirt_Description": "An orange shirt.",
  "NightSkyShirt_Name": "Night Sky Shirt",
  "NightSkyShirt_Description": "A shirt that reminds you of the night sky.",
  "MayoralSuspenders_Name": "Mayoral Suspenders",
  "MayoralSuspenders_Description": "A pair of suspenders that looks awfully familiar...",
  "BrownJacket_Name": "Brown Jacket",
  "BrownJacket_Description": "A nice, sturdy jacket made of brown material.",
  "SailorShirt_Name": "Sailor Shirt",
  "SailorShirt_Description": "Reminds you of the open sea.",
  "GreenVest_Name": "Green Vest",
  "GreenVest_Description": "A neat green vest over a shirt.",
  "YellowandGreenShirt_Name": "Yellow and Green Shirt",
  "YellowandGreenShirt_Description": "A yellow shirt with a green stripe.",
  "LightBlueStripedShirt_Name": "Light Blue Striped Shirt",
  "LightBlueStripedShirt_Description": "A light blue shirt with a white stripe.",
  "PinkStripedShirt_Name": "Pink Striped Shirt",
  "PinkStripedShirt_Description": "A pink shirt with stripes.",
  "WorkShirt_Name": "Work Shirt",
  "WorkShirt_Description": "For long days in the fields.",
  "StoreOwnersJacket_Name": "Store Owner's Jacket",
  "StoreOwnersJacket_Description": "A jacket that looks like it'd be worn by a small town merchant.",
  "GreenTunic_Name": "Green Tunic",
  "GreenTunic_Description": "A shirt fit for an adventurer.",
  "FancyRedBlouse_Name": "Fancy Red Blouse",
  "FancyRedBlouse_Description": "A bright red blouse adorned with shiny yellow buttons.",
  "PlainShirt_Name_Female": "Plain Shirt (F)",
  "PlainShirt_Name_Male": "Plain Shirt (M)",
  "PlainShirt_Description": "A simple shirt.",
  "RetroRainbowShirt_Name": "Retro Rainbow Shirt",
  "RetroRainbowShirt_Description": "A simple shirt with a faded rainbow pattern.",
  "LimeGreenTunic_Name": "Lime Green Tunic",
  "LimeGreenTunic_Description": "A bright green tunic with a belt.",
  "NeatBowShirt_Name": "Neat Bow Shirt",
  "NeatBowShirt_Description": "A neat button down shirt with a prominent bow tie.",
  "ShirtAndTie_Name": "Shirt And Tie",
  "ShirtAndTie_Description": "A white dress shirt and a tie.",
  "EmilysMagicShirt_Name": "Emily's Magic Shirt",
  "EmilysMagicShirt_Description": "Made with love by Emily. Colored with all-natural dye!",
  "StripedShirt_Name": "Striped Shirt",
  "StripedShirt_Description": "It's a shirt with faint stripes on it.",
  "TankTop_Name_Female": "Tank Top (F)",
  "TankTop_Name_Male": "Tank Top (M)",
  "TankTop_Description": "A sleeveless shirt.",
  "CowboyPoncho_Name": "Cowboy Poncho",
  "CowboyPoncho_Description": "A legendary outfit from the old west.",
  "CropTankTop_Name_Female": "Crop Tank Top (F)",
  "CropTankTop_Name_Male": "Crop Tank Top (M)",
  "CropTankTop_Description": "A sleeveless shirt cut extra short on the bottom.",
  "BikiniTop_Name": "Bikini Top",
  "BikiniTop_Description": "A summer staple.",
  "WumbusShirt_Name": "Wumbus Shirt",
  "WumbusShirt_Description": "A shirt featuring a strange green guy.",
  "80sShirt_Name_Female": "80's Shirt (F)",
  "80sShirt_Name_Male": "80's Shirt (M)",
  "80sShirt_Description": "A gnarly t-shirt that sits off the shoulder.",
  "LettermanJacket_Name": "Letterman Jacket",
  "LettermanJacket_Description": "A jacket that's oozing with team spirit.",
  "BlackLeatherJacket_Name": "Black Leather Jacket",
  "BlackLeatherJacket_Description": "A cool jacket made of dark black leather.",
  "StrappedTop_Name": "Strapped Top",
  "StrappedTop_Description": "A top with a thin strap.",
  "ButtonDownShirt_Name": "Button Down Shirt",
  "ButtonDownShirt_Description": "A simple, clean shirt.",
  "CropTopShirt_Name": "Crop Top Shirt",
  "CropTopShirt_Description": "A shirt cut extra short on the bottom.",
  "TubeTop_Name": "Tube Top",
  "TubeTop_Description": "A strapless top that wraps around the body.",
  "TieDyeShirt_Name": "Tie Dye Shirt",
  "TieDyeShirt_Description": "A shirt that was tied up and then dipped into multiple colored dyes.",
  "SteelBreastplate_Name": "Steel Breastplate",
  "SteelBreastplate_Description": "Decorative armor made from steel.",
  "CopperBreastplate_Name": "Copper Breastplate",
  "CopperBreastplate_Description": "Decorative armor made from copper.",
  "GoldBreastplate_Name": "Gold Breastplate",
  "GoldBreastplate_Description": "Decorative armor made from solid gold.",
  "IridiumBreastplate_Name": "Iridium Breastplate",
  "IridiumBreastplate_Description": "Decorative armor made from pure iridium.",
  "FakeMusclesShirt_Name": "Fake Muscles Shirt",
  "FakeMusclesShirt_Description": "You could hit the gym, or you could just wear this instead.",
  "FlannelShirt_Name": "Flannel Shirt",
  "FlannelShirt_Description": "A nice thick button down shirt with a cross-hatch pattern. Perfect for cold winters.",
  "BomberJacket_Name": "Bomber Jacket",
  "BomberJacket_Description": "A thick, sturdy jacket worn by fighter pilots long ago.",
  "CavemanShirt_Name": "Caveman Shirt",
  "CavemanShirt_Description": "A stone-age classic!",
  "FishingVest_Name": "Fishing Vest",
  "FishingVest_Description": "Lots of pockets to store your tackle.",
  "FishShirt_Name": "Fish Shirt",
  "FishShirt_Description": "A shirt with a fish logo.",
  "ShirtAndBelt_Name": "Shirt And Belt",
  "ShirtAndBelt_Description": "A plain shirt with a brown belt.",
  "GrayHoodie_Name": "Gray Hoodie",
  "GrayHoodie_Description": "A sporty gray pullover with a hood.",
  "BlueHoodie_Name": "Blue Hoodie",
  "BlueHoodie_Description": "A sporty blue pullover with a hood.",
  "RedHoodie_Name": "Red Hoodie",
  "RedHoodie_Description": "A sporty red pullover with a hood.",
  "DenimJacket_Name": "Denim Jacket",
  "DenimJacket_Description": "A rugged jacket made from denim.",
  "TrackJacket_Name": "Track Jacket",
  "TrackJacket_Description": "A light jacket made from elastic material.",
  "WhiteGi_Name": "White Gi",
  "WhiteGi_Description": "A loose garment typically worn by martial artists.",
  "OrangeGi_Name": "Orange Gi",
  "OrangeGi_Description": "A loose garment typically worn by martial artists.",
  "GrayVest_Name": "Gray Vest",
  "GrayVest_Description": "A gray vest over a white shirt.",
  "KelpShirt_Name": "Kelp Shirt",
  "KelpShirt_Description": "It looks like you just washed up on the beach. Smells like it, too.",
  "StuddedVest_Name": "Studded Vest",
  "StuddedVest_Description": "A black vest studded with metal spikes.",
  "GaudyShirt_Name": "Gaudy Shirt",
  "GaudyShirt_Description": "It's a therapeutic blue...",
  "OasisGown_Name": "Oasis Gown",
  "OasisGown_Description": "The jewel of the desert.",
  "BlacksmithApron_Name": "Blacksmith Apron",
  "BlacksmithApron_Description": "Handed down from one generation to the next.",
  "HighWaistedShirt_DyeableBottom_Name": "High-Waisted Shirt",
  "HighWaistedShirt_DyeableBottom_Description": "The high-waisted pants look, with a dyeable bottom.",
  "HighWaistedShirt_DyeableTop_Name": "High-Waisted Shirt",
  "HighWaistedShirt_DyeableTop_Description": "The high-waisted jeans look, with a dyeable top.",
  "BasicPullover_Name_Female": "Basic Pullover (F)",
  "BasicPullover_Name_Male": "Basic Pullover (M)",
  "BasicPullover_Description": "It's a plain pullover.",
  "TurtleneckSweater_Name": "Turtleneck Sweater",
  "TurtleneckSweater_Description": "Keep that neck piping hot.",
  "IridiumEnergyShirt_Name": "Iridium Energy Shirt",
  "IridiumEnergyShirt_Description": "Show off your iridium energy.",
  "TunnelersJersey_Name": "Tunnelers Jersey",
  "TunnelersJersey_Description": "It's a jersey for the Zuzu City Tunnelers.",
  "GraySuit_Name": "Gray Suit",
  "GraySuit_Description": "It's a custom-tailored gray suit.",
  "RedTuxedo_Name": "Red Tuxedo",
  "RedTuxedo_Description": "An elegant top for formal events.",
  "NavyTuxedo_Name": "Navy Tuxedo",
  "NavyTuxedo_Description": "An elegant top for formal events.",
  "HolidayShirt_Name": "Holiday Shirt",
  "HolidayShirt_Description": "Celebrate the Feast of the Winter Star.",
  "LeafyTop_Name": "Leafy Top",
  "LeafyTop_Description": "Real leaves adorn this garment.",
  "GoodnightShirt_Name": "Goodnight Shirt",
  "GoodnightShirt_Description": "A big baggy nightshirt with a detailed moon graphic.",
  "GreenBeltedShirt_1189_Name": "Green Belted Shirt",
  "GreenBeltedShirt_1189_Description": "A green shirt with a belt.",
  "HappyShirt_Name": "Happy Shirt",
  "HappyShirt_Description": "It's the happiest shirt.",
  "ShirtwithBow_Name": "Shirt with Bow",
  "ShirtwithBow_Description": "This shirt comes with a little bow around the neck.",
  "JesterShirt_Name": "Jester Shirt",
  "JesterShirt_Description": "Put your inner clown on display.",
  "OceanShirt_Name": "Ocean Shirt",
  "OceanShirt_Description": "The shirt looks like underwater ripples.",
  "DarkStripedShirt_Name": "Dark Striped Shirt",
  "DarkStripedShirt_Description": "A dark shirt with colorful stripes.",
  "BandanaShirt_1195_Name": "Bandana Shirt",
  "BandanaShirt_1195_Description": "A shirt with a bandana that keeps your neck very clean.",
  "BackpackShirt_Name": "Backpack Shirt",
  "BackpackShirt_Description": "A plain shirt with a canvas backpack.",
  "PurpleBlouse_Name": "Purple Blouse",
  "PurpleBlouse_Description": "A stunning purple blouse.",
  "VintagePolo_Name": "Vintage Polo",
  "VintagePolo_Description": "It's faded from age and smells like old closet.",
  "TogaShirt_Name": "Toga Shirt",
  "TogaShirt_Description": "It's an old design, but the airflow is really nice!",
  "StarShirt_Name": "Star Shirt",
  "StarShirt_Description": "The star is supposed to glow in the dark, but it doesn't.",
  "ClassyTop_Name_Female": "Classy Top (F)",
  "ClassyTop_Name_Male": "Classy Top (M)",
  "ClassyTop_Description": "It feels like the softest velvet.",
  "BandanaShirt_1203_Name": "Bandana Shirt",
  "BandanaShirt_1203_Description": "A shirt with a bandana to shield your neck from harm.",
  "VacationShirt_Name": "Vacation Shirt",
  "VacationShirt_Description": "It's a tourist shirt from the Fern Islands.",
  "GreenThumbShirt_Name": "Green Thumb Shirt",
  "GreenThumbShirt_Description": "It comes pre-rubbed with potting soil.",
  "BandanaShirt_Name": "Bandana Shirt",
  "BandanaShirt_Description": "A shirt with a bandana to keep your neck soft.",
  "SlimeShirt_Name": "Slime Shirt",
  "SlimeShirt_Description": "A shirt that looks like a big slime.",
  "ExcavatorShirt_Name": "Excavator Shirt",
  "ExcavatorShirt_Description": "Look sharp while digging for fossils.",
  "SportsShirt_Name": "Sports Shirt",
  "SportsShirt_Description": "Knock it out of the park with this classic look.",
  "HeartShirt_Name": "Heart Shirt",
  "HeartShirt_Description": "Wear your heart on your sleeves with this extra soft garment.",
  "DarkJacket_Name": "Dark Jacket",
  "DarkJacket_Description": "A dark denim jacket lined with fleece.",
  "SunsetShirt_Name": "Sunset Shirt",
  "SunsetShirt_Description": "A shirt inspired by the most evocative time of day.",
  "ChefCoat_Name": "Chef Coat",
  "ChefCoat_Description": "The traditional uniform of a head chef.",
  "ShirtOTheSea_Name": "Shirt O' The Sea",
  "ShirtOTheSea_Description": "It smells like the brine of the sea.",
  "ArcaneShirt_Name": "Arcane Shirt",
  "ArcaneShirt_Description": "You can feel a certain power from this garment.",
  "PlainOveralls_Name": "Plain Overalls",
  "PlainOveralls_Description": "Classic overalls with a shirt that can be dyed.",
  "SleevelessOveralls_Name": "Sleeveless Overalls",
  "SleevelessOveralls_Description": "Classic overalls with a sleeveless shirt that can be dyed.",
  "WhiteOverallsShirt_Name": "White Overalls Shirt",
  "WhiteOverallsShirt_Description": "Classic overalls with a white shirt and belt.",
  "Cardigan_Name": "Cardigan",
  "Cardigan_Description": "A soft button-up cardigan sweater.",
  "YobaShirt_Name": "Yoba Shirt",
  "YobaShirt_Description": "A shirt featuring a prominent 'sign of the vessel'.",
  "NecklaceShirt_Name": "Necklace Shirt",
  "NecklaceShirt_Description": "A shirt with a gold necklace.",
  "BeltedCoat_Name": "Belted Coat",
  "BeltedCoat_Description": "A velvety black coat with a prominent belt.",
  "GoldTrimmedShirt_Name": "Gold Trimmed Shirt",
  "GoldTrimmedShirt_Description": "A shirt with a gold trim.",
  "PrismaticShirt_Name": "Prismatic Shirt",
  "PrismaticShirt_Description": "It's shimmering with prismatic energy.",
  "PendantShirt_Name": "Pendant Shirt",
  "PendantShirt_Description": "A shirt with a big pendant.",
  "HighHeatShirt_Name": "High Heat Shirt",
  "HighHeatShirt_Description": "The shirt almost looks like it's on fire!",
  "FlamesShirt_Name": "Flames Shirt",
  "FlamesShirt_Description": "Look cool with hot flames.",
  "AntiquityShirt_Name": "Antiquity Shirt",
  "AntiquityShirt_Description": "A shirt with an ancient pattern.",
  "SoftArrowShirt_Name": "Soft Arrow Shirt",
  "SoftArrowShirt_Description": "A soft-colored shirt with an upward arrow pattern.",
  "DollShirt_Name": "Doll Shirt",
  "DollShirt_Description": "A shirt featuring a strange ancient doll face.",
  "JewelryShirt_Name": "Jewelry Shirt",
  "JewelryShirt_Description": "A shirt with a simple golden chain.",
  "CanvasJacket_Name": "Canvas Jacket",
  "CanvasJacket_Description": "A brown jacket with a fleece lining.",
  "TrashCanShirt_Name": "Trash Can Shirt",
  "TrashCanShirt_Description": "You're wearing a trash can.",
  "RustyShirt_Name": "Rusty Shirt",
  "RustyShirt_Description": "It's made to look like the shirt is full of rust.",
  "CircuitboardShirt_Name": "Circuitboard Shirt",
  "CircuitboardShirt_Description": "The shirt looks like an electronics circuitboard.",
  "FluffyShirt_Name": "Fluffy Shirt",
  "FluffyShirt_Description": "It's fuzzy.",
  "SauceStainedShirt_Name": "Sauce-Stained Shirt",
  "SauceStainedShirt_Description": "It's already covered in spaghetti sauce so you don't have to feel guilty about it!",
  "BrownSuit_Name": "Brown Suit",
  "BrownSuit_Description": "It's a standard brown business suit.",
  "GoldenShirt_Name": "Golden Shirt",
  "GoldenShirt_Description": "It's a shiny golden shirt.",
  "CaptainsUniform_Name": "Captain's Uniform",
  "CaptainsUniform_Description": "The classic uniform of a ship's captain.",
  "OfficerUniform_Name": "Officer Uniform",
  "OfficerUniform_Description": "The classic uniform for an officer of the law.",
  "RangerUniform_Name": "Ranger Uniform",
  "RangerUniform_Description": "The classic uniform for a park ranger.",
  "BlueLongVest_Name": "Blue Long Vest",
  "BlueLongVest_Description": "A long blue vest above a grey shirt.",
  "RegalMantle_Name": "Regal Mantle",
  "RegalMantle_Description": "A regal purple garment",
  "RelicShirt_Name": "Relic Shirt",
  "RelicShirt_Description": "I found a golden relic and I've got the shirt to prove it!",
  "BoboShirt_Name": "Bobo Shirt",
  "BoboShirt_Description": "A pink shirt featuring a strange-looking guy.",
  "FriedEggShirt_Name": "Fried Egg Shirt",
  "FriedEggShirt_Description": "Wake up, it's time for eggs.",
  "BurgerShirt_Name": "Burger Shirt",
  "BurgerShirt_Description": "Wear what you eat!",
  "CollaredShirt_Name": "Collared Shirt",
  "CollaredShirt_Description": "A shirt with a starchy white collar.",
  "ToastedShirt_Name": "Toasted Shirt",
  "ToastedShirt_Description": "It looks lightly toasted.",
  "CarpShirt_Name": "Carp Shirt",
  "CarpShirt_Description": "A big carp head adorns the front.",
  "RedFlannelShirt_Name": "Red Flannel Shirt",
  "RedFlannelShirt_Description": "A flannel shirt with a red and blue pattern.",
  "TortillaShirt_Name": "Tortilla Shirt",
  "TortillaShirt_Description": "A shirt that looks like the surface of a tortilla.",
  "WarmFlannelShirt_Name": "Warm Flannel Shirt",
  "WarmFlannelShirt_Description": "A flannel shirt with a warm brown and rose color.",
  "SugarShirt_Name": "Sugar Shirt",
  "SugarShirt_Description": "It's bursting with 'sweet energy'.",
  "GreenFlannelShirt_Name": "Green Flannel Shirt",
  "GreenFlannelShirt_Description": "A flannel shirt with a green and brown pattern.",
  "OilStainedShirt_Name": "Oil Stained Shirt",
  "OilStainedShirt_Description": "It's already stained with oil for that greasy look.",
  "MorelShirt_Name": "Morel Shirt",
  "MorelShirt_Description": "This shirt features the iconic spring mushroom.",
  "SpringShirt_Name": "Spring Shirt",
  "SpringShirt_Description": "It's light, it's fresh, and it features the colors of spring.",
  "RainCoat_Name": "Rain Coat",
  "RainCoat_Description": "The classic yellow rain coat.",
  "SailorShirt_1261_Name": "Sailor Shirt",
  "SailorShirt_1261_Description": "Unlike most sailor shirts, this one has a dyeable body and a white collar.",
  "DarkBandanaShirt_Name": "Dark Bandana Shirt",
  "DarkBandanaShirt_Description": "A dark shirt with a colorful bandana.",
  "DarkHighlightShirt_Name": "Dark Highlight Shirt",
  "DarkHighlightShirt_Description": "A dark shirt with bright highlights.",
  "OmniShirt_Name": "Omni Shirt",
  "OmniShirt_Description": "It's speckled with rainbow flecks!",
  "BridalShirt_Name": "Bridal Shirt",
  "BridalShirt_Description": "A beautiful white top, perfect for a bride.",
  "BrownOveralls_Name": "Brown Overalls",
  "BrownOveralls_Description": "It's hard to see the dirt stains on this one.",
  "OrangeBowShirt_Name": "Orange Bow Shirt",
  "OrangeBowShirt_Description": "A striped orange shirt with a big white bow.",
  "WhiteOveralls_Name": "White Overalls",
  "WhiteOveralls_Description": "A nice clean variant of the classic farmer look.",
  "PourOverShirt_Name": "Pour-Over Shirt",
  "PourOverShirt_Description": "A familiar zig-zag pattern adorns this shirt. Ahhh... that smell.",
  "GreenJacketShirt_Name": "Green Jacket Shirt",
  "GreenJacketShirt_Description": "Inspired by the mallard's coat. The shirt can be dyed.",
  "ShortJacket_Name": "Short Jacket",
  "ShortJacket_Description": "A short dyeable jacket over a shirt.",
  "PolkaDotShirt_Name": "Polka Dot Shirt",
  "PolkaDotShirt_Description": "A dark shirt with dyeable polka dots.",
  "WhiteDotShirt_Name": "White Dot Shirt",
  "WhiteDotShirt_Description": "A dyeable shirt with white polka dots.",
  "CamoShirt_Name": "Camo Shirt",
  "CamoShirt_Description": "Helps you blend in with the surroundings.",
  "DirtShirt_Name": "Dirt Shirt",
  "DirtShirt_Description": "You'll fit right in on the farm!",
  "CrabCakeShirt_Name": "Crab Cake Shirt",
  "CrabCakeShirt_Description": "Pre-slathered with aioli for your enjoyment. Bon Appetit!",
  "SilkyShirt_Name": "Silky Shirt",
  "SilkyShirt_Description": "It's made from a smooth silky substance.",
  "BlueButtonedVest_Name": "Blue Buttoned Vest",
  "BlueButtonedVest_Description": "It's a blue shirt with dyeable sleeves.",
  "FadedDenimShirt_Name": "Faded Denim Shirt",
  "FadedDenimShirt_Description": "It's a denim shirt with a dusty, faded look.",
  "RedButtonedVest_Name": "Red Buttoned Vest",
  "RedButtonedVest_Description": "It's a red shirt with dyeable sleeves.",
  "GreenButtonedVest_Name": "Green Buttoned Vest",
  "GreenButtonedVest_Description": "It's a green shirt with dyeable sleeves.",
  "TomatoShirt_Name": "Tomato Shirt",
  "TomatoShirt_Description": "A shirt that answers the big question: 'Tomatoes are'... (but the rest is smudged).",
  "FringedVest_Name": "Fringed Vest",
  "FringedVest_Description": "A fringed brown vest over a sleeveless shirt.",
  "GlobbyShirt_Name": "Globby Shirt",
  "GlobbyShirt_Description": "It's got an indistinguishable glob pattern.",
  "MidnightDogJacket_Name": "Midnight Dog Jacket",
  "MidnightDogJacket_Description": "It's dyed a deep midnight blue from squid ink.",
  "ShrimpEnthusiastShirt_Name": "Shrimp Enthusiast Shirt",
  "ShrimpEnthusiastShirt_Description": "For those whose appetites demand a steady supply of shrimp.",
  "TeaShirt_Name": "Tea Shirt",
  "TeaShirt_Description": "A shirt inspired by the popular beverage.",
  "TrinketShirt_Name": "Trinket Shirt",
  "TrinketShirt_Description": "A shirt with large colored glass orbs attached to it.",
  "DarknessSuit_Name": "Darkness Suit",
  "DarknessSuit_Description": "A black suit top with a faded red pocket square.",
  "MineralDogJacket_Name": "Mineral Dog Jacket",
  "MineralDogJacket_Description": "It's infused with trace minerals from the ocean.",
  "MagentaShirt_Name": "Magenta Shirt",
  "MagentaShirt_Description": "This particular shade is unique to the magma cap mushroom.",
  "GingerOveralls_Name": "Ginger Overalls",
  "GingerOveralls_Description": "The color scheme is inspired by ginger ale.",
  "BananaShirt_Name": "Banana Shirt",
  "BananaShirt_Description": "Consider this shirt, if you happen to love bananas.",
  "YellowSuit_Name": "Yellow Suit",
  "YellowSuit_Description": "It's a bold statement to wear this suit.",
  "HotPinkShirt_Name": "Hot Pink Shirt",
  "HotPinkShirt_Description": "A silky shirt in tropical pink.",
  "TropicalSunriseShirt_Name": "Tropical Sunrise Shirt",
  "TropicalSunriseShirt_Description": "This shirt smells like coconut.",
  "IslandBikini_Name": "Island Bikini",
  "IslandBikini_Description": "A Fern Islands classic.",
  "MagicSprinkleShirt_Name": "Magic Sprinkle Shirt",
  "MagicSprinkleShirt_Description": "A shirt with prismatic sprinkles.",
  "PrismaticShirt_DarkSleeves_Name": "Prismatic Shirt",
  "PrismaticShirt_DarkSleeves_Description": "It's shimmering with prismatic energy. Has dark sleeves.",
  "PrismaticShirt_LightSleeves_Name": "Prismatic Shirt",
  "PrismaticShirt_LightSleeves_Description": "It's shimmering with prismatic energy. Has white sleeves.",
  "MysteryShirt_Name": "Mystery Shirt",
  "MysteryShirt_Description": "Made from the leftovers of a Mystery Box."
}