{
  "Willy_Name": "Juicy Bugs Wanted!",
  "Willy_Text": "Hey there, I'm looking for a big wad o' bug guts. The juicier the better... at least that's what the crabs seem to like... 100 pieces should do the trick.",
  "Willy_Objective_0_Text": "Collect a bunch of bug meat",
  "Willy_Objective_1_Text": "Place the bug meat in the barrel next to Willy's house.",
  "Pam_Name": "The Strong Stuff",
  "Pam_Text": "Heard there's a spirit made out of potatoes that really packs a whallop, if you know what I mean. Mind dropping a few taters into a keg and bringing me a batch or two?",
  "Pam_Objective_0_Text": "Keg a few potatoes and collect 12 batches",
  "Pam_Objective_1_Text": "Place the product in Pam's kitchen.",
  "Pierre_Name": "Pierre's Prime Produce",
  "Pierre_Text": "Hello there. For an upcoming promotion, I'm thinking of offering some high-quality vegetables at a slight premium... Know where a thrifty shopkeep might find 25 gold-star vegetables?",
  "Pierre_Objective_0_Text": "Harvest gold-quality vegetables",
  "Pierre_Objective_1_Text": "Place the crops in the empty produce box in Pierre's shop.",
  "Robin_Name": "Robin's Project",
  "Robin_Text": "Hey! I have an idea for a new style of bed, but I'll need 80 hardwood to make it happen. Can anyone help?                     -Robin",
  "Robin_Objective_0_Text": "Gather 80 pieces of hardwood.",
  "Robin_Objective_1_Text": "Add the hardwood to the stockpile in Robin's house.",
  "Emily_Name": "Rock Rejuvenation",
  "Emily_Text": "Hey! I'm going to invite some friends over to do a \"rock rejuvenation\" ceremony, but I'll need some crystals to channel the right energies. Do you think you could lend me a hand?",
  "Emily_Objective_0_Text": "Deliver a Ruby to Emily",
  "Emily_Objective_1_Text": "Deliver a Topaz to Emily",
  "Emily_Objective_2_Text": "Deliver an Emerald to Emily",
  "Emily_Objective_3_Text": "Deliver a Jade to Emily",
  "Emily_Objective_4_Text": "Deliver an Amethyst to Emily",
  "Demetrius_Name": "Aquatic Overpopulation",
  "Demetrius_Text": "For unknown reasons, the local population of {FishType:Text} has grown to an unsustainable level. I need a local angler to help reduce their numbers.",
  "Demetrius_Objective_0_Text": "Catch 10 {FishType:Text}.",
  "Demetrius2_Name": "Biome Balance",
  "Demetrius2_Text": "For unknown reasons, the local population of {FishType:Text} has grown to an unsustainable level. I need a local angler to help reduce their numbers.",
  "Demetrius2_Objective_0_Text": "Catch 20 {FishType:Text}.",
  "Demetrius2_RE_FishType_0_Text": "river fish",
  "Demetrius2_RE_FishType_1_Text": "ocean fish",
  "Demetrius2_RE_FishType_2_Text": "lake fish",
  "Gus_Name": "Gus' Famous Omelet",
  "Gus_Text": "{Greeting}... but I'll need two dozen eggs. Any takers?                -Gus",
  "Gus_Objective_0_Text": "Gather 24 eggs.",
  "Gus_Objective_1_Text": "Put the eggs in Gus' fridge.",
  "Gus_RE_Greeting_0": "I've got the urge to make my famous giant omelet",
  "Gus_RE_Greeting_1": "I've got the urge to make another giant omelet",
  "Lewis_Name": "Crop Order",
  "Lewis_Text": "{Text} Anyone who ships 100 {Crop:TextPlural} by the end of the season will earn a substantial reward from the Pelican Town Agricultural Fund.",
  "Lewis_Objective_1_Text": "Harvest 100 {Crop:Text}.",
  "Lewis_Objective_0_Text": "Ship 100 {Crop:Text}.",
  "Lewis_RE_Text_0": "{Crop:TextPluralCapitalized} are in high demand this year. ",
  "Lewis_RE_Text_1": "Apparently, {Crop:TextPlural} are considered the latest 'superfood' in Zuzu City. ",
  "Lewis_RE_Text_2": "There's a new beauty craze in Zuzu City... apparently, a lotion made from {Crop:Text} is said to remove wrinkles. ",
  "Lewis_RE_Text_3": "The Queen of Sauce was recently spotted dining on fresh {Crop:Text}. Now everyone in the world wants one!",
  "Lewis_RE_Text_4": "The Governor is holding a banquet, and his Chefs are ordering huge numbers of {Crop:TextPlural}.",
  "Wizard_Name": "A Curious Substance",
  "Wizard_Text": "I seek an extremely rare and powerful goop, known as 'ectoplasm'. It can be found in the remains of slain ghosts.      -M. Rasmodius",
  "Wizard_Objective_0_Text": "Deliver an ectoplasm to Wizard",
  "Wizard_Objective_0_Message": "Ah, it's brimming with the energy of forgotten souls... perfect.$h#$b#Now, begone! I shall require perfect silence to discern the true nature of this substance.",
  "Clint_Name": "Cave Patrol",
  "Clint_Text": "The number of {Monster:LocalizedName} in the local caves have made mining dangerous... for other people, not me! There's good money for anyone willing to slay 50 of them.          -Clint",
  "Clint_Objective_0_Text": "Slay 50 {Monster:LocalizedName}.",
  "Clint_RE_Monster_0_LocalizedName": "Bats",
  "Clint_RE_Monster_1_LocalizedName": "Dust Sprites",
  "Clint_RE_Monster_2_LocalizedName": "Skeletons",
  "Clint_RE_Monster_3_LocalizedName": "Grubs",
  "Linus_Name": "Community Cleanup",
  "Linus_Text": "I have an idea. There's a lot of trash in the water. Why don't we fish some out to make the valley more beautiful?                     -Linus",
  "Linus_Objective_0_Text": "Gather 20 pieces of trash.",
  "Linus_Objective_1_Text": "Dump the trash in the recycling bin behind the train platform.",
  "Evelyn_Name": "Gifts for George",
  "Evelyn_Text": "George thinks no one in town cares about him. I'd like to prove him wrong! A dozen leeks should do the trick... they're his favorite.                      -Evelyn",
  "Evelyn_Objective_0_Text": "Gather 12 leeks.",
  "Evelyn_Objective_1_Text": "Place the leeks in Evelyn's kitchen.",
  "Wizard2_Name": "Prismatic Jelly",
  "Wizard2_Text": "I require assistance in tracking down the rare and dangerous prismatic slime, within the local caves. Bring me a jar of its prismatic jelly and you will be duly rewarded.        -M. Rasmodius",
  "Wizard2_Objective_0_Text": "Slay a prismatic slime.",
  "Wizard2_Objective_1_Text": "Deliver a prismatic jelly to Wizard",
  "Wizard2_Objective_1_Message": "Ah... you've returned from the hunt. I sense that you were successful!$h#$b#Now, hand over the jelly and begone! I have important work to do.",
  "Robin2_Name": "Robin's Resource Rush",
  "Robin2_Text": "I'm putting on a little promotion, just for fun. If anyone can collect 1000 pieces of {Resource:Text} in a week, they'll earn a reward. And you can keep the {Resource:Text}!             -Robin",
  "Robin2_Objective_0_Text": "Gather 1000 pieces of {Resource:Text}.",
  "Gunther_Name": "Fragments of the past",
  "Gunther_Text": "Calling all amateur paleontologists! I need 100 pieces of bone for my studies. Please drop them off at the museum counter!          -Gunther",
  "Gunther_Objective_1_Text": "Gather 100 pieces of bone.",
  "Gunther_Objective_0_Text": "Place the bones in the drop box at the museum counter.",
  "Caroline_Name": "Island Ingredients",
  "Caroline_Text": "I want to experiment with tropical cooking, but it's hard to find any ingredients. If someone could ship 100 {Crop:TextPlural}, it might help! ",
  "Caroline_Objective_0_Text": "Ship 100 {Crop:Text}.",
  "Willy2_Name": "Tropical Fish",
  "Willy2_Text": "There's nothin' like tropical fishing... To keep the art alive, I'm offering a reward for whoever can bring in a good island haul.",
  "Willy2_Objective_0_Text": "Catch 5 Lionfish.",
  "Willy2_Objective_1_Text": "Catch 5 Blue Discus.",
  "Willy2_Objective_2_Text": "Catch 5 Stingray.",
  "QiChallenge_Name": "FivePlagues",
  "QiChallenge_Text": "I will provide you with 600 Qi Beans. Plant these, grow them, and ship at least 500 of them in a week or less. But beware, Five plagues will descend upon you, threatening your crop...",
  "QiChallenge_Objective_0_Text": "Ship 500 Qi Fruit.",
  "QiChallenge2_Name": "Qi's Crop",
  "QiChallenge2_Text": "I've hidden Qi Beans throughout the world. Find them, grow them, propagate them, and ship 500 Qi Fruit within the time limit.",
  "QiChallenge2_Objective_0_Text": "Ship 500 Qi Fruit",
  "QiChallenge3_Name": "Let's Play A Game",
  "QiChallenge3_Text": "Think you can score 50,000 points in Junimo Kart endless mode? Prove it.",
  "QiChallenge3_Objective_0_Text": "Score 50,000 points in Junimo Kart endless mode.",
  "QiChallenge4_Name": "Four Precious Stones",
  "QiChallenge4_Text": "Find 4 prismatic shards. Place them in my collection box.",
  "QiChallenge4_Objective_0_Text": "Place 4 Prismatic Shards into Qi's collection box.",
  "QiChallenge5_Name": "Qi's Hungry Challenge",
  "QiChallenge5_Text": "Your task is to make it to level 100 in the Skull Cavern. However, you can't eat or drink anything while there.",
  "QiChallenge5_Objective_0_Text": "Make it to level 100 in the Skull Cavern.",
  "QiChallenge6_Name": "Qi's Cuisine",
  "QiChallenge6_Text": "Ship 100,000g worth of freshly cooked items.",
  "QiChallenge6_Objective_0_Text": "Ship 100,000g worth of freshly cooked items.",
  "QiChallenge7_Name": "Qi's Kindness",
  "QiChallenge7_Text": "Give 50 loved gifts in one week.",
  "QiChallenge7_Objective_0_Text": "Give 50 loved gifts in one week.",
  "QiChallenge8_Name": "Extended Family",
  "QiChallenge8_Text": "Family members of the legendary fish have returned to the valley. You have three days to catch Ms. Angler, Glacierfish Jr., Son of Crimsonfish, Radioactive Carp, and The Legend II.",
  "QiChallenge8_Objective_0_Text": "Catch Ms. Angler.",
  "QiChallenge8_Objective_1_Text": "Catch Glacierfish Jr.",
  "QiChallenge8_Objective_2_Text": "Catch Son of Crimsonfish.",
  "QiChallenge8_Objective_3_Text": "Catch Radioactive Carp.",
  "QiChallenge8_Objective_4_Text": "Catch The Legend II.",
  "QiChallenge9_Name": "Danger In The Deep",
  "QiChallenge9_Text": "The mine elevator system has been reset, and new dangers have emerged from deep underground. Make it to the bottom of the mines in one week.",
  "QiChallenge9_Objective_0_Text": "Reach the bottom of the mines, again.",
  "QiChallenge10_Name": "Skull Cavern Invasion",
  "QiChallenge10_Text": "The Skull Cavern has been invaded by powerful monsters. Make it to level 100 in one piece.",
  "QiChallenge10_Objective_0_Text": "Make it to level 100 of the Skull Cavern.",
  "QiChallenge11_Name": "Find Qi's Double",
  "QiChallenge11_Text": "There's a second version of me, hiding somewhere in town. Can you catch him?",
  "QiChallenge11_Objective_0_Text": "Catch Qi's double.",
  "QiChallenge12_Name": "Qi's Prismatic Grange",
  "QiChallenge12_Text": "Find 100 each of red, orange, yellow, green, blue, and purple items. Place them in my collection box.",
  "QiChallenge12_Objective_0_Text": "Place 100 red items into Qi's collection box.",
  "QiChallenge12_Objective_1_Text": "Place 100 orange items into Qi's collection box.",
  "QiChallenge12_Objective_2_Text": "Place 100 yellow items into Qi's collection box.",
  "QiChallenge12_Objective_3_Text": "Place 100 green items into Qi's collection box.",
  "QiChallenge12_Objective_4_Text": "Place 100 blue items into Qi's collection box.",
  "QiChallenge12_Objective_5_Text": "Place 100 purple items into Qi's collection box.",
  "Marlon_DF_0_Name": "Monster Hunt",
  "Marlon_DF_0_Text": "Descend into the Skull Cavern and slay 10 {Monster:LocalizedName}.",
  "Marlon_DF_0_Objective": "Slay 10 {Monster:LocalizedName}.",
  "Marlon_DF_Monster_0_LocalizedName": "Serpents",
  "Marlon_DF_Monster_1_LocalizedName": "Purple Slimes",
  "Marlon_DF_Monster_2_LocalizedName": "Mummies",
  "Marlon_DF_1_Name": "Deep Dive",
  "Marlon_DF_1_Text": "Reach level 30 of the Skull Cavern.",
  "Marlon_DF_1_Objective": "Reach level 30 of the Skull Cavern.",
  "Marlon_DF_2_Name": "Treasure Hunt",
  "Marlon_DF_2_Text": "Collect {Treasure:Count} {Treasure:LocalizedName} from the Skull Cavern.",
  "Marlon_DF_2_Objective": "Collect {Treasure:Count} {Treasure:LocalizedName}.",
  "Marlon_DF_Item_0_LocalizedName": "Omni Geodes",
  "Marlon_DF_Item_1_LocalizedName": "pieces of Iridium Ore"
}