{
  "ScienceHouse_Robin_Raining1": "Some weather, huh?",
  "ScienceHouse_Robin_Raining2": "Oh no, you're soaked!",
  "ScienceHouse_Robin_NotRaining1": "Hey, have a nice walk?",
  "ScienceHouse_Robin_NotRaining2": "Hey!",
  "ScienceHouse_Robin_Snowing": "Nice and warm in here!",
  "ScienceHouse_Robin_NotSnowing": "Hi there!",
  "ScienceHouse_Robin_CloseFriends": "Hi {0}!",
  "ScienceHouse_Robin_NotCloseFriends": "Need something built?",
  "ScienceHouse_Robin_Greeting": "Welcome!",
  "ScienceHouse_Robin_RareGreeting": "Lew...? Oh...",
  "AnimalShop_Marnie_Greeting1": "Hello!",
  "AnimalShop_Marnie_Greeting2": "Howdy!",
  "AnimalShop_Marnie_CloseFriends": "Hi, {0}",
  "AnimalShop_Marnie_NotCloseFriends": "Looking for some supplies?",
  "AnimalShop_Marnie_Raining": "Wipe your feet!",
  "AnimalShop_Marnie_NotRaining": "Hey! How's the weather?",
  "AnimalShop_Marnie_Greeting3": "Hey! How's {1} Farm doin'?",
  "AnimalShop_Marnie_RareGreeting": "Lew...? Oh...",
  "AdventureGuild_Marlon_Greeting_Male": "He's back!",
  "AdventureGuild_Marlon_Greeting_Female": "She's back!",
  "AdventureGuild_Marlon_Greeting1": "Need a new sword?",
  "AdventureGuild_Marlon_Greeting2": "Greetings.",
  "AdventureGuild_Marlon_Greeting3": "Gil, wake up! We have a visitor.",
  "AdventureGuild_Marlon_Greeting4": "Good evening.",
  "Hospital_Maru_Greeting1": "Do you have an appointment?",
  "Hospital_Maru_Greeting2": "Can I help you?",
  "Hospital_Maru_Greeting3": "We've got medicine for sale!",
  "Hospital_Maru_Greeting4": "Is it an emergency?",
  "Hospital_Maru_Greeting5": "Here to see the doctor?",
  "Hospital_Maru_Spouse": "Hi, honey <",
  "LeahHouse_Leah_Greeting1": "Oh, hi!",
  "LeahHouse_Leah_Greeting2": "Hello.",
  "LeahHouse_Leah_Greeting3": "Hi, {0}",
  "ElliottHouse_Elliott_Greeting1": "It's nice of you to visit.",
  "ElliottHouse_Elliott_Greeting2": "Hello.",
  "ElliottHouse_Elliott_Greeting3": "Hello, {0}",
  "JojaMart_Morris_Greeting": "Welcome to JojaMart!",
  "SandyHouse_Sandy_Greeting1": "You poor burnt thing!",
  "SandyHouse_Sandy_Greeting2": "Oh, a visitor!",
  "SandyHouse_Sandy_Greeting3": "You look parched!",
  "SandyHouse_Sandy_Greeting4": "Rare seeds for sale!",
  "SandyHouse_Sandy_Greeting5": "Sweetie, won't you buy something?",
  "ManorHouse_Lewis_Morning": "Good morning!",
  "ManorHouse_Lewis_Afternoon": "Good afternoon.",
  "ManorHouse_Lewis_Evening": "Good evening.",
  "Saloon_Gus_Greeting": "Come in, come in!",
  "Saloon_Gus_Summer": "Need a cold drink?",
  "Saloon_Gus_NotSummer": "What can I get for ya?",
  "Saloon_Gus_Snowing1": "It's cold outside but the coffee's hot!",
  "Saloon_Gus_NotSnowing1": "Need a hot meal?",
  "Saloon_Gus_Raining": "Need a hot drink?",
  "Saloon_Gus_NotRaining": "Need a drink?",
  "Saloon_Gus_Snowing2": "Come in out of the cold!",
  "Saloon_Gus_NotSnowing2": "Welcome!",
  "Saloon_Gus_RareGreeting": "You look like you need a drink.",
  "ArchaeologyHouse_Gunther_Greeting1": "Find anything new?",
  "ArchaeologyHouse_Gunther_Greeting2": "Dig anything up?",
  "ArchaeologyHouse_Gunther_Greeting3": "Need my expertise?",
  "ArchaeologyHouse_Gunther_Greeting4": "Hello there.",
  "ArchaeologyHouse_Gunther_Greeting5": "Brought me something?",
  "ArchaeologyHouse_Gunther_RareGreeting": "You smell like dirt... good!",
  "SeedShop_Pierre_Winter": "Welcome to Pierre's heated shop!",
  "SeedShop_Pierre_NotWinter": "Welcome to Pierre's!",
  "SeedShop_Pierre_Summer": "Summer seeds available!",
  "SeedShop_Pierre_NotSummer": "Seeds for sale!",
  "SeedShop_Pierre_Greeting1": "Hello!",
  "SeedShop_Pierre_Greeting2": "It's farmer {0}!",
  "SeedShop_Pierre_Raining": "It's a good day to shop!",
  "SeedShop_Pierre_NotRaining": "Welcome!",
  "SeedShop_Pierre_RareGreeting": "Did you remember your wallet?"
}