{
  "AnimalShop.1": "Ah... an extra large futan bear! It's so plush it can hardly stop from toppling over.",
  "AnimalShop.2": "Ah... an extra large futan bear! It's so plush it can hardly stop from toppling over.",
  "AnimalShop.3": "Junimo Coloring Book -- Deluxe Edition",
  "AnimalShop.4": "The little family is gathered around the dinner table. Wait... except Grandpa. He's wedged under the bed for some reason.",
  "AnimalShop.5": "The little family is gathered around the dinner table. Wait... except Grandpa. He's wedged under the bed for some reason.",
  "AnimalShop.6": "You rummage through Marnie's dresser. It's mostly long dresses, but there's a pair of brown suspenders in here as well.",
  "AnimalShop.7": "You dig around in Marnie's private drawer. There's nothing of interest.",
  "AnimalShop.8": "Looks like he's using the radio as an alarm clock.",
  "AnimalShop.9": "Jack-in-the-box is sprawled out, his arms bent at grotesque angles. His hollow eyes peer coldly into the distance.",
  "AnimalShop.10": "It's a Mega Station. There's a game in it, but it's routed through a Code Sultan XL. Looks like someone's been cheating.",
  "AnimalShop.11": "How To Raise Chickens",
  "AnimalShop.12": "It's a mess of arts and crafts.",
  "AnimalShop.13": "It doesn't look used. Maybe it's a collector's ball.",
  "AnimalShop.14": "A little paint set.",
  "AnimalShop.15": "There's an antique clock and a little golden trinket box.",
  "AnimalShop.16": "Doesn't seem like Jas uses this much.",
  "AnimalShop.17": "It's locked.",
  "AnimalShop.18": "Mmm.... microwave pizza.",
  "AnimalShop.19": "Looks like someone was chopping vegetables but never finished.",
  "AnimalShop.20": "Why are you looking through my trash can?$s",
  "AnimalShop.21": "Mostly empty pizza cartons.",
  "ArchaeologyHouse.1": "A History of The Gotoro Empire",
  "ArchaeologyHouse.2": "Is War With The Gotoro Empire Necessary? A Unique Perspective by P.W.Kranzhauer",
  "ArchaeologyHouse.3": "Journeys Across The Gem Sea",
  "ArchaeologyHouse.4": "A Geological History Of Stardew Valley",
  "ArchaeologyHouse.5": "Calico Desert Flora & Fauna",
  "ArchaeologyHouse.6": "Star Atlas",
  "ArchaeologyHouse.7": "It's ragged but still cute.",
  "ArchaeologyHouse.8": "The Friendly Little Slime",
  "ArchaeologyHouse.9": "Let's visit the farm. The chickens go bock bock. The pigs go snort snort. The goats go mah mah.#The ducks go ack ack. The rabbits go sniff sniff. The cows go ooh ooh.",
  "BathHouse_MensLocker.1": "This locker smells awful.",
  "BathHouse_MensLocker.2": "Trying to shower with your clothes on?",
  "BathHouse_MensLocker.3": "You're too weak to lift it.",
  "BathHouse_MensLocker.4": "Alex's Locker... There's a bunch of pictures of bodybuilders taped inside the door.",
  "BathHouse_WomensLocker.1": "Items for women.",
  "BathHouse_WomensLocker.2": "It's Penny's locker. There's a frilly bathing suit inside.",
  "BathHouse_WomensLocker.3": "It's Abigail's locker. It stinks pretty bad.",
  "Blacksmith.1": "There's a tape inside 'The Essential Blues Collection, vol. 2",
  "Blacksmith.2": "You rifle through Clint's personal effects. There's a stack of blacksmith aprons, some magazines, an old sword, and a nice picture of his mother.",
  "Blacksmith.3": "You rifle through Clint's personal effects. There's a stack of blacksmith aprons, some magazines, an old sword, and a nice picture of his mother.",
  "Blacksmith.4": "Dear Emily,^I know you only think of me as a friend.^It's my fault. I'm too shy. I'll never have the courage to tell you the truth.^That's why I'm writing this letter to myself that I'll certainly crumple up and toss in the corner.",
  "Blacksmith.5": "It's a professional-grade furnace. Peering inside, you see molten metal bubbling and churning.",
  "Blacksmith.6": "It's a professional-grade furnace. Peering inside, you see molten metal bubbling and churning.",
  "Blacksmith.7": "Clint's quality anvil. It's made from an iridium alloy.",
  "Blacksmith.8": "Clint's quality anvil. It's made from an iridium alloy.",
  "Blacksmith.9": "There's a stack of metalworking blueprints.",
  "Blacksmith.10": "It's full of soot.",
  "BusStop.1": "` Bus Stop^> Pelican Town",
  "Club.1": "Welwick: It's not my lucky day. Ugh... I drank too much.",
  "Club.2": "Man: Hey, can't you see I'm busy? I'm on a roll here.",
  "ElliottHouse.1": "It's a painting by Leah.",
  "ElliottHouse.2": "Elliott's work desk. It's covered in notes and crumpled papers.",
  "ElliottHouse.3": "It's an empty cubby.",
  "ElliottHouse.4": "It looks like Elliott is trying to grow a bonsai tree. It looks cool so far!",
  "ElliottHouse.5": "It's a mini-palm, imported from Calico Desert.",
  "ElliottHouse.6": "It looks like Elliott is trying to grow a bonsai tree. It looks cool so far!",
  "Farm.1": "Grandpa's Shrine",
  "Farm_Combat.1": "Grandpa's Shrine",
  "Farm_Fishing.1": "Grandpa's Shrine",
  "Farm_Foraging.1": "Grandpa's Shrine",
  "Farm_Mining.1": "Grandpa's Shrine",
  "FishShop.1": "It leads up to a little sleeping cubby. It's off limits.",
  "FishShop.2": "It's a tackle box. It's full of lures, bobbers, hooks, and fishing line.",
  "FishShop.3": "Miniature model of a frigate.",
  "FishShop.4": "There's little pink shrimps moving around in there.",
  "FishShop.5": "Well, it's a bin full of writhing, wriggling worms. It smells something awful.",
  "FishShop.6": "Chum bucket.",
  "FishShop.7": "Looks like frog eggs.",
  "Forest.1": "` Farm^> Pelican Town",
  "Forest.2": "@ Cindersap Forest^> Pelican Town",
  "HaleyHouse.1": "It's locked.",
  "HaleyHouse.2": "You quickly peek into Haley's private dresser. It's stuffed with clothes. ",
  "HaleyHouse.3": "You quickly peek into Haley's private dresser. It's stuffed with clothes. ",
  "HaleyHouse.4": "It's a mini futan bear!",
  "HaleyHouse.5": "It's an empty diary.",
  "HaleyHouse.6": "There's a little note on the pot. 'Something to remember me by. -Sandy'",
  "HaleyHouse.7": "It's a bolt of blue cloth. There's pieces cut out of it, and little embroidered patterns along the fringe.",
  "HaleyHouse.8": "It's Emily's computer. It's password-protected so you can't snoop around on it.",
  "HaleyHouse.9": "'Found Fashions: Photos From The Streets Of Zuzu City'",
  "HaleyHouse.10": "It's a deluxe vanity. There's all kinds of creams, paints, and powders dotting the surface.",
  "HaleyHouse.11": "It's Haley's camera.",
  "HaleyHouse.12": "'Flailing With Purpose: A Modern Approach To The Art Of Dance'",
  "HaleyHouse.13": "'Build Your Own Darkroom From Scratch'",
  "HaleyHouse.14": "It's a globe. Hey, there's Stardew Valley!",
  "HaleyHouse.15": "The oven smells sweet like fresh cupcakes.",
  "HaleyHouse.16": "Cupcakes, milk, a tightly sealed jar of cornichons, and quinoa salad.",
  "HaleyHouse.17": "To our beloved girls:^We miss you and hope that you are doing okay on your own. We just left the Fern Islands last night, after staying for two months.^It was a wonderful experience... highly recommended.^Make sure you eat healthy and don't forget to pay the electricity bill!^^Love, Mom & Dad",
  "HaleyHouse.18": "'Super Fashion Girl' magazine",
  "HarveyRoom.1": "A comparison between fighter planes of the Ferngill Republic and the Gotoro Empire.",
  "HarveyRoom.2": "There's a beautiful view of the sky above Stardew Valley.",
  "HarveyRoom.3": "It's Harvey's model airplane collection.",
  "HarveyRoom.4": "It's Harvey's model airplane collection.",
  "HarveyRoom.5": "It's a complicated radio broadcasting set.",
  "HarveyRoom.6": "It's a complicated radio broadcasting set.",
  "HarveyRoom.7": "There's a tape inside: 'Anthology Of Classic Jazz'",
  "HarveyRoom.8": "'Do-It-Yourself! Knee Surgery'",
  "HarveyRoom.9": "'The Lone Ranger Of Pulmonary Hypertension'",
  "HarveyRoom.10": "You didn't find anything, and now your hands smell bad.",
  "HarveyRoom.11": "It looks well used.",
  "HarveyRoom.12": "It's full of convenience food.",
  "HarveyRoom.13": "\"Ground-To-Air Radio Protocol\"",
  "HarveyRoom.14": "It's a pretty standard TV set. It's set to the history station.",
  "Hospital.1": "The sign of the vessel. It's here to comfort those who believe in Yoba.",
  "Hospital.2": "It's a sample jar. Better not put your fingers in there.",
  "Hospital.3": "It's probably not a good idea to stick your hands in there. It's full of used syringes, dirty swabs, and little nozzles that Harvey stuck into people's ears.",
  "Hospital.4": "Is life sometimes difficult? Do you ever have trouble staying focused? Talk to your doctor about Pravoloxinone.^(Pravoloxinone is not for everyone. Side effects may include insomnia, severe anger, uncontrollable swelling of the throat, permanent discoloration of the lips, hair loss, and stroke. In extremely rare cases (1 in 500), test subjects experienced complete disintegration of one or more bones.) ",
  "Hospital.5": "'Don't spread disease... Cover your sneeze!'",
  "Hospital.6": "This clinic is licensed for medical practice by the Ferngill Republic Health Authority.",
  "Hospital.7": "Hey, this plant's fake!",
  "JojaMart.1": "Hoisin sauce",
  "JojaMart.2": "'Maple Sauce'... It's a lot like syrup!",
  "JojaMart.3": "Sugar-free marshmallows",
  "JojaMart.4": "Taco sauce for babies",
  "JojaMart.5": "Hoisin sauce",
  "JojaMart.6": "Salt",
  "JojaMart.7": "Protein bars",
  "JojaMart.8": "Sugar-Free Lollipop",
  "JojaMart.9": "24-grain bread",
  "JojaMart.10": "'Maypul' Syrup",
  "JojaMart.11": "Hair Gel -- Electric Blue",
  "JojaMart.12": "Granny's sauce",
  "JojaMart.13": "Canned soup",
  "JojaMart.14": "Double Butter Ranch Chips",
  "JojaMart.15": "JojaCo Multipurpose sauce",
  "JojaMart.16": "Pretzel snacks",
  "JojaMart.17": "JojaDiet -- Low fat beans! In a sweet sugar-sauce",
  "JojaMart.18": "Protein shakes",
  "JojaMart.19": "11-grain bread",
  "JojaMart.20": "Grade D Cooking Oil",
  "JojaMart.21": "Hair Gel -- X-treme hold",
  "JojaMart.22": "Very Mild Sauce",
  "JojaMart.23": "Take-home churro kit",
  "JojaMart.24": "White bread, fortified with essential nutrients",
  "JojaMart.25": "Barbecue smokehouse chips with mesquite flavoring",
  "JojaMart.26": "JojaDiet -- Low fat beans! In a sweet sugar-sauce",
  "JojaMart.27": "Marinara sauce",
  "JojaMart.28": "100% pure honey-flavored 'sauce'",
  "JojaMart.29": "White fungus soda",
  "JojaMart.30": "Drinkable Frosting",
  "JojaMart.31": "Sprouted wheat bread",
  "JojaMart.32": "Partially-Hydrogenated Corn Oil",
  "JojaMart.33": "Floss",
  "JojaMart.34": "Mild Sauce",
  "JojaMart.35": "100% pure honey-flavored 'sauce'",
  "JojaMart.36": "Canned shrimp.",
  "JojaMart.37": "Cinnamon sugar chips",
  "JojaMart.38": "White fungus soda",
  "JojaMart.39": "Pesto",
  "JojaMart.40": "Yeast",
  "JojaMart.41": "Protein powder",
  "JojaMart.42": "Cocoa Zeppelins",
  "JojaMart.43": "Oat bread",
  "JojaMart.44": "Synthetic Butter -- It's cheap!",
  "JojaMart.45": "Mouthwash",
  "JojaMart.46": "Take-Me-To-The-Emergency-Room sauce",
  "JojaMart.47": "Yeast",
  "JojaMart.48": "Dehydrated shrimp snack.",
  "JojaMart.49": "Sugar cane chips",
  "JojaMart.50": "Sugar cones",
  "JojaMart.51": "Powdered breakfast -- Just add water. (Eggs & Potatoes)",
  "JojaMart.52": "Jitter Juice",
  "JojaMart.53": "Silly Sauce",
  "JojaMart.54": "Brown bread",
  "JojaMart.55": "Powdered cream",
  "JojaMart.56": "Toothpaste",
  "JojaMart.57": "Unbearable torturous blaze sauce",
  "JojaMart.58": "Sugar cones",
  "JojaMart.59": "Budget wine",
  "JojaMart.60": "Powdered breakfast -- Just add water. (Eggs & Potatoes)",
  "JojaMart.61": "Vegan sausage",
  "JojaMart.62": "Sugar stars",
  "JojaMart.63": "Powdered wine",
  "JojaMart.64": "Explosion Juice",
  "JojaMart.65": "Rye bread",
  "JojaMart.66": "Powdered butter",
  "JojaMart.67": "Hand soap",
  "JojaMart.68": "Searing pain sauce",
  "JojaMart.69": "Sugar stars",
  "JojaMart.70": "X-treme Chipz",
  "JojaMart.71": "X-treme chips with Inferno Sauce",
  "JojaMart.72": "Powdered wine",
  "JojaMart.73": "Coconut meat",
  "JojaMart.74": "Gummies",
  "JojaMart.75": "Canned scrambled eggs",
  "JojaMart.76": "Blue Alien ENERGY... Get LAUNCHED",
  "JojaMart.77": "Grape Nibble-Pebbles",
  "JojaMart.78": "Sourdough bread",
  "JojaMart.79": "Joja Oil -- A proprietary blend of delicious oils. Use it for any purpose.",
  "JojaMart.80": "Joja Multipurpose Detergent -- Use it for your laundry, for your dishes, to clean your hands, as a shampoo, and even as toothpaste! Mix it with JojaMeal to make a delicious icing.",
  "JojaMart.81": "Inferno Sauce",
  "JojaMart.82": "Gummies",
  "JojaMart.83": "Disks and pucks of pure gluten.",
  "JojaMart.84": "Canned scrambled eggs",
  "JojaMart.85": "Fruit snacks",
  "JojaMart.86": "Canned fish... now with teeth whitening sauce.",
  "JojaMart.87": "Hyper Juice",
  "JojaMart.88": "Strawberry flavored lollipops",
  "JojaMart.89": "Bread",
  "JojaMart.90": "Canola oil",
  "JojaMart.91": "Laundry Detergent -- now with 10x the fragrance!",
  "JojaMart.92": "Fire Sauce",
  "JojaMart.93": "Fruit snacks",
  "JojaMart.94": "JojaMeal... It's like corn meal but more versatile. It can be used for baking, thickening and sweetening. Mix it with water to make our signature gravy.",
  "JojaMart.95": "Carbo cones. Tasty little cone-shaped snacks that will fill your stomach bag.",
  "JojaMart.96": "Canned fish... now with teeth whitening sauce.",
  "JojaMart.97": "Cowboy sauce",
  "JojaMart.98": "Vacuum-sealed marinated mushrooms",
  "JojaMart.99": "Canned meals",
  "JojaMart.100": "JojaCola AMPED",
  "JojaMart.101": "Blue-Green sugar orbs",
  "JojaMart.102": "Individually-sealed pancakes",
  "JojaMart.103": "Extra Pure Olive-flavored oil",
  "JojaMart.104": "Laundry Detergent",
  "JojaMart.105": "Hot sauce",
  "JojaMart.106": "Vacuum-sealed marinated mushrooms",
  "JojaMart.107": "Pasta in a can.",
  "JojaMart.108": "Corn flour.",
  "JojaMart.109": "Canned meals",
  "JoshHouse.1": "Momma-^If you're reading this, it means I've passed on. I'm so sorry you had to go through this. Know that I love you both.^Don't be too upset, I'm with Yoba now. ^My final request: take care of Alex. He needs a family, something stable. He's a good kid.^ Love, ^Clara",
  "JoshHouse.2": "The radio is set to the oldies station.",
  "JoshHouse.3": "'Pro Gridball Season 44: Stats and Standings'",
  "JoshHouse.4": "'Dealing With Loss'",
  "JoshHouse.5": "'Mega Muscles' magazine",
  "JoshHouse.6": "It's a thirty pound weight.",
  "JoshHouse.7": "You peek into Alex's drawer. There's clothes, hair gel, and a box of gridball trading cards.",
  "JoshHouse.8": "You peek into Alex's drawer. There's clothes, hair gel, and a box of gridball trading cards.",
  "JoshHouse.9": "It's Alex's gridball helmet. Looks like he keeps it polished.",
  "JoshHouse.10": "It's a gridball.",
  "JoshHouse.11": "It's a well-stocked refrigerator.",
  "JoshHouse.12": "'Cookies For Every Season'",
  "JoshHouse.13": "'The Dark Blue Life: A Coal-miner's Memoir'",
  "JoshHouse.14": "It's empty.",
  "LeahHouse.1": "It's a work in progress.",
  "LeahHouse.2": "It's a stack of Leah's paintings. It's mostly landscapes and studies of nature.",
  "LeahHouse.3": "'Living Off The Land: A Practical Guide'",
  "LeahHouse.4": "'How To Deal With Overbearing People'",
  "LeahHouse.5": "It's a wooden sculpture Leah's working on. It has a wonderful cedar smell.",
  "LeahHouse.6": "No Messages.",
  "ManorHouse.1": "Mayor's oven could use a good cleaning.",
  "ManorHouse.2": "A traditional tea setting. The mayor must be pretty serious about tea.",
  "ManorHouse.3": "Won't you come by tomorrow night?^If you come through the back window no one will notice.^I'd like to see you more often.^I know you're busy but can't you make time for me?^I hope to see you tomorrow.^-M",
  "Mountain.1": "` Railroad ",
  "Saloon.1": "There's a half-empty mug of beer.",
  "Saloon.2": "Cooking channel. 24/7 cooking tips, game shows, and restaurant reviews.",
  "SamHouse.1": "It's empty.",
  "SamHouse.2": "Eggs, bread, carrots, and milk.",
  "SamHouse.3": "Jodi-^Since I'll be coming home soon I want to tell you a few things.^I might not be the same man you remember. I've seen some things out here that have really shaken me up. I've been having a real hard time relaxing.^I don't want to scare you or make you upset. I just don't want you to be shocked when I get back.^Remember, no matter how I act, you and the kids mean everything to me.^I'll see you soon.^-Kent",
  "SamHouse.4": "It's set to the news station.",
  "SamHouse.5": "Guitar picks and skateboard wheels.",
  "SamHouse.6": "There's a bunch of extra strong hair gel in here.",
  "SamHouse.7": "There's a bunch of skateboarding magazines.",
  "SamHouse.8": "'UFO Mysteries'",
  "SamHouse.9": "Sam's electric guitar. It has a pair of active pickups and a whammy bar.",
  "SamHouse.10": "--Report Card--^Name: Vincent^^Reading: C^Spelling: D^Math: C^Social Studies: B-^Art: B-^Sports:A^^Note:Vince is a good boy, but he could make do with a little more studying!^  -Penny",
  "SamHouse.11": "It's Sam's computer. He's got an extensive library of computer games.",
  "SamHouse.12": "Vincent's toys are strewn about the room.",
  "ScienceHouse.1": "Space poster",
  "ScienceHouse.2": "For a gadgeteer, Maru's computer is pretty old. She's still backing up her files to floppy disk.",
  "ScienceHouse.3": "'Maximizing Your Second Marriage' and 'Practical Tips For First-Time Step-Dads'",
  "ScienceHouse.4": "There's a bunch of carpentry magazines.",
  "ScienceHouse.5": "'Advanced Neural Networks'",
  "ScienceHouse.6": "It's locked.",
  "ScienceHouse.7": "It's some kind of device Maru's working on. It looks pretty scrappy.",
  "ScienceHouse.8": "Star charts for every season.",
  "ScienceHouse.9": "Lots of soda.",
  "ScienceHouse.10": "Periodic Table",
  "ScienceHouse.11": "One of Robin's axes.",
  "ScienceHouse.12": "Beaker set.",
  "ScienceHouse.13": "Stereo microscope",
  "ScienceHouse.14": "Stereo microscope.",
  "SebastianRoom.1": "The radio isn't plugged in.",
  "SebastianRoom.2": "Graphic novel",
  "SebastianRoom.3": "'Solarion Chronicles:The Game'",
  "SeedShop.1": "'11 Solo Sonatas For The Wooden Flute'",
  "SeedShop.2": "David the Guinea Pig",
  "SeedShop.3": "David the Guinea Pig",
  "SeedShop.4": "'The Enduring Value Of Small Business'",
  "SeedShop.5": "'Parenting 101:Surviving The Teenage Years'",
  "SeedShop.6": "It's loaded with fresh veggies.",
  "SeedShop.7": "'Journey Of The Prairie King: Console Edition'",
  "SeedShop.8": "'Why JojaCo Must Be Stopped'",
  "SeedShop.9": "To Mr. Pierre:^It pains me to be the bearer of bad news, but I feel obligated to inform you of a recent development most threatening to your livelihood.^Joja Co. has decided to expand into Pelican Town.^It's too late for protest. Joja Builders have already broken ground for the new JojaMart.^^This must be devastating news for you. So many years in business...a local standby... and now, obscured by the shadow of a powerful, efficient, economically viable corporation. What a shame!^^As manager of the new JojaMart, I feel, to some degree, personally responsible for your predicament. As such, I'd like to offer you a position as Assistant Grocer. Wages start at 5g an hour. I look forward to seeing your resume!^^-Mr. Morris, Manager^Pelican Town JojaMart",
  "SeedShop.10": "Spirit Board",
  "SeedShop.12": "This cupboard is full of exercise equipment.",
  "Town-Christmas.1": "Clinic - Hours 9:00 AM - 3:00 PM",
  "Town-Christmas.2": "It's old and faded...",
  "Town-Christmas.3": "\"Our Beloved Mona\"",
  "Town-Christmas.4": " Archaeology Office - Open 8:00 AM to 6:00 PM",
  "Town-EggFestival.1": "Clinic - Hours 9:00 AM - 3:00 PM",
  "Town-EggFestival.2": "It's old and faded...",
  "Town-EggFestival.3": "\"Our Beloved Mona\"",
  "Town-EggFestival.4": " Archaeology Office - Open 8:00 AM to 6:00 PM",
  "Town-Fair.1": "Tourist: Man... I can't take another bite of this barbecue sandwich... so stuffed.",
  "Town-Fair.2": "Are you strong like me? Smash stone!",
  "Town-Fair.3": "Clinic - Hours 9:00 AM - 3:00 PM",
  "Town-Fair.4": "Tourist: Wow. That's the biggest cheese wheel I've ever seen. Very impressive.",
  "Town-Fair.5": "Tourist: It was a long bus ride here, but totally worth it! This valley is so beautiful. Simon loves it... don't you, Simon?",
  "Town-Fair.6": "Tourist: It's a fine-looking town you've got here. Nice and cozy, and a real sense of community.",
  "Town-Fair.7": "It's old and faded...",
  "Town-Fair.8": " Archaeology Office - Open 8:00 AM to 6:00 PM",
  "Town-Halloween.1": "Clinic - Hours 9:00 AM - 3:00 PM",
  "Town-Halloween.2": "It's old and faded...",
  "Town-Halloween.3": "\"Our Beloved Mona\"",
  "Town-Halloween.4": " Archaeology Office - Open 8:00 AM to 6:00 PM",
  "Town.1": "Clinic - Hours 9:00 AM - 3:00 PM",
  "Town.3": "It's old and faded...",
  "Town.4": "\"Our Beloved Mona\"",
  "Town.5": " Archaeology Office - Open 8:00 AM to 6:00 PM",
  "Trailer.1": "'Teacher's Guidebook: 2nd Grade'",
  "Trailer.2": "'Marcie And The Underground Castle'",
  "Trailer.3": "'The Solarion Chronicles'",
  "Trailer.4": "It's full of empty beer bottles.",
  "Trailer.5": "'Fairys, Junimos, and other Fables'",
  "WitchHut.1": "Whoever lives here must really like a clean floor!",
  "WitchHut.2": "It would probably be a bad idea to stick your tender arm in there.",
  "WitchHut.3": "The bone is probably covered in bacteria. You decide not to touch it.",
  "WitchHut.4": "You uncork the bottle and waft the odor into your nostrils. The odor is surprisingly pleasant, with hints of apricot and spice berry.",
  "WitchHut.5": "Curse The Countryside!... A Spellbook For The Rural Witch",
  "WitchHut.6": "You try not to make eye contact...",
  "MovieTheater_CraneMan": "Crane Man: Can't talk... I'm in the zone.",
  "MovieTheater_CraneOccupied": "The crane game is in use by someone else.",
  "MovieTheater_CraneMan2": "Crane Man: Almost... got it...",
  "MovieTheater_Welwick": "Welwick: Hmm, not many people here... and I invested a lot of money in this movie!",
  "MovieTheater_Welwick2": "Welwick: I foresee great things in your future... If you buy lots of tickets to this movie!",
  "MovieTheater_ShortsMan": "Corner Guy: Brr... it's kind of drafty over here... I'm glad I wore my long pants!",
  "MovieTheater_ShortsMan2": "Corner Guy: Psst... I just saw the movie, and... Relax! I'm not going to spoil it for you.",
  "MovieTheater_Mother": "Woman: Simon, don't you want something healthy? *sigh*... okay...",
  "MovieTheater_Mother2": "Woman: How about some apple slices? No? *sigh*... okay...",
  "MovieTheater_Child": "Simon: Mom! I want candy! *slurp*",
  "MovieTheater_Child2": "Simon: Mom! I want chocolate popcorn! *slurp*",
  "MovieTheater_Lupini": "Lupini: Amateurs! The set design was completely mundane!",
  "MovieTheater_Lupini2": "Lupini: Amateurs! My nephew's 2nd birthday party home video had better cinematography!",
  "MovieTheater_ConcessionMan": "Moviegoer: Urgh... Too many snack options!",
  "MovieTheater_ConcessionMan2": "Moviegoer: Ah, look at that popcorn go! Oh, the sounds... the smells!",
  "MovieTheater_PurpleHairLady": "Woman: Get lost... I'm busy rubbing elbows with the Governor!",
  "MovieTheater_RedCapGuy": "Man: Uh oh... I think I'm a little overdressed for this place...",
  "MovieTheater_RedCapGuy2": "Man: I sat in the front row... big mistake.",
  "MovieTheater_Governor": "Governor: It's lovely to see economic development in the valley!",
  "MovieTheater_Governor2": "Governor: I really must bring the missus out for soup and a movie!",
  "MovieTheater_Gunther": "Hey, I'd love to chat, but I need to head back to the museum!",
  "MovieTheater_Gunther2": "Hey, @. I just saw the movie, myself... not bad!",
  "MovieTheater_Marlon": "Gil slept through the whole movie... typical.",
  "MovieTheater_Marlon2": "That was an interesting one... what'd you think, Gil?#$b#...Gil?#$b#...He's out cold.",
  "MovieTheater_Marcello": "Marcello: What a spread! I think I'll go for the bourbon mayonnaise. Hehe!",
  "MovieTheater_Marcello2": "Marcello: What a spread! I think I'll go for the 12-grain spicy mustard. Hehe!",
  "MovieTheater_Morris": "As you can see, the theater is a major success!$h#$b#Whaa...? A return on your investment? Well, it's difficult, you know... might take a while, you understand... *mumble*$2",
  "MovieTheater_Morris2": "Ah, it's our very important investment partner! Enjoy the show, and don't forget to buy a bag of JojaCorn on your way in!$h",
  "MovieTheater_CranePlay": "Play the Crane Game? (Costs {0}g)",
  "IslandShrine_Shrine": "When dark clouds cry, begin your quest^To seek the fabled gem-birds four^Each day, one north, south, east, or west^Arrange their gifts upon my door",
  "Pirates1": "GREEN: You were always Momma's favorite! WaaaAaAa",
  "Pirates2": "RED: Mamma mia! Calm down, brother. Youch!",
  "Pirates3": "WELL-DRESSED PIRATE: *ahem*... Yar.#...#...Not convincing, huh?#*sigh*...#To tell you the truth, I don't really want to be a pirate. I'd rather grow palms.#Unfortunately, there's no money in the palm business...",
  "Pirates4": "BLACKGULL: Yar, matey. Ye must have a keen eye to've spotted our secret cove. Yo ho!",
  "Pirates5": "GRIM PIRATE: From yonder seas, a chilling tale, a nightmare sure to haunt your sleep...#'Twas midnight when I lost me hands... to a savage monster o' the deep...#Yar, 'tis true...#...#...#..............#..............................................#Alright, I'm just kidding. I actually lost them while trying to fish an eggshell out of the blender.#Alas... me famous cake batter days are over...",
  "Pirates6": "He's in a stupor...",
  "Pirates8": "BARTENDER: Oi guv!... Grog and tasties are fer da pirates only.",
  "Pirates7_0": "DART MAN: Care for a game o' darts? You've got 20 darts to score exactly 301 points.",
  "Pirates7_1": "DART MAN: How about we make things more interesting. Hit exactly 301 points within 15 darts and I'll be impressed, matey!",
  "Pirates7_2": "DART MAN: Ah, good to see ya again, matey! Let's see if you can score 301 points within... 10 darts!",
  "Pirates7_3": "DART MAN: Ahoy! If it isn't me matey... ol' steady-hands! How about a game o' darts for old times' sake?",
  "Pirates7_Win_Perfect": "DART MAN: Well, shiver me timbers! That's a perfect game!",
  "Pirates7_Win": "DART MAN: Well, sink me! That's some good throwing!",
  "Pirates7_WinPrize": "Here's a little something for ya.",
  "Pirates7_WinNoPrize": "Come back again any time!",
  "Pirates7_Lose": "DART MAN: Yar... Better luck next time...",
  "PirateBartender_PirateClothes": "BARTENDER: Oi! I never seen the likes o' you, before. But if ye got the pirate look, then 'ave one on me! Har Har!",
  "PirateBartender_PirateClothes_NoMore": "BARTENDER: Back fer more, eh? Har Har! You've had enough, matey..."
}