{
  "RustySword_Name": "Rusty Sword",
  "RustySword_Description": "A rusty, dull old sword.",
  "SilverSaber_Name": "Silver Saber",
  "SilverSaber_Description": "Plated with silver to deter rust.",
  "DarkSword_Name": "Dark Sword",
  "DarkSword_Description": "It's glowing with vampire energy.",
  "HolyBlade_Name": "Holy Blade",
  "HolyBlade_Description": "It feels hopeful to wield.",
  "GalaxySword_Name": "Galaxy Sword",
  "GalaxySword_Description": "It's unlike anything you've ever seen.",
  "BoneSword_Name": "Bone Sword",
  "BoneSword_Description": "A very light piece of sharpened bone.",
  "IronEdge_Name": "Iron Edge",
  "IronEdge_Description": "A heavy broadsword.",
  "TemplarsBlade_Name": "Templar's Blade",
  "TemplarsBlade_Description": "It once belonged to an honorable knight.",
  "ObsidianEdge_Name": "Obsidian Edge",
  "ObsidianEdge_Description": "It's incredibly sharp.",
  "LavaKatana_Name": "Lava Katana",
  "LavaKatana_Description": "A powerful blade forged in a pool of churning lava.",
  "Claymore_Name": "Claymore",
  "Claymore_Description": "It's really heavy.",
  "SteelSmallsword_Name": "Steel Smallsword",
  "SteelSmallsword_Description": "A standard metal blade.",
  "WoodenBlade_Name": "Wooden Blade",
  "WoodenBlade_Description": "Not bad for a piece of carved wood.",
  "InsectHead_Name": "Insect Head",
  "InsectHead_Description": "Not very pleasant to wield.",
  "NeptunesGlaive_Name": "Neptune's Glaive",
  "NeptunesGlaive_Description": "An heirloom from beyond the Gem Sea.",
  "ForestSword_Name": "Forest Sword",
  "ForestSword_Description": "Made powerful by forest magic.",
  "CarvingKnife_Name": "Carving Knife",
  "CarvingKnife_Description": "A small, light blade.",
  "IronDirk_Name": "Iron Dirk",
  "IronDirk_Description": "A common dagger.",
  "BurglarsShank_Name": "Burglar's Shank",
  "BurglarsShank_Description": "A weapon of choice for the swift and silent.",
  "ShadowDagger_Name": "Shadow Dagger",
  "ShadowDagger_Description": "When you hold the blade to your ear you can hear 1,000 souls shrieking.",
  "ElfBlade_Name": "Elf Blade",
  "ElfBlade_Description": "Only the nimble hands of an elf could craft this.",
  "CrystalDagger_Name": "Crystal Dagger",
  "CrystalDagger_Description": "The blade is made of purified quartz.",
  "WindSpire_Name": "Wind Spire",
  "WindSpire_Description": "A swift little blade.",
  "GalaxyDagger_Name": "Galaxy Dagger",
  "GalaxyDagger_Description": "It's unlike anything you've seen.",
  "WoodClub_Name": "Wood Club",
  "WoodClub_Description": "A solid piece of wood, crudely chiseled into a club shape.",
  "AlexsBat_Name": "Alex's Bat",
  "AlexsBat_Description": "The sweet spot is dented from Alex's famous Grand Slam.",
  "LeadRod_Name": "Lead Rod",
  "LeadRod_Description": "It's incredibly heavy.",
  "WoodMallet_Name": "Wood Mallet",
  "WoodMallet_Description": "The solid head packs a punch. Relatively light for a club.",
  "TheSlammer_Name": "The Slammer",
  "TheSlammer_Description": "An extremely heavy gavel that'll send foes flying.",
  "GalaxyHammer_Name": "Galaxy Hammer",
  "GalaxyHammer_Description": "It's made from an ultra-light material you've never seen before.",
  "SamsOldGuitar_Name": "Sam's Old Guitar",
  "SamsOldGuitar_Description": "It's seen better days.",
  "Femur_Name": "Femur",
  "Femur_Description": "An old, heavy bone caked in centuries of grime.",
  "Slingshot_Name": "Slingshot",
  "Slingshot_Description": "Requires stones for ammo.",
  "MasterSlingshot_Name": "Master Slingshot",
  "MasterSlingshot_Description": "Requires stones for ammo.",
  "GalaxySlingshot_Name": "Galaxy Slingshot",
  "GalaxySlingshot_Description": "It looks really powerful.",
  "ElliottsPencil_Name": "Elliott's Pencil",
  "ElliottsPencil_Description": "Elliott used this to write his book. It's sharp!",
  "MarusWrench_Name": "Maru's Wrench",
  "MarusWrench_Description": "A big, metal wrench. It smells like Maru.",
  "HarveysMallet_Name": "Harvey's Mallet",
  "HarveysMallet_Description": "It brings back memories of Harvey's clinic.",
  "PennysFryer_Name": "Penny's Fryer",
  "PennysFryer_Description": "Penny's favorite frying pan. There's some rubbery gunk stuck to the inside.",
  "LeahsWhittler_Name": "Leah's Whittler",
  "LeahsWhittler_Description": "Leah's favorite tool for shaping driftwood.",
  "AbbysPlanchette_Name": "Abby's Planchette",
  "AbbysPlanchette_Description": "It's made from fine marblewood.",
  "SebsLostMace_Name": "Seb's Lost Mace",
  "SebsLostMace_Description": "One of Sebastian's medieval replicas.",
  "HaleysIron_Name": "Haley's Iron",
  "HaleysIron_Description": "It's searing hot and smells like Haley's hair.",
  "PiratesSword_Name": "Pirate's Sword",
  "PiratesSword_Description": "It looks like a pirate owned this once.",
  "Cutlass_Name": "Cutlass",
  "Cutlass_Description": "A finely crafted blade.",
  "WickedKris_Name": "Wicked Kris",
  "WickedKris_Description": "The blade is made of an iridium alloy.",
  "Kudgel_Name": "Kudgel",
  "Kudgel_Description": "A brute's companion.",
  "Scythe_Name": "Scythe",
  "Scythe_Description": "It can cut grass into hay, if you've built a silo.",
  "YetiTooth_Name": "Yeti Tooth",
  "YetiTooth_Description": "It's icy cold to the touch.",
  "Rapier_Name": "Rapier",
  "Rapier_Description": "An elegant blade.",
  "SteelFalchion_Name": "Steel Falchion",
  "SteelFalchion_Description": "Light and powerful.",
  "BrokenTrident_Name": "Broken Trident",
  "BrokenTrident_Description": "It came from the sea, but it's still sharp.",
  "TemperedBroadsword_Name": "Tempered Broadsword",
  "TemperedBroadsword_Description": "It looks like it could withstand anything.",
  "GoldenScythe_Name": "Golden Scythe",
  "GoldenScythe_Description": "It's more powerful than a normal scythe.",
  "DwarfSword_Name": "Dwarf Sword",
  "DwarfSword_Description": "It's ancient, but the blade never dulls.",
  "DwarfHammer_Name": "Dwarf Hammer",
  "DwarfHammer_Description": "It emits a very faint whirring sound.",
  "DwarfDagger_Name": "Dwarf Dagger",
  "DwarfDagger_Description": "It's ancient, but the blade never dulls.",
  "DragontoothCutlass_Name": "Dragontooth Cutlass",
  "DragontoothCutlass_Description": "The blade was forged from a magical tooth.",
  "DragontoothClub_Name": "Dragontooth Club",
  "DragontoothClub_Description": "This club was crafted from a magical tooth.",
  "DragontoothShiv_Name": "Dragontooth Shiv",
  "DragontoothShiv_Description": "The blade was forged from a magical tooth.",
  "OssifiedBlade_Name": "Ossified Blade",
  "OssifiedBlade_Description": "A large, sharp blade formed from bone.",
  "IridiumNeedle_Name": "Iridium Needle",
  "IridiumNeedle_Description": "The point is unbelievably sharp, even down to the atomic level.",
  "InfinityBlade_Name": "Infinity Blade",
  "InfinityBlade_Description": "The true form of the Galaxy Sword.",
  "InfinityGavel_Name": "Infinity Gavel",
  "InfinityGavel_Description": "The true form of the Galaxy Hammer.",
  "InfinityDagger_Name": "Infinity Dagger",
  "InfinityDagger_Description": "The true form of the Galaxy Dagger.",
  "Meowmere_Name": "Meowmere",
  "Meowmere_Description": "An unusual weapon from a far away land..."
}