{
  "GingerIsland_East_JungleHut": "Jungle Hut",
  "GingerIsland_North_DigSite": "Dig Site",
  "GingerIsland_North_FieldOffice": "Field Office",
  "GingerIsland_North_Trader": "Island Trader",
  "GingerIsland_North_Volcano": "Volcano",
  "GingerIsland_South_Dock": "Willy's Boat",
  "GingerIsland_South_Resort": "Resort",
  "GingerIsland_SouthEast_PirateCove": "Pirate Cove",
  "GingerIsland_West_BirdieShack": "Birdie's Shack",
  "GingerIsland_West_GourmandCave": "Gourmand Frog",
  "GingerIsland_West_House": "Island Farmhouse",
  "GingerIsland_West_QiWalnutRoom": "Qi's Walnut Room",
  "GingerIsland_West_Shipwreck": "Shipwreck",
  "GingerIsland_West_TigerSlimeGrove": "Tiger Slime Grove"
}