Sandy_Birthday_Greeting,"Oh, Emily! I was hoping you'd show up!$h#$b#I was actually feeling a little lonely this morning.#$e#But I'm glad you're here!$h",啊，艾米丽！我正想着你什么时候来呢！$h#$b#我今天早上感觉有点寂寞。#$e#你能来真是太好了！$h,New line from v1.6
Sandy_Birthday_Hangout,How's that Stardew Valley weather right now?#$e#The flowers there smell lovely.$h,星露谷的天气怎么样了？#$e#那里的花闻起来很香。$h,New line from v1.6
Sandy_Birthday_Lake,It always seems to stay a little cooler by the lake.#$e#It's good to get out of the house now and then!$h,湖边似乎总是凉快一点。#$e#偶尔出去走走也挺好的！$h,New line from v1.6
Sandy_Birthday_Bones,"Strange, isn't it?",是不是很奇怪？,New line from v1.6
Sandy_Birthday_Camel,I think she sells some rare products.,她好像是在卖一些稀有的商品。,New line from v1.6
Sandy_Birthday_Bye,I had a great time.$h#$b#Thanks for being my friend.$h#$e#Come back again any time!$h,我玩得很开心。$h#$b#谢谢你愿意跟我交朋友。$h#$e#随时再来呀！$h,New line from v1.6
