EarthObelisk_Description,Warps you to the mountains.,将你传送到山岭。,New line from v1.6
WaterObelisk_Description,Warps you to the beach.,将你传送到海滩。,New line from v1.6
BuildingSkinMenu_ChooseAppearance,Select an appearance for your {0}.,选择{0}的外观,New line from v1.6
Stable_Name,Stable,马厩,New line from v1.6
BigShed_Name,Big Shed,大屋子,New line from v1.6
SlimeHutch_Description,Raise up to 20 slimes. Fill water troughs and slimes will create slime balls.,可饲养20只史莱姆。装满饮水槽，史莱姆就会制造史莱姆球。,New line from v1.6
Coop_Name,Coop,鸡舍,New line from v1.6
Well_Name,Well,水井,New line from v1.6
Coop_Description,Houses 4 coop-dwelling animals.,可容纳4只家禽。,New line from v1.6
EarthObelisk_Name,Earth Obelisk,土之图腾柱,New line from v1.6
SlimeHutch_Name,Slime Hutch,史莱姆屋,New line from v1.6
DeluxeBarn_Description,Houses 12 barn-dwelling animals. Comes with an auto-feed system. Unlocks sheep and pigs.,可容纳12只家畜。附带自动喂养系统。解锁绵羊和猪。,New line from v1.6
DesertObelisk_Name,Desert Obelisk,沙漠图腾柱,New line from v1.6
BigCoop_Description,Houses 8 coop-dwelling animals. Comes with an incubator. Unlocks ducks.,可容纳8只家禽。附带孵化器。解锁鸭。,New line from v1.6
IslandObelisk_Description,Warps you to Ginger Island.,将你传送到姜岛。,New line from v1.6
Shed_Name,Shed,小屋,New line from v1.6
WaterObelisk_Name,Water Obelisk,水之图腾柱,New line from v1.6
DeluxeCoop_Name,Deluxe Coop,高级鸡舍,New line from v1.6
Paint_Region_Trim,Trim,Trim,New line from v1.6
ShippingBin_Description,Throw items inside to sell them overnight.,把物品扔到里面，夜间会售出。,New line from v1.6
FishPond_Description,Raise fish and harvest their produce. Fish multiply over time.,养鱼并收获水产品。鱼会随着时间的推移而繁殖。,New line from v1.6
PetBowl_Description,Provides a dedicated home for one pet.,为一只宠物提供专属的家园。,New line from v1.6
Stable_Description,Allows you to keep and ride a horse. Horse included.,让你饲养马匹。包括马匹。,New line from v1.6
JunimoHut_Name,Junimo Hut,祝尼魔屋,New line from v1.6
Shed_Description,An empty building. Fill it with whatever you like! The interior can be decorated.,一栋空的建筑。装入任何你想装的东西！可以装饰内部。,New line from v1.6
BigBarn_Name,Big Barn,大畜棚,New line from v1.6
DeluxeCoop_Description,Houses 12 coop-dwelling animals. Comes with an auto-feed system. Unlocks rabbits.,可容纳12只家禽。附带自动喂养系统。解锁兔子。,New line from v1.6
DesertObelisk_Description,Warps you to the desert.,将你传送到沙漠。,New line from v1.6
BigShed_Description,Doubles the size of the shed. The interior can be decorated.,让屋子的尺寸翻倍。内部可以装饰。,New line from v1.6
BigCoop_Name,Big Coop,大鸡舍,New line from v1.6
FishPond_Name,Fish Pond,鱼塘,New line from v1.6
Cabin_Name,Cabin,联机小屋,New line from v1.6
IslandObelisk_Name,Island Obelisk,姜岛图腾柱,New line from v1.6
JunimoHut_Description,Junimos will harvest crops around the hut for you.,祝尼魔会为你收割小屋周围的庄稼。,New line from v1.6
PetBowl_Name,Pet Bowl,宠物碗,New line from v1.6
Cabin_Description,A home for a friend! Subsidized by the town agricultural fund.,朋友的家！由城镇农业基金补贴。,New line from v1.6
ShippingBin_Name,Shipping Bin,出货箱,New line from v1.6
GoldClock_Name,Gold Clock,黄金时钟,New line from v1.6
GoldClock_Description,Prevents debris from appearing on your farm. Keeps fences from decaying.,阻止杂物出现在你的农场。防止篱笆腐烂。,New line from v1.6
Barn_Description,Houses 4 barn-dwelling animals.,可容纳4只家畜。,New line from v1.6
Silo_Description,Allows you to cut and store grass for feed.,让你把割下来的草料储存起来。,New line from v1.6
Mill_Name,Mill,磨坊,New line from v1.6
Construction_ChooseLocation,Where do you want to manage buildings?,Where do you want to manage buildings?,New line from v1.6
Barn_Name,Barn,畜棚,New line from v1.6
Greenhouse_Description,"A place to grow crops from any season, year round!",可全年种植任何季节的作物的地方！,New line from v1.6
BigBarn_Description,Houses 8 barn-dwelling animals. Allows animals to give birth. Unlocks goats.,可容纳8只家畜。可让家畜产子。解锁山羊。,New line from v1.6
Mill_Description,"Allows you to mill wheat, beets and rice.",可以研磨小麦、甜菜、大米。,New line from v1.6
Greenhouse_Name,Greenhouse,温室,New line from v1.6
DeluxeBarn_Name,Deluxe Barn,高级畜棚,New line from v1.6
Silo_Name,Silo,筒仓,New line from v1.6
Well_Description,Provides a place for you to refill your watering can.,用来重装你的喷壶。,New line from v1.6
Paint_Region_Building,Building,Building,Roof
