Relative_Sister,sister,姐姐,New line from v1.6
Relative_Dad,dad,爸爸,New line from v1.6
Relative_Son,son,儿子,New line from v1.6
Relative_Husband,husband,丈夫,New line from v1.6
Relative_Niece,niece,侄女,New line from v1.6
Relative_LittleBabyGirl,little baby-girl,小女婴,New line from v1.6
Relative_HalfBrother,half-brother,同母异父的哥哥,New line from v1.6
Relative_YoungestBoy,youngest boy,最小的男孩,New line from v1.6
Relative_Grandpa,grandpa,爷爷,New line from v1.6
Relative_Mom,mom,妈妈,New line from v1.6
Relative_EldestSon,eldest son,长子,New line from v1.6
Relative_YoungestSon,youngest son,老幺,New line from v1.6
Relative_Daughter,daughter,女儿,New line from v1.6
Relative_Wife,wife,妻子,New line from v1.6
Relative_HalfSister,half-sister,同母异父的妹妹,New line from v1.6
Relative_LittleBrother,little brother,小弟弟,New line from v1.6
Relative_Aunt,aunt,阿姨,New line from v1.6
Relative_Mother,mother,母亲,New line from v1.6
Relative_Grandson,grandson,孙子,New line from v1.6
Relative_Nephew,nephew,外甥,New line from v1.6
Relative_Grandma,grandma,奶奶,New line from v1.6
