DisplayType_Sheep,Sheep,绵羊,New line from v1.6
DisplayType_Chicken_Brown,Brown Chicken,褐色的鸡,New line from v1.6
DisplayType_Cow_Brown,Brown Cow,褐色的牛,New line from v1.6
DisplayType_Goat,Goat,山羊,New line from v1.6
DisplayType_Chicken_Void,Void Chicken,无力的鸡,New line from v1.6
DisplayType_Ostrich,Ostrich,鸵鸟,New line from v1.6
DisplayType_Chicken_Blue,Blue Chicken,蓝色的鸡,New line from v1.6
DisplayType_Chicken_Golden,Golden Chicken,金色的鸡,New line from v1.6
DisplayType_Chicken_White,White Chicken,白色的鸡,New line from v1.6
DisplayType_Cow_White,White Cow,白色的牛,New line from v1.6
DisplayType_Dinosaur,Dinosaur,恐龙,New line from v1.6
DisplayType_Rabbit,Rabbit,兔子,New line from v1.6
DisplayType_Pig,Pig,猪,New line from v1.6
DisplayType_Duck,Duck,鸭,New line from v1.6
