AppleSlices_Name,Apple Slices,苹果脆片,New line from v1.6
AppleSlices_Description,Crunchy and sweet little slices.,又脆又甜的薄片。,New line from v1.6
BlackLicorice_Name,Black Licorice,黑甘草糖,New line from v1.6
BlackLicorice_Description,"A chewy candy with an intense, pungent flavor.",一种有强烈刺鼻味道的耐嚼糖果。,New line from v1.6
CappuccinoMousseCake_Name,Cappuccino Mousse Cake,卡布奇诺慕斯蛋糕,New line from v1.6
CappuccinoMousseCake_Description,A small chocolate cake glazed with a cappuccino mousse.,涂有卡布奇诺慕斯的小块巧克力蛋糕。,New line from v1.6
ChocolatePopcorn_Name,Chocolate Popcorn,巧克力爆米花,New line from v1.6
ChocolatePopcorn_Description,It's normal popcorn... but with a chocolate coating.,就是普通的爆米花……但是有巧克力涂层。,New line from v1.6
CottonCandy_Name,Cotton Candy,棉花糖,New line from v1.6
CottonCandy_Description,A large pink cloud of spun sugar.,一大块由拔丝糖组成的粉色云朵。,New line from v1.6
Fries_Name,Fries,薯条,New line from v1.6
Fries_Description,"Thin slices of potato, deep fried and then lightly salted.",将切成薄片的土豆高温油炸，然后撒上少许盐。,New line from v1.6
HummusSnackPack_Name,Hummus Snack Pack,鹰嘴豆泥小吃包,New line from v1.6
HummusSnackPack_Description,It's crunchy and healthy.,它吃起来松脆又健康。,New line from v1.6
IceCreamSandwich_Name,Ice Cream Sandwich,冰淇淋三明治,New line from v1.6
IceCreamSandwich_Description,Vanilla ice cream sandwiched between two chocolate cookies.,在两块巧克力饼干间夹着香草冰淇淋。,New line from v1.6
JasmineTea_Name,Jasmine Tea,茉莉花茶,New line from v1.6
JasmineTea_Description,Green tea flavored with aromatic jasmine flowers.,用芳香的茉莉花调味的绿茶。,New line from v1.6
Jawbreaker_Name,Jawbreaker,大糖球,New line from v1.6
Jawbreaker_Description,"It's a big, hard candy that lasts the whole movie!",这是一颗又大又硬的糖果，够你舔一整部电影的时间！,New line from v1.6
JojaCola_Name,Joja Cola,Joja可乐,New line from v1.6
JojaCola_Description,An extra-large cup of Joja's flagship soda.,一份超大杯的Joja招牌汽水。,New line from v1.6
JojaCorn_Name,JojaCorn,Joja玉米,New line from v1.6
JojaCorn_Description,"Joja's patented corn food, slathered in plenty of ""b'utter sauce"".",Joja公司拥有专利的玉米食品，涂有大量的黄油酱。,New line from v1.6
KaleSmoothie_Name,Kale Smoothie,羽衣甘蓝汁,New line from v1.6
KaleSmoothie_Description,It's loaded with vitamins and fiber.,它富含维生素和纤维。,New line from v1.6
Nachos_Name,Nachos,芝士玉米片,New line from v1.6
Nachos_Description,"Gooey, spicy cheese on top of freshly fried tortilla chips.",在新鲜的油炸玉米片上涂满黏黏的、辣辣的起司。,New line from v1.6
PanzanellaSalad_Name,Panzanella Salad,意式面包沙拉,New line from v1.6
PanzanellaSalad_Description,A summer salad of bread and tomatoes.,用面包和西红柿做的夏季沙拉。,New line from v1.6
PersonalPizza_Name,Personal Pizza,个人披萨,New line from v1.6
PersonalPizza_Description,A pizza small enough to enjoy as a snack.,小到可以当做甜点享用的披萨。,New line from v1.6
Popcorn_Name,Popcorn,爆米花,New line from v1.6
Popcorn_Description,"Popped kernels of corn, dusted lightly with salt and drizzled with butter.",爆开的玉米粒，撒上少许盐，淋上黄油。,New line from v1.6
RockCandy_Name,Rock Candy,糖冰棍,New line from v1.6
RockCandy_Description,Flavored sugar crystals attached to a convenient stick.,香甜的糖晶体依附在一根简单的棍子上。,New line from v1.6
SalmonBurger_Name,Salmon Burger,鲑鱼汉堡,New line from v1.6
SalmonBurger_Description,A thick slab of salmon on a lightly toasted sesame seed bun.,一块厚实的三文鱼放在一个轻微烘烤过的芝麻籽小圆面包上。,New line from v1.6
SaltedPeanuts_Name,Salted Peanuts,盐渍花生,New line from v1.6
SaltedPeanuts_Description,A classic salty treat.,经典的咸味零食。,New line from v1.6
SourSlimes_Name,Sour Slimes,酸味史莱姆,New line from v1.6
SourSlimes_Description,Tiny gummy slimes of assorted colors. They're sprinkled with an extremely sour powder.,小的颜色各异的史莱姆软糖。上面撒有一层非常酸的粉末。,New line from v1.6
StarCookie_Name,Star Cookie,星形饼干,New line from v1.6
StarCookie_Description,A star-shaped shortbread cookie with rainbow sprinkles.,撒有彩虹糖针的星形酥脆饼干。,New line from v1.6
StardropSorbet_Name,Stardrop Sorbet,星之果实冰糕,New line from v1.6
StardropSorbet_Description,A single drop of stardrop essence transforms this sorbet into an extraordinary treat.,一滴星之果实的精华让这冰糕有非凡的滋味。,New line from v1.6
TrufflePopcorn_Name,Truffle Popcorn,松露爆米花,New line from v1.6
TrufflePopcorn_Description,Heirloom popcorn sprinkled with truffle salt.,传家宝手艺制作的爆米花撒上松露盐。,New line from v1.6
