Penny,Penny,潘妮,New line from v1.6
Harvey,Harvey,哈维,New line from v1.6
Sebastian,Sebastian,塞巴斯蒂安,New line from v1.6
Maru,Maru,玛鲁,New line from v1.6
Robin,Robin,罗宾,New line from v1.6
ProfessorSnail,Professor Snail,蜗牛教授,New line from v1.6
Pam,Pam,潘姆,New line from v1.6
George,George,乔治,New line from v1.6
Vincent,Vincent,文森特,New line from v1.6
Shane,Shane,谢恩,New line from v1.6
Marnie,Marnie,玛妮,New line from v1.6
Jas,Jas,贾斯,New line from v1.6
Krobus,Krobus,科罗布斯,New line from v1.6
Gus,Gus,格斯,New line from v1.6
Dwarf,Dwarf,矮人,New line from v1.6
Sandy,Sandy,桑迪,New line from v1.6
Clint,Clint,克林特,New line from v1.6
Demetrius,Demetrius,德米特里厄斯,New line from v1.6
Linus,Linus,莱纳斯,New line from v1.6
Leah,Leah,莉亚,New line from v1.6
Haley,Haley,海莉,New line from v1.6
Jodi,Jodi,乔迪,New line from v1.6
Lewis,Lewis,刘易斯,New line from v1.6
Alex,Alex,亚历克斯,New line from v1.6
Evelyn,Evelyn,艾芙琳,New line from v1.6
Sam,Sam,山姆,New line from v1.6
Elliott,Elliott,艾利欧特,New line from v1.6
Wizard,Wizard,法师,New line from v1.6
Abigail,Abigail,阿比盖尔,New line from v1.6
Leo,Leo,雷欧,New line from v1.6
Caroline,Caroline,卡洛琳,New line from v1.6
Emily,Emily,艾米丽,New line from v1.6
Kent,Kent,肯特,New line from v1.6
Willy,Willy,威利,New line from v1.6
Pierre,Pierre,皮埃尔,New line from v1.6
