Marlon_DF_1_Text,Reach level 30 of the Skull Cavern.,到达骷髅洞穴第 30 层。,New line from v1.6
Marlon_DF_Item_1_LocalizedName,pieces of Iridium Ore,铱矿石,New line from v1.6
Marlon_DF_Monster_1_LocalizedName,Purple Slimes,紫色史莱姆,New line from v1.6
Marlon_DF_0_Objective,Slay 10 {Monster:LocalizedName}.,杀掉 10 只{Monster:LocalizedName}。,New line from v1.6
Marlon_DF_2_Name,Treasure Hunt,寻宝,New line from v1.6
Marlon_DF_2_Text,Collect {Treasure:Count} {Treasure:LocalizedName} from the Skull Cavern.,在骷髅洞穴中收集 {Treasure:Count} 个{Treasure:LocalizedName}。,New line from v1.6
Marlon_DF_Item_0_LocalizedName,Omni Geodes,万象晶球,New line from v1.6
Marlon_DF_0_Text,Descend into the Skull Cavern and slay 10 {Monster:LocalizedName}.,进入骷髅洞穴，杀掉 10 只{Monster:LocalizedName}。,New line from v1.6
Marlon_DF_0_Name,Monster Hunt,怪物狩猎,New line from v1.6
Marlon_DF_2_Objective,Collect {Treasure:Count} {Treasure:LocalizedName}.,收集 {Treasure:Count} 个{Treasure:LocalizedName}。,New line from v1.6
Marlon_DF_1_Objective,Reach level 30 of the Skull Cavern.,到达骷髅洞穴第 30 层。,New line from v1.6
Marlon_DF_Monster_2_LocalizedName,Mummies,木乃伊,New line from v1.6
Marlon_DF_1_Name,Deep Dive,深层探险,New line from v1.6
Marlon_DF_Monster_0_LocalizedName,Serpents,飞蛇,New line from v1.6
Clint_RE_Monster_1_LocalizedName,Dust Sprites,灰尘精灵,Dust Spirits
