FarmComputer_Intro_Generic,Location Analysis:,Location Analysis:,New line from v1.6
FarmComputer_Intro_Farm,{0} Farm Analysis:,{0}农场报告：,New line from v1.6
KeyToTheTown_desc,"Allows access to all buildings in town, at any time of day.",用它可以随时进入镇上的所有建筑。,New line from v1.6
Attack_Miss,Miss,Miss,New line from v1.6
MultiplePetBowls_watered,#$e#I also filled the pets' water bowls.,Simplified Chinese didn't update,New line from v1.6
MapPage.cs.11080_ExtendedHours,Open 9:00AM to 5:00PM,上午9:00至下午5:00开放,New line from v1.6
PurchaseAnimalsMenu.ChooseLocation,Where do you want to manage animals?,Where do you want to manage animals?,New line from v1.6
FarmComputer_Intro_NamedLocation,{0} Analysis:,{0} Analysis:,New line from v1.6
Utility.cs.5857,Journey Of The Prairie King (Ending),普瑞尔国王的旅程（结束）,Journey Of The Praire King (Ending)
Utility.cs.5853,Journey Of The Prairie King (Undead),普瑞尔国王的旅程（亡灵）,Journey Of The Praire King (Undead)
Event.cs.1736,"$q -1 null#...Yes, dear?#$r -1 0 danceAsk#(Ask {0} to be your dance partner)#$r -1 0 null#Never mind...","$q -1 null#……什么事, 亲爱的？#$r -1 0 danceAsk#(邀请 {0} 作你的舞伴)#$r -1 0 null#没事……","$q -1 null#...Yes, dear?#$r -1 0 danceAsk#(Ask {0} to be your dance partner)#$r -1 0 null#Nevermind..."
ItemDeliveryQuest.cs.13604,"Ah, the {0} I requested! And it's a beautiful one, too. Thank you very much, @.",是我想要的{0}！真是太漂亮了。非常感谢你， @,"Ah, the {0} I requested! And it's a beautiful one, too. Thank you very much, {1}"
ItemDeliveryQuest.cs.13585,"Oh! Perfect! Now I can continue the project I was working on.$h#$b#Thanks a bunch, @.$h",噢！太棒了！现在我可以继续这个项目了。$h#$b#太感谢了，@。$h,"Oh! Perfect! Now I can continue the project I was working on.$h#$b#Thanks a bunch, {0}.$h"
FishingQuest.cs.13274,"

- {0}g reward.","

—  {0}金奖励。","
 
- {0}g reward."
FishingQuest.cs.13248,Trying to keep the art o' fishing alive... I'll pay {0}g to any ${fisherman^fishing enthusiast}$ who catches {1} {2}. Good luck!  -Willy,我想努力保存捕鱼的艺术……我可以付{0}金给任何${可以^}$捕到{1}{2}${的渔夫^的钓鱼爱好者}$。祝你们好运！－威利,Trying to keep the art o' fishing alive... I'll pay {0}g to any fisherman who catches {1} {2}. Good luck!  -Willy
ItemDeliveryQuest.cs.13534, So you saw the bulletin I posted?, 这么说你看到了我邮寄的 公告 ？,bulletin
Event.cs.1738,$q -1 null#...Yes?#$r -1 0 danceAsk#(Ask {0} to be your dance partner)#$r -1 0 null#Never mind...,$q -1 null#……什么事？#$r -1 0 danceAsk#(邀请 {0} 作你的舞伴)#$r -1 0 null#没事……,$q -1 null#...Yes?#$r -1 0 danceAsk#(Ask {0} to be your dance partner)#$r -1 0 null#Nevermind...
Utility.cs.5849,Journey Of The Prairie King (Overworld),普瑞尔国王的旅程（主世界）,Journey Of The Praire King (Overworld)
FishingQuest.cs.13256,"Hey, you succeeded, @!$h#$b#The {0} is an exciting catch, don't you think? ",嘿，你成功了，@！$h#$b# {0}是个令人兴奋的收获，你不觉得吗？ ,"Hey, you suceeded, @!$h#$b#The {0} is an exciting catch, don't you think? "
FarmComputer_PiecesHay,Pieces Of Hay: {0}/{1},干草：{0}/{1},Pieces Hay: {0}/{1}
ItemDeliveryQuest.cs.13599," Heh heh... perfect. Here's your reward, @. Don't say a word to my Dad. $h",嘿嘿……完美。这是你的报酬，@。不要跟我的爸爸说。$h," Heh heh... perfect. Here's your reward, {0}. Don't say a word to my Dad. $h"
ItemDeliveryQuest.cs.13597," Hmm... this isn't as exciting as I thought it would be...$s#$b#But that's not your fault! Haha. Thanks for responding to my bulletin, @.$h",嗯嗯……并不像我想象的那么有意思……$s#$b#但不是你的错！哈哈，谢谢你回复我的公告板，@ 。$h," Hmm... this isn't as exciting as I thought it would be...$s#$b#But that's not your fault! Haha. Thanks for responding to my bulletin, {0}.$h"
ItemDeliveryQuest.cs.13571,${Looking for a buddy to bring me {0}.       -Sam¦I would like a cute girl to bring me {0}.  (^_-)      -Sam}$,${在寻找一个朋友给我送{0}。－山姆¦我想让一个美女给我送{0}。( ^_-)－山姆}$,Looking for a buddy to bring me {0}.       -Sam
NPC.cs.4146,A word of warning: ,一句警告: ,A word of warning. 
ItemDeliveryQuest.cs.13528,Hello @!,您好@！,Hello {0}!
ItemDeliveryQuest.cs.13587,"Oh, that's exactly what I need to power my latest invention, @!#$b#Thank you!$h",噢，那正是我需要的，能作为我最新发明的动力，@！#$b#谢谢！$h,"Oh, that's exactly what I need to power my latest invention, {0}!#$b#Thank you!$h"
Utility.cs.5851,Journey Of The Prairie King (Outlaw),普瑞尔国王的旅程（逃犯）,Journey Of The Praire King (Outlaw)
SlayMonsterQuest.cs.13731, I know it can be really hard to get that sticky slime out of your clothes.#$b# I've definitely ruined a few good pairs of pants trying to catch those little ,我知道很难把黏黏的史莱姆黏液从衣服上清理下来。#$b#我已经毁了好几条质量不错的裤子就为了捉住那些, I know it can be really hard to get that sticky slime out your clothes.#$b# I've definitely ruined a few good pairs of pants trying to catch those little 
ItemDeliveryQuest.cs.13536, So you saw the ad I posted?, 这么说你看到了我邮寄的 广告 ？,ad
ItemDeliveryQuest.cs.13560,"${Looking for a handsome young man to bring me {0}.       -Haley^FOR GIRLS ONLY: psst... I need {0}... you know what it's for. Keep it secret, okay?      -Haley}$",${在寻找一个帅哥，希望他能给我送来{0}。－海莉^女孩们注意了：嘘……我需要{0}……你知道它是用来干什么的。请严守秘密，好吗？－海莉}$,Looking for a handsome young man to bring me {0}.       -Haley
SocializeQuest.cs.13791,"

- Everyone will like you a little more","

— 大家都会更喜欢你","
 
- Everyone will like you a little more"
ItemDeliveryQuest.cs.13535, So you saw the notice I posted?, 这么说你看到了我邮寄的 通知 ？,notice
Event.cs.1258,"I finished writing my book, and it ended up being a romance novel! ...You told me once that you enjoyed the genre, and, well, I've also been able to draw some inspiration from real life experiences lately. $l#$b#Here it is, '%book'. It's about a train stewardess who falls in love with a traveling architect... but he's secretly engaged to the ticket collector's daughter!#$b#I *almost* feel like I should split the profits with you, considering how much help you gave me!$h",我写完了我的书，它是一本爱情小说！……你曾告诉过我你喜欢爱情类的小说，而且我最近也从现实生活中吸取了一些灵感。 $l#$b#在这里，'%book'。是关于一位爱上建筑师的火车乘务员……但是他与收票员的女儿秘密订婚了！#$b#想到你给了我那么多帮助，我*几乎*觉得我应该分些利润给你！$h,"I finished writing my book, and it ended up being a romance novel! ...You told me once that you enjoyed the genre, and, well, I've also been able to draw some inpsiration from real life experiences lately. $l#$b#Here it is, '%book'. It's about a train stewardess who falls in love with a traveling architect... but he's secretly engaged to the ticket collector's daughter!#$b#I *almost* feel like I should split the profits with you, considering how much help you gave me!$h"
ItemDeliveryQuest.cs.13577,"Hey, thanks a million, @! I should've known you'd be the one to take this job.$h",嗨，太感谢了。@!我早该料到你是会接下这份工作的人。$h,"Hey, thanks a million, {0}! I should've known you'd be the one to take this job.$h"
FishingQuest.cs.13233,pollutants in the water accelerated their reproductive cycle.,水污染物加快了它们的生殖周期。,pollutants in the water accelerated their reprodutive cycle.
Utility.cs.5855,Journey Of The Prairie King (Boss),普瑞尔国王的旅程（工头）,Journey Of The Praire King (Boss)
ItemDeliveryQuest.cs.13607,"

- {0}g on delivery.","

－{0}金，货到付款","
 
- {0}g on delivery."
