Chat_GuessRacer_6,{0} thinks {1} is a sure bet!,{0}觉得{1}稳赢！,New line from v1.6
AGO_LegacyRandomization,Use Legacy Randomization,Use Legacy Randomization,New line from v1.6
Tomorrow,Tomorrow...,明天……,New line from v1.6
Chat_GuessRacer_8,{0}'s going 'all in' on {1}!,{0}把宝押在了{1}身上！,New line from v1.6
Chat_RaceSabotage_5,The little racers seem nervous about the next race...,小选手们对下一场比赛似乎有些紧张……,New line from v1.6
Carpenter_ChangeAppearance,Change Appearance,修改外观,New line from v1.6
Chat_RaceSabotage_2,Maniacal laughter was heard behind Sandy's Oasis...,有人在桑迪的绿洲后面疯狂大笑……,New line from v1.6
Chat_CalicoStatue_Activated,Calico Statue: {0},卡利科三花雕像：{0},New line from v1.6
Chat_RaceWinners_One,{0} has won the race! Congratulations {1}!,{0}赢得了比赛！恭喜{1}！,New line from v1.6
Chat_RaceWinners_Zero,{0} has won the race!,{0}赢得了比赛！,New line from v1.6
AGO_LegacyRandomization_Tooltip,Make random choices in a way that often repeats patterns. Most players should keep this disabled.,Make random choices in a way that often repeats patterns. Most players should keep this disabled.,New line from v1.6
Chat_RaceWinners_Two,{0} has won the race! Congratulations {1} and {2}!,{0}赢得了比赛！恭喜{1}和{2}！,New line from v1.6
Chat_GuessRacer_9,{0} is betting big on {1}!,{0}在{1}身上孤注一掷！,New line from v1.6
PreviousPage,Previous page,Previous page,New line from v1.6
Chat_GuessRacer_1,{0} thinks {1} is going to win the race...,{0}觉得{1}会赢得比赛……,New line from v1.6
TextSignEntry,Enter sign text,输入标牌文字,New line from v1.6
Chat_GuessRacer_4,{0} is rooting for {1}!,{0}为{1}加油助威！,New line from v1.6
Chat_GuessRacer_10,{0} is sure {1}'s gonna win!,{0}觉得{1}必胜无疑！,New line from v1.6
Chat_GuessRacer_2,{0} will be seeing {1} at the finish line!,{0}会在终点线为{1}加油！,New line from v1.6
Chat_RaceStarting,The next race is starting soon...,下一场比赛即将开始……,New line from v1.6
Chat_GuessRacer_5,{0} is Team {1}!,{0}支持{1}！,New line from v1.6
Chat_HardModeSkullCaveDeactivated,"{0} has restored an ancient magi-seal of protection in the Skull Cavern. Tomorrow, it will return to normal...",Simplified Chinese didn't update,New line from v1.6
NextPage,Next page,Next page,New line from v1.6
Chat_RaceWinners_Many,{0} has won the race! Congratulations,{0}赢得了比赛！恭喜,New line from v1.6
Chat_RaceSabotage_4,The race track is looking a little slippery...,赛道看起来有点滑……,New line from v1.6
Chat_RaceWinners_List,"{0},","{0},",New line from v1.6
Chat_RaceSabotage_1,There's a rumor that the next race is rigged...,据说有人对下一场比赛动了手脚……,New line from v1.6
Chat_GuessRacer_3,{0} is hoping {1} pulls off a first place finish!,{0}希望{1}能勇夺第一！,New line from v1.6
Chat_GuessRacer_7,{0} is cheering for {1}!,{0}为{1}欢呼喝彩！,New line from v1.6
Chat_HardModeSkullCaveActivated,"{0} has removed an ancient magi-seal of protection in the Skull Cavern. Tonight, powerful monsters will ascend from the deep...",Simplified Chinese didn't update,New line from v1.6
Item_CantBeUsedHere,This item can't be used here.,This item can't be used here.,New line from v1.6
Chat_RaceWinners_Final,and {0}!,以及{0}！,New line from v1.6
Chat_RaceSabotage_3,The fix is in...,有暗箱操作……,New line from v1.6
UserSignoutMenu_SignInChange,A sign-in change has occurred. Sign back in or exit to the title screen.,出现了账号更换情况，请重新登录或者回到游戏标题画面。,A sign-in change has occured. Sign back in or exit to the title screen.
Character_CoopHelpString,"Starting Cabins: Start with 1-{0} cabins already in place, allowing your friends to join immediately. Alternatively, you can select ""None"" and build the cabins yourself (via Robin).^^Cabin Layout: If you decide to start your farm with pre-existing cabins, you can choose between two layout styles: ""Nearby"" places all cabins near the main farmhouse, encouraging a communal farming style. ""Separate"" places the cabins far apart, allowing more room for independence.^^Profit Margin: Adjusts the profit margin (money you earn) on goods you sell. 'Normal' is the original Stardew Valley experience. More experienced and/or larger groups may wish to decrease the margin.",初始联机小屋：开始时已有 1 至 {0} 间联机小屋就位，可让你的朋友立即加入。或者，你可以选择“无”，并（通过罗宾）自己建造联机小屋。^^联机小屋布局：如果你决定用原本存在的联机小屋开始你的农场，则可在两种布局风格之间做选择：“附近”将所有联机小屋都放在主农舍附近，鼓励社区型耕种风格。“独立”将尽可能拉开联机小屋之间的距离，提供更多的独立空间。^^利润率：调节你所出售商品的利润率（你赚的钱）。“普通”是原汁原味的星露谷体验。经验较丰富和/或规模较大的团队员可能会压低利润。,"Starting Cabins: Start with 1-3 cabins already in place, allowing your friends to join immediately. Alternatively, you can select ""None"" and build the cabins yourself (via Robin).^^Cabin Layout: If you decide to start your farm with pre-existing cabins, you can choose between two layout styles: ""Nearby"" places all cabins near the main farmhouse, encouraging a communal farming style. ""Separate"" places the cabins far apart, allowing more room for independence.^^Profit Margin: Adjusts the profit margin (money you earn) on goods you sell. 'Normal' is the original Stardew Valley experience. More experienced and/or larger groups may wish to decrease the margin."
Character_FarmFishing,Riverland Farm_Your farm is spread across several islands and scenic riverbanks. Fish are more common here than usual. You start with a fish smoker.,河边农场_你的农场散布在几座岛屿和风景优美的河岸之间。这里的鱼要比其他地方更多。开始时有一台熏鱼机。,Riverland Farm_Your farm is spread across several islands and scenic riverbanks. Fish are more common here than usual.
