RustySword_Name,Rusty Sword,生锈的剑,New line from v1.6
RustySword_Description,"A rusty, dull old sword.",一把又锈又旧的钝剑。,New line from v1.6
SilverSaber_Name,Silver Saber,镀银军刀,New line from v1.6
SilverSaber_Description,Plated with silver to deter rust.,镀银以防锈。,New line from v1.6
DarkSword_Name,Dark Sword,黑暗剑,New line from v1.6
DarkSword_Description,It's glowing with vampire energy.,散发着神秘的能量。,New line from v1.6
HolyBlade_Name,Holy Blade,圣剑,New line from v1.6
HolyBlade_Description,It feels hopeful to wield.,握在手里，充满正能量。,New line from v1.6
GalaxySword_Name,Galaxy Sword,银河剑,New line from v1.6
GalaxySword_Description,It's unlike anything you've ever seen.,谁与争锋。,New line from v1.6
BoneSword_Name,Bone Sword,骨剑,New line from v1.6
BoneSword_Description,A very light piece of sharpened bone.,磨尖的骨头打造的轻剑。,New line from v1.6
IronEdge_Name,Iron Edge,铁刃,New line from v1.6
IronEdge_Description,A heavy broadsword.,很重的阔剑。,New line from v1.6
TemplarsBlade_Name,Templar's Blade,圣堂之刃,New line from v1.6
TemplarsBlade_Description,It once belonged to an honorable knight.,曾属于一位高尚的圣殿骑士。,New line from v1.6
ObsidianEdge_Name,Obsidian Edge,黑曜石之刃,New line from v1.6
ObsidianEdge_Description,It's incredibly sharp.,这东西锋利无比。,New line from v1.6
LavaKatana_Name,Lava Katana,熔岩武士刀,New line from v1.6
LavaKatana_Description,A powerful blade forged in a pool of churning lava.,用火山熔岩打造的强大刀刃。,New line from v1.6
Claymore_Name,Claymore,双刃大剑,New line from v1.6
Claymore_Description,It's really heavy.,非常沉重。,New line from v1.6
SteelSmallsword_Name,Steel Smallsword,钢制轻剑,New line from v1.6
SteelSmallsword_Description,A standard metal blade.,一把标准的金属刀。,New line from v1.6
WoodenBlade_Name,Wooden Blade,木剑,New line from v1.6
WoodenBlade_Description,Not bad for a piece of carved wood.,对于一块木雕来说不错了。,New line from v1.6
InsectHead_Name,Insect Head,昆虫头部,New line from v1.6
InsectHead_Description,Not very pleasant to wield.,挥起来很不舒服。,New line from v1.6
NeptunesGlaive_Name,Neptune's Glaive,海王星大剑,New line from v1.6
NeptunesGlaive_Description,An heirloom from beyond the Gem Sea.,来自宝石海的传家宝。,New line from v1.6
ForestSword_Name,Forest Sword,森林剑,New line from v1.6
ForestSword_Description,Made powerful by forest magic.,由森林魔法打造的强力之剑。,New line from v1.6
CarvingKnife_Name,Carving Knife,刻刀,New line from v1.6
CarvingKnife_Description,"A small, light blade.",很轻的小刀。,New line from v1.6
IronDirk_Name,Iron Dirk,铁制短剑,New line from v1.6
IronDirk_Description,A common dagger.,一把普通的匕首。,New line from v1.6
BurglarsShank_Name,Burglar's Shank,飞贼之胫,New line from v1.6
BurglarsShank_Description,A weapon of choice for the swift and silent.,身手敏捷、行动隐秘的人首选之武器。,New line from v1.6
ShadowDagger_Name,Shadow Dagger,暗影匕首,New line from v1.6
ShadowDagger_Description,"When you hold the blade to your ear you can hear 1,000 souls shrieking.",把刀放到耳旁，能听见千百条灵魂的哀嚎。,New line from v1.6
ElfBlade_Name,Elf Blade,精灵之刃,New line from v1.6
ElfBlade_Description,Only the nimble hands of an elf could craft this.,唯有精灵的巧手才能打造出这件物品。,New line from v1.6
CrystalDagger_Name,Crystal Dagger,水晶匕首,New line from v1.6
CrystalDagger_Description,The blade is made of purified quartz.,此刀由纯石英打造。,New line from v1.6
WindSpire_Name,Wind Spire,疾风利剑,New line from v1.6
WindSpire_Description,A swift little blade.,轻便的小刀。,New line from v1.6
GalaxyDagger_Name,Galaxy Dagger,银河匕首,New line from v1.6
GalaxyDagger_Description,It's unlike anything you've seen.,你闻所未闻。,New line from v1.6
WoodClub_Name,Wood Club,木棒,New line from v1.6
WoodClub_Description,"A solid piece of wood, crudely chiseled into a club shape.",沉重的木，粗糙地打造成棍子的型状。,New line from v1.6
AlexsBat_Name,Alex's Bat,亚历克斯的棒球棍,New line from v1.6
AlexsBat_Description,The sweet spot is dented from Alex's famous Grand Slam.,亚历克斯赢得大满贯的棒球棍。,New line from v1.6
LeadRod_Name,Lead Rod,铅棒,New line from v1.6
LeadRod_Description,It's incredibly heavy.,异常的沉。,New line from v1.6
WoodMallet_Name,Wood Mallet,木锤,New line from v1.6
WoodMallet_Description,The solid head packs a punch. Relatively light for a club.,坚固的头部威力强大。对于一把棍棒来说，重量有点轻。,New line from v1.6
TheSlammer_Name,The Slammer,巨锤,New line from v1.6
TheSlammer_Description,An extremely heavy gavel that'll send foes flying.,超级重的锤子，能够击飞敌人。,New line from v1.6
GalaxyHammer_Name,Galaxy Hammer,银河之锤,New line from v1.6
GalaxyHammer_Description,It's made from an ultra-light material you've never seen before.,用一种你闻所未闻的超轻材料打造而成。,New line from v1.6
SamsOldGuitar_Name,Sam's Old Guitar,山姆的旧吉他,New line from v1.6
SamsOldGuitar_Description,It's seen better days.,陈旧落魄。,New line from v1.6
Femur_Name,Femur,股骨,New line from v1.6
Femur_Description,"An old, heavy bone caked in centuries of grime.",一根古老沉重的骨头，覆盖着数个世纪的尘垢。,New line from v1.6
Slingshot_Name,Slingshot,弹弓,New line from v1.6
Slingshot_Description,Requires stones for ammo.,需要石子当弹药。,New line from v1.6
MasterSlingshot_Name,Master Slingshot,高级弹弓,New line from v1.6
MasterSlingshot_Description,Requires stones for ammo.,需要石子当弹药。,New line from v1.6
GalaxySlingshot_Name,Galaxy Slingshot,银河弹弓,New line from v1.6
GalaxySlingshot_Description,It looks really powerful.,看上去很强大。,New line from v1.6
ElliottsPencil_Name,Elliott's Pencil,艾利欧特的铅笔,New line from v1.6
ElliottsPencil_Description,Elliott used this to write his book. It's sharp!,艾利欧特用它来写书。非常尖锐！,New line from v1.6
MarusWrench_Name,Maru's Wrench,玛鲁的扳手,New line from v1.6
MarusWrench_Description,"A big, metal wrench. It smells like Maru.",巨大的金属扳手。闻起来很有玛鲁的味道。,New line from v1.6
HarveysMallet_Name,Harvey's Mallet,哈维的锤子,New line from v1.6
HarveysMallet_Description,It brings back memories of Harvey's clinic.,让人想起哈维的诊所。,New line from v1.6
PennysFryer_Name,Penny's Fryer,潘妮的煎锅,New line from v1.6
PennysFryer_Description,Penny's favorite frying pan. There's some rubbery gunk stuck to the inside.,潘妮最爱的煎锅。里面凝固着一些胶状物。,New line from v1.6
LeahsWhittler_Name,Leah's Whittler,莉亚的削木刀,New line from v1.6
LeahsWhittler_Description,Leah's favorite tool for shaping driftwood.,莉亚用来削木的最爱工具。,New line from v1.6
AbbysPlanchette_Name,Abby's Planchette,阿比盖尔的占卜写板,New line from v1.6
AbbysPlanchette_Description,It's made from fine marblewood.,用大理石木打造而成。,New line from v1.6
SebsLostMace_Name,Seb's Lost Mace,塞巴斯蒂安的遗失之锤,New line from v1.6
SebsLostMace_Description,One of Sebastian's medieval replicas.,塞巴斯蒂安的中世纪仿制品之一。,New line from v1.6
HaleysIron_Name,Haley's Iron,海莉的烫发棒,New line from v1.6
HaleysIron_Description,It's searing hot and smells like Haley's hair.,非常烫手，散发着跟海莉的头发一样的味道。,New line from v1.6
PiratesSword_Name,Pirate's Sword,海盗剑,New line from v1.6
PiratesSword_Description,It looks like a pirate owned this once.,看上去曾经是一位海盗的武器。,New line from v1.6
Cutlass_Name,Cutlass,弯刀,New line from v1.6
Cutlass_Description,A finely crafted blade.,质量上乘的刀刃。,New line from v1.6
WickedKris_Name,Wicked Kris,蛇形邪剑,New line from v1.6
WickedKris_Description,The blade is made of an iridium alloy.,使用铱合金打造的刀刃。,New line from v1.6
Kudgel_Name,Kudgel,长柄锤,New line from v1.6
Kudgel_Description,A brute's companion.,野蛮人的最佳伙伴。,New line from v1.6
Scythe_Name,Scythe,镰刀,New line from v1.6
Scythe_Description,"It can cut grass into hay, if you've built a silo.",如果你建了一个筒仓，它可以割草以及收获干草。,New line from v1.6
YetiTooth_Name,Yeti Tooth,雪怪之牙,New line from v1.6
YetiTooth_Description,It's icy cold to the touch.,寒冷冻人。,New line from v1.6
Rapier_Name,Rapier,细剑,New line from v1.6
Rapier_Description,An elegant blade.,一把优雅的剑。,New line from v1.6
SteelFalchion_Name,Steel Falchion,钢刀,New line from v1.6
SteelFalchion_Description,Light and powerful.,轻便，威力强大。,New line from v1.6
BrokenTrident_Name,Broken Trident,残破的三叉戟,New line from v1.6
BrokenTrident_Description,"It came from the sea, but it's still sharp.",来自海洋，依然尖锐。,New line from v1.6
TemperedBroadsword_Name,Tempered Broadsword,淬火阔剑,New line from v1.6
TemperedBroadsword_Description,It looks like it could withstand anything.,看上去能够抵挡任何东西。,New line from v1.6
GoldenScythe_Name,Golden Scythe,金色的镰刀,New line from v1.6
GoldenScythe_Description,It's more powerful than a normal scythe.,它比传统的镰刀更强大。,New line from v1.6
DwarfSword_Name,Dwarf Sword,矮人剑,New line from v1.6
DwarfSword_Description,"It's ancient, but the blade never dulls.",很古老，但剑锋未曾变钝。,New line from v1.6
DwarfHammer_Name,Dwarf Hammer,矮人锤,New line from v1.6
DwarfHammer_Description,It emits a very faint whirring sound.,它会发出微弱的嗡嗡声。,New line from v1.6
DwarfDagger_Name,Dwarf Dagger,矮人匕首,New line from v1.6
DwarfDagger_Description,"It's ancient, but the blade never dulls.",它很古老，但刃锋未曾变钝。,New line from v1.6
DragontoothCutlass_Name,Dragontooth Cutlass,龙牙弯刀,New line from v1.6
DragontoothCutlass_Description,The blade was forged from a magical tooth.,这把刀是用一颗充满魔力的牙齿锻造而成的。,New line from v1.6
DragontoothClub_Name,Dragontooth Club,龙牙棒,New line from v1.6
DragontoothClub_Description,This club was crafted from a magical tooth.,这根棍子是用一颗充满魔力的牙齿锻造而成的。,New line from v1.6
DragontoothShiv_Name,Dragontooth Shiv,龙牙小刀,New line from v1.6
DragontoothShiv_Description,The blade was forged from a magical tooth.,这把刀是用一颗充满魔力的牙齿锻造而成的。,New line from v1.6
OssifiedBlade_Name,Ossified Blade,骨化剑,New line from v1.6
OssifiedBlade_Description,"A large, sharp blade formed from bone.",由骨头形成的巨大而锋利的剑刃。,New line from v1.6
IridiumNeedle_Name,Iridium Needle,铱针,New line from v1.6
IridiumNeedle_Description,"The point is unbelievably sharp, even down to the atomic level.",其尖锐超出想象，甚至微观到原子层面也是无比尖锐。,New line from v1.6
InfinityBlade_Name,Infinity Blade,无限之刃,New line from v1.6
InfinityBlade_Description,The true form of the Galaxy Sword.,银河剑的真实形态。,New line from v1.6
InfinityGavel_Name,Infinity Gavel,无限之锤,New line from v1.6
InfinityGavel_Description,The true form of the Galaxy Hammer.,银河之锤的真实形态。,New line from v1.6
InfinityDagger_Name,Infinity Dagger,无限匕首,New line from v1.6
InfinityDagger_Description,The true form of the Galaxy Dagger.,银河匕首的真实形态。,New line from v1.6
Meowmere_Name,Meowmere,彩虹猫之刃,New line from v1.6
Meowmere_Description,An unusual weapon from a far away land...,来自异界的罕见武器……,New line from v1.6
