AncientStool_Name,Ancient Stool,远古凳子,New line from v1.6
AncientStool_Description,It smells like Grandma's apartment.,有种祖母的公寓的味道。,New line from v1.6
AncientTable_Name,Ancient Table,远古桌子,New line from v1.6
AncientTable_Description,It's covered in the thickest cobwebs.,满满都是蛛网的桌子。,New line from v1.6
AutoGrabber_Name,Auto-Grabber,自动采集器,New line from v1.6
AutoGrabber_Description,Automatically harvests from your animals each morning. Must be placed inside a coop or barn.,每天早晨自动采集动物产品。必须放在鸡舍或畜棚内。,New line from v1.6
AutoPetter_Name,Auto-Petter,自动抚摸机,New line from v1.6
AutoPetter_Description,"Joja Co. patented technology for coops and barns. Keeps your animals content, but can't replace the full benefit of human touch. Hand-petting can be provided to supplement.",Joja公司专利技术，适用于鸡舍和畜棚。可以让动物们满足，但是无法实现亲自抚摸的所有好处。使用后仍可手动抚摸来补足。,New line from v1.6
Barrel_Name,Barrel,木桶,New line from v1.6
Barrel_Description,...,……,New line from v1.6
BarrelBrazier_Name,Barrel Brazier,木桶火炬,New line from v1.6
BarrelBrazier_Description,Provides a moderate amount of light.,提供一点亮光。,New line from v1.6
BasicLog_Name,Basic Log,普通圆木,New line from v1.6
BasicLog_Description,A decorative piece for your farm.,农场的装饰件。,New line from v1.6
BeeHouse_Name,Bee House,蜂房,New line from v1.6
BeeHouse_Description,Place outside and wait for delicious honey! (Except in Winter).,置放在屋外，然后等着吃甜蜜的蜂蜜吧！（除了冬天）。,New line from v1.6
BigGreenCane_Name,Big Green Cane,大绿杖,New line from v1.6
BigGreenCane_Description,A decorative piece for your farm.,农场的装饰件。,New line from v1.6
BigRedCane_Name,Big Red Cane,大红杖,New line from v1.6
BigRedCane_Description,A decorative piece for your farm.,农场的装饰件。,New line from v1.6
BoneMill_Name,Bone Mill,碎骨机,New line from v1.6
BoneMill_Description,Turns bone items into fertilizers.,可以把骨头制成肥料。,New line from v1.6
Bonfire_Name,Bonfire,篝火,New line from v1.6
Bonfire_Description,The red embers glow softly.,余烬徐徐燃烧。,New line from v1.6
Bongo_Name,Bongo,小手鼓,New line from v1.6
Bongo_Description,A decorative percussion instrument with a rich sound.,一种声音浑厚的装饰乐器。,New line from v1.6
Bookcase_Name,Bookcase,书架,New line from v1.6
Bookcase_Description,A home for books.,书本的家。,New line from v1.6
Boulder_Name,Boulder,圆石,New line from v1.6
Boulder_Description,An extremely dense piece of stone.,一块非常沉重的石头。,New line from v1.6
Camera_Name,Camera,相机,New line from v1.6
Camera_Description,An old camera mounted on a tripod.,装在三脚架上的旧相机。,New line from v1.6
Campfire_Name,Campfire,篝火,New line from v1.6
Campfire_Description,Provides a moderate amount of light.,提供一点亮光。,New line from v1.6
Campfire_2_Name,Campfire,篝火,New line from v1.6
Campfire_2_Description,Cook on the go!,随时随地做饭！,New line from v1.6
CarvedBrazier_Name,Carved Brazier,镂空火炬,New line from v1.6
CarvedBrazier_Description,Provides a moderate amount of light.,提供一点亮光。,New line from v1.6
Cask_Name,Cask,木桶,New line from v1.6
Cask_Description,Use in the cellar to age products like wine and cheese.,在地窖中使用以使产品变陈，如葡萄酒和奶酪。,New line from v1.6
CharcoalKiln_Name,Charcoal Kiln,煤炭窑,New line from v1.6
CharcoalKiln_Description,Turns 10 pieces of wood into one piece of coal.,将10块木头转换成一块煤炭。,New line from v1.6
CheesePress_Name,Cheese Press,压酪机,New line from v1.6
CheesePress_Description,Turns milk into cheese.,将牛奶转换成乳酪。,New line from v1.6
Chest_Name,Chest,宝箱,New line from v1.6
Chest_Description,A place to store your items.,收藏你的物品的地方。,New line from v1.6
ChickenStatue_Name,Chicken Statue,鸡雕像,New line from v1.6
ChickenStatue_Description,A wooden statue of a chicken.,一只母鸡的木质雕像。,New line from v1.6
CoffeeMaker_Name,Coffee Maker,咖啡机,New line from v1.6
CoffeeMaker_Description,Automatically brews a fresh cup every morning.,每天早上自动煮一杯新鲜的咖啡。,New line from v1.6
Crate_Name,Crate,木箱,New line from v1.6
Crate_Description,...,……,New line from v1.6
Crystalarium_Name,Crystalarium,宝石复制机,New line from v1.6
Crystalarium_Description,Insert a gem of your choice and it will grow copies.,置入你的宝石，它就会被复制。,New line from v1.6
CursedPKArcadeSystem_Name,Cursed P.K. Arcade System,被诅咒的P.K.街机系统,New line from v1.6
CursedPKArcadeSystem_Description,Something's not right with this Prairie King Arcade System...,这台草原之王街机系统有哪里不对劲……,New line from v1.6
DarkSign_Name,Dark Sign,深色牌子,New line from v1.6
DarkSign_Description,Use an item on this to change what's displayed. The item won't be consumed.,在此上使用一个道具，即可改变显示的内容。道具不会被消耗掉。,New line from v1.6
DeadTree_Name,Dead Tree,枯死的树,New line from v1.6
DeadTree_Description,"It's been petrified for a long time, poor thing.",已经风干了很久的可怜树木。,New line from v1.6
Deconstructor_Name,Deconstructor,分解机,New line from v1.6
Deconstructor_Description,"Destroys crafted items, but salvages their most valuable material.",销毁打造的物品，回收最有价值的材料。,New line from v1.6
DecorativePitcher_Name,Decorative Pitcher,装饰瓶子,New line from v1.6
DecorativePitcher_Description,Hand-made out of brass.,用黄铜手工打造。,New line from v1.6
DecorativeSpears_Name,Decorative Spears,装饰长矛,New line from v1.6
DecorativeSpears_Description,Not a very safe decoration.,不是很安全的装饰物。,New line from v1.6
DeluxeScarecrow_Name,Deluxe Scarecrow,豪华稻草人,New line from v1.6
DeluxeScarecrow_Description,"Prevents crows from attacking your crops. Has a large radius (about 16 ""tiles"").",阻止乌鸦攻击你的庄稼。范围很大（大约半径16格）。,New line from v1.6
Door_Name,Door,门,New line from v1.6
Door_Description,A hidden mechanism causes it to retract into the ground.,一种使它缩回地面的隐蔽装置。,New line from v1.6
DriedSunflowers_Name,Dried Sunflowers,风干太阳花,New line from v1.6
DriedSunflowers_Description,A vibrant home decoration.,鲜艳的家具饰物。,New line from v1.6
EmptyCapsule_Name,Empty Capsule,空置的胶囊,New line from v1.6
EmptyCapsule_Description,Part of the glass is shattered.,一部分玻璃被击碎了。,New line from v1.6
FancyTable_Name,Fancy Table,漂亮的桌子,New line from v1.6
FancyTable_Description,A finely crafted round table.,制作精良的圆桌。,New line from v1.6
FarmComputer_Name,Farm Computer,农场电脑,New line from v1.6
FarmComputer_Description,Scans the farm and displays useful information.,可以扫描农场，显示实用的信息。,New line from v1.6
FeedHopper_Name,Feed Hopper,喂料斗,New line from v1.6
FeedHopper_Description,Provides convenient access to silo fodder.,可以轻易进入饲料筒仓。,New line from v1.6
Foroguemon_Name,??Foroguemon??,??碎屑雕像??,New line from v1.6
Foroguemon_Description,??Foroguemon??,??碎屑雕像??,New line from v1.6
Furnace_Name,Furnace,熔炉,New line from v1.6
Furnace_Description,Turns ore and coal into metal bars.,将矿石和煤炭转换为金属方块。,New line from v1.6
GardenPot_Name,Garden Pot,花盆,New line from v1.6
GardenPot_Description,"Grows crops from any season when indoors. Outdoors, it can only house seasonal crops.",在室内时，可种植任何季节的作物在户外时，只能容纳季节性作物。,New line from v1.6
GeodeCrusher_Name,Geode Crusher,晶球破开器,New line from v1.6
GeodeCrusher_Description,Breaks geodes open automatically.,可以自动地破开晶球。需要煤炭才能运行。,New line from v1.6
GoldBrazier_Name,Gold Brazier,金制火炬,New line from v1.6
GoldBrazier_Description,Provides a moderate amount of light.,提供一点亮光。,New line from v1.6
GrandfatherClock_Name,Grandfather Clock,祖父的钟,New line from v1.6
GrandfatherClock_Description,It's so old... looks like the pendulum is rusted in place.,很古老……钟摆都生锈卡着了。,New line from v1.6
GraveStone_Name,Grave Stone,墓石,New line from v1.6
GraveStone_Description,A decorative piece for your farm.,农场的装饰件。,New line from v1.6
GreenCanes_Name,Green Canes,绿杖,New line from v1.6
GreenCanes_Description,A decorative piece for your farm.,农场的装饰件。,New line from v1.6
Heater_Name,Heater,加热器,New line from v1.6
Heater_Description,Keeps your animals warmer and happier during the winter.,为你的动物在冬天中保暖。,New line from v1.6
HeavyTapper_Name,Heavy Tapper,重型树液采集器,New line from v1.6
HeavyTapper_Description,"Place on a maple, oak, or pine tree and wait for the reservoir to fill with product! Works twice as fast as a normal tapper.",放在枫树、橡树、松树上，然后等着装满树液吧！比普通树液采集器快一倍。,New line from v1.6
HMTGF_Name,??HMTGF??,??HMTGF??,New line from v1.6
HMTGF_Description,??HMTGF??,??HMTGF??,New line from v1.6
Hopper_Name,Hopper,加料器,New line from v1.6
Hopper_Description,Items placed inside will automatically be loaded into the machine in front of it.,把东西放进去，会自动加进前面的机器里。,New line from v1.6
HousePlant_Name,House Plant,家居植物,New line from v1.6
HousePlant_Description,Adds some character to your home or farm.,为你的房子或农场添加一些角色。,New line from v1.6
Incubator_Name,Incubator,孵化器,New line from v1.6
Incubator_Description,Hatches eggs into baby chickens and ducks.,将蛋孵化为小鸡和小鸭。,New line from v1.6
IronLamppost_Name,Iron Lamp-post,铁灯柱,New line from v1.6
IronLamppost_Description,Provides a good amount of light.,提供不少亮光。,New line from v1.6
ItemPedestal_Name,Item Pedestal,Item Pedestal,New line from v1.6
ItemPedestal_Description,A place to display an item.,A place to display an item.,New line from v1.6
JunimoChest_Name,Junimo Chest,祝尼魔箱,New line from v1.6
JunimoChest_Description,"Through the power of forest magic, every Junimo Chest links to the same stash.",通过森林魔法的力量，每个祝尼魔箱都连接到同一个储存处。,New line from v1.6
JunimoKartArcadeSystem_Name,Junimo Kart Arcade System,祝尼魔赛车街机系统,New line from v1.6
JunimoKartArcadeSystem_Description,Play 'Junimo Kart' at home!,在家玩“祝尼魔赛车”！,New line from v1.6
Keg_Name,Keg,小桶,New line from v1.6
Keg_Description,Place a fruit or vegetable in here. Eventually it will turn into a beverage.,置放水果或蔬菜在内。最终会变成饮品。,New line from v1.6
LawnFlamingo_Name,Lawn Flamingo,草坪火烈鸟,New line from v1.6
LawnFlamingo_Description,A decorative piece for your farm.,农场的装饰件。,New line from v1.6
LightningRod_Name,Lightning Rod,避雷针,New line from v1.6
LightningRod_Description,Collects energy from lightning storms and turns it into battery packs.,收集暴风雨的能量，转换为电池。,New line from v1.6
LockedDoor_Name,Locked Door,上锁的门,New line from v1.6
LockedDoor_Description,A hidden mechanism causes it to retract into the ground.,一种使它缩回地面的隐蔽装置。,New line from v1.6
LogSection_Name,Log Section,圆木段,New line from v1.6
LogSection_Description,A decorative piece for your farm.,农场的装饰件。,New line from v1.6
Loom_Name,Loom,织布机,New line from v1.6
Loom_Description,Turns raw wool into fine cloth.,将动物毛转换成美丽的布料。,New line from v1.6
MarbleBrazier_Name,Marble Brazier,大理石火炬,New line from v1.6
MarbleBrazier_Description,Provides a moderate amount of light.,提供一点亮光。,New line from v1.6
MayonnaiseMachine_Name,Mayonnaise Machine,蛋黄酱机,New line from v1.6
MayonnaiseMachine_Description,Turns eggs into mayonnaise.,将鸡蛋转换为蛋黄酱。,New line from v1.6
MiniFridge_Name,Mini-Fridge,迷你冰箱,New line from v1.6
MiniFridge_Description,Allows you to store additional ingredients for cooking.,可以储存额外的烹饪原材料。,New line from v1.6
MiniJukebox_Name,Mini-Jukebox,迷你点唱机,New line from v1.6
MiniJukebox_Description,Allows you to play your favorite tunes.,可以播放自己最喜欢的音乐。,New line from v1.6
MiniObelisk_Name,Mini-Obelisk,迷你图腾尖塔,New line from v1.6
MiniObelisk_Description,Place two on the farm to warp between them.,在农场中放置两个，就可以在它们之间传送。,New line from v1.6
MiniShippingBin_Name,Mini-Shipping Bin,迷你出货箱,New line from v1.6
MiniShippingBin_Description,Items placed in it will be included in the nightly shipment.,放在里面的物品会在每晚售出。,New line from v1.6
MixedCane_Name,Mixed Cane,混色杖,New line from v1.6
MixedCane_Description,A decorative piece for your farm.,农场的装饰件。,New line from v1.6
MushroomBox_Name,Mushroom Box,蘑菇盒子,New line from v1.6
MushroomBox_Description,Mushrooms grow every few days,每过几天就会长出蘑菇。,New line from v1.6
Obelisk_Name,Obelisk,方尖碑,New line from v1.6
Obelisk_Description,A sinister-looking portal that radiates with evil energy.,一个散发着邪恶能量的可怕传送阵。,New line from v1.6
ObsidianVase_Name,Obsidian Vase,黑曜石花瓶,New line from v1.6
ObsidianVase_Description,A beautifully crafted ornamental vase made from obsidian and gold.,一个由黑曜石和黄金打造的美丽装饰花瓶。,New line from v1.6
OilMaker_Name,Oil Maker,产油机,New line from v1.6
OilMaker_Description,Makes gourmet truffle oil.,生产松露美食油,New line from v1.6
OrnamentalHayBale_Name,Ornamental Hay Bale,装饰干草捆,New line from v1.6
OrnamentalHayBale_Description,A decorative piece for your farm.,农场的装饰件。,New line from v1.6
OstrichIncubator_Name,Ostrich Incubator,鸵鸟孵化器,New line from v1.6
OstrichIncubator_Description,Hatches ostrich eggs into baby ostriches. Place in a barn.,将鸵鸟蛋孵化成鸵鸟雏鸟。放置在畜棚里。,New line from v1.6
PinkyLemon_Name,??Pinky Lemon??,??粉色柠檬??,New line from v1.6
PinkyLemon_Description,??Pinky Lemon??,??粉色柠檬??,New line from v1.6
PlushBunny_Name,Plush Bunny,绒毛兔子,New line from v1.6
PlushBunny_Description,"It's big, it's soft, and it's cute.",很大、很软、很可爱。,New line from v1.6
PrairieKingArcadeSystem_Name,Prairie King Arcade System,草原之王街机系统,New line from v1.6
PrairieKingArcadeSystem_Description,Play 'Journey Of The Prairie King' at home!,在家里玩“草原之王的冒险之旅”！,New line from v1.6
PreservesJar_Name,Preserves Jar,罐头瓶,New line from v1.6
PreservesJar_Description,Turns vegetables into pickles and fruit into jam.,将蔬菜转换成泡菜，水果为果酱。,New line from v1.6
RareCrow_1_Name,Rarecrow,珍奇乌鸦,New line from v1.6
RareCrow_1_Description,Collect them all! (1 of 8),将它们全部收齐！（8-1）,New line from v1.6
RareCrow_2_Name,Rarecrow,珍奇乌鸦,New line from v1.6
RareCrow_2_Description,Collect them all! (2 of 8),将它们全部收齐！（8-2）,New line from v1.6
RareCrow_3_Name,Rarecrow,珍奇乌鸦,New line from v1.6
RareCrow_3_Description,Collect them all! (3 of 8),将它们全部收齐！（8-3）,New line from v1.6
RareCrow_4_Name,Rarecrow,珍奇乌鸦,New line from v1.6
RareCrow_4_Description,Collect them all! (4 of 8),将它们全部收齐！（8-4）,New line from v1.6
RareCrow_5_Name,Rarecrow,珍奇乌鸦,New line from v1.6
RareCrow_5_Description,Collect them all! (5 of 8),将它们全部收齐！（8-5）,New line from v1.6
RareCrow_6_Name,Rarecrow,珍奇乌鸦,New line from v1.6
RareCrow_6_Description,Collect them all! (6 of 8),将它们全部收齐！（8-6）,New line from v1.6
RareCrow_7_Name,Rarecrow,珍奇乌鸦,New line from v1.6
RareCrow_7_Description,Collect them all! (7 of 8),将它们全部收齐！（8-7）,New line from v1.6
RareCrow_8_Name,Rarecrow,珍奇乌鸦,New line from v1.6
RareCrow_8_Description,Collect them all! (8 of 8),将它们全部收齐！（8-8）,New line from v1.6
RecyclingMachine_Name,Recycling Machine,回收机,New line from v1.6
RecyclingMachine_Description,Turns fishing trash into resources.,将捕鱼废料转换为资源。,New line from v1.6
RedCanes_Name,Red Canes,红杖,New line from v1.6
RedCanes_Description,A decorative piece for your farm.,农场的装饰件。,New line from v1.6
RitualMask_Name,Ritual Mask,仪式面具,New line from v1.6
RitualMask_Description,It's way too large to wear.,过于巨大，戴不上。,New line from v1.6
Scarecrow_Name,Scarecrow,稻草人,New line from v1.6
Scarecrow_Description,"Prevents crows from attacking your crops. Has a limited radius (about 8 ""tiles"").",防止乌鸦袭击你的农作物。范围有限（大约半径8格）。,New line from v1.6
SeasonalDecor_Name,Seasonal Decor,季节性装饰,New line from v1.6
SeasonalDecor_Description,This decoration changes with the seasons.,此装饰随季节变化。,New line from v1.6
SeasonalPlant_Name,Seasonal Plant,季节性植物,New line from v1.6
SeasonalPlant_Description,An ornamental plant that changes with each season. It doesn't need to be watered.,随着季节变化的观赏性植物。不需要浇水。,New line from v1.6
SeedMaker_Name,Seed Maker,种子生产器,New line from v1.6
SeedMaker_Description,Place crops inside to produce a varying amount of seeds. Doesn't work with fruit tree crops.,将作物放入，将会产出各种各样的种子。对果树类的作物无效。,New line from v1.6
SewingMachine_Name,Sewing Machine,缝纫机,New line from v1.6
SewingMachine_Description,Use to tailor clothes from the convenience of your home!,用来在家中方便地量身定做衣服！,New line from v1.6
SignOfTheVessel_Name,Sign Of The Vessel,船标,New line from v1.6
SignOfTheVessel_Description,A decorative piece for your farm.,农场的装饰件。,New line from v1.6
SingingStone_Name,Singing Stone,唱歌的石头,New line from v1.6
SingingStone_Description,It rings out with a pure tone when struck.,被击中就会发出纯音。,New line from v1.6
SkeletonModel_Name,Skeleton Model,骨架模型,New line from v1.6
SkeletonModel_Description,A model of a skeleton.,一具模型骨架。,New line from v1.6
SkullBrazier_Name,Skull Brazier,骷髅火炬,New line from v1.6
SkullBrazier_Description,Provides a moderate amount of light.,提供一点亮光。,New line from v1.6
SlimeBall_Name,Slime Ball,史莱姆球,New line from v1.6
SlimeBall_Description,Filled with slime.,满是粘液的物体。,New line from v1.6
SlimeEggPress_Name,Slime Egg-Press,史莱姆压蛋器,New line from v1.6
SlimeEggPress_Description,Compresses 100 pieces of slime into a slime egg. It's a miracle of science!,将100团史莱姆泥压成一个史莱姆蛋。简直是奇迹！,New line from v1.6
SlimeIncubator_Name,Slime Incubator,史莱姆孵化器,New line from v1.6
SlimeIncubator_Description,Hatches slimes eggs into slimes. Allows you to raise slimes outdoors.,将史莱姆蛋孵化成史莱姆。让你能够在室外饲养史莱姆。,New line from v1.6
SlothSkeletonL_Name,Sloth Skeleton L,树懒骨架（左）,New line from v1.6
SlothSkeletonL_Description,"This extinct sloth roamed the lush, prehistoric forests of Stardew Valley. Its powerful jaw tore through the toughest plant fibers.",这种已经灭绝的树懒曾经生活在星露谷的史前森林中。它强大的上下顎可以咬断最坚硬的植物纤维。,New line from v1.6
SlothSkeletonM_Name,Sloth Skeleton M,树懒骨架（中）,New line from v1.6
SlothSkeletonM_Description,The ribs of a prehistoric sloth. ,史前树懒的肋骨。 ,New line from v1.6
SlothSkeletonR_Name,Sloth Skeleton R,树懒骨架（右）,New line from v1.6
SlothSkeletonR_Description,The hind legs and tail of a prehistoric sloth.,史前树懒的后腿和尾巴。,New line from v1.6
SodaMachine_Name,Soda Machine,汽水机,New line from v1.6
SodaMachine_Description,Keeps pumping out the good stuff.,总会弹出美妙的东西。,New line from v1.6
SolarPanel_Name,Solar Panel,太阳能板,New line from v1.6
SolarPanel_Description,Slowly generates batteries when left in the sun.,放在阳光下会缓慢地生产出电池。,New line from v1.6
SolidGoldLewis_Name,Solid Gold Lewis,刘易斯黄金像,New line from v1.6
SolidGoldLewis_Description,Mayor's secret project.,市长的秘密项目。,New line from v1.6
Staircase_Name,Staircase,楼梯,New line from v1.6
Staircase_Description,Use this to move down a level in the mines.,前往矿场的下一层。,New line from v1.6
StandingGeode_Name,Standing Geode,直立的晶洞,New line from v1.6
StandingGeode_Description,It's a huge geode mounted on a stand. Hundreds of purple crystals shimmer within.,一块巨大的晶洞镶嵌在一个基座上。成千上百的紫色水晶在其中闪闪发光。,New line from v1.6
StardewHeroTrophy_Name,Stardew Hero Trophy,星露谷英雄奖杯,New line from v1.6
StardewHeroTrophy_Description,The most prestigious award a Stardew Valley resident could receive!,星露谷居民的至高奖项！,New line from v1.6
StatueOfEndlessFortune_Name,Statue Of Endless Fortune,无尽财富之雕像,New line from v1.6
StatueOfEndlessFortune_Description,It's made of solid gold. What's it for?,黄金打造的。干什么用的呢？,New line from v1.6
StatueOfPerfection_Name,Statue Of Perfection,完美雕像,New line from v1.6
StatueOfPerfection_Description,It's made of pure iridium.,由纯铱打造而成。,New line from v1.6
StatueOfTruePerfection_Name,Statue Of True Perfection,真正完美的雕像,New line from v1.6
StatueOfTruePerfection_Description,It's made of pure iridium.,由纯铱打造而成。,New line from v1.6
StoneBrazier_Name,Stone Brazier,石头火炬,New line from v1.6
StoneBrazier_Description,Provides a moderate amount of light.,提供一点亮光。,New line from v1.6
StoneCairn_Name,Stone Cairn,石堆,New line from v1.6
StoneCairn_Description,A decorative piece for your farm.,农场的装饰件。,New line from v1.6
StoneChest_Name,Stone Chest,石箱,New line from v1.6
StoneChest_Description,A place to store your items.,可以储存你的物品。,New line from v1.6
StoneFrog_Name,Stone Frog,石蛙,New line from v1.6
StoneFrog_Description,Garden art for your farm.,适合农场的园艺。,New line from v1.6
StoneJunimo_Name,Stone Junimo,石祝尼魔,New line from v1.6
StoneJunimo_Description,Garden art for your farm.,适合农场的园艺。,New line from v1.6
StoneOwl_Decorative_Name,Stone Owl,石猫头鹰,New line from v1.6
StoneOwl_Decorative_Description,Garden art for your farm.,适合农场的园艺。,New line from v1.6
StoneOwl_Secret_Name,Stone Owl,石猫头鹰,New line from v1.6
StoneOwl_Secret_Description,"It's not clear where this came from, but it looks very fine.",不知道从哪儿来，但是挺耐看。,New line from v1.6
StoneParrot_Name,Stone Parrot,石鹦鹉,New line from v1.6
StoneParrot_Description,Garden art for your farm.,适合农场的园艺。,New line from v1.6
StoneSign_Name,Stone Sign,石牌,New line from v1.6
StoneSign_Description,Use an item on this to change what's displayed. The item won't be consumed.,在此上使用一个道具，即可改变显示的内容。道具不会被消耗掉。,New line from v1.6
StrangeCapsule_Name,Strange Capsule,奇怪的胶囊,New line from v1.6
StrangeCapsule_Description,There's something fleshy bobbing around in the fluid...,里面的液体有点不对劲…………,New line from v1.6
StumpBrazier_Name,Stump Brazier,树桩火炬,New line from v1.6
StumpBrazier_Description,Provides a moderate amount of light.,提供一点亮光。,New line from v1.6
SuitOfArmor_Name,Suit Of Armor,装甲,New line from v1.6
SuitOfArmor_Description,A decorative piece for your farm.,农场的装饰件。,New line from v1.6
TablePieceL_Name,Table Piece L,桌子部件L,New line from v1.6
TablePieceL_Description,The left side of a big table.,一张大桌子的左角。,New line from v1.6
TablePieceR_Name,Table Piece R,桌子部件R,New line from v1.6
TablePieceR_Description,The right side of a big table,一张大桌子的右角。,New line from v1.6
TallTorch_Name,Tall Torch,高高的火把,New line from v1.6
TallTorch_Description,The stem is made from bamboo.,火把是用竹子打造的。,New line from v1.6
Tapper_Name,Tapper,树液采集器,New line from v1.6
Tapper_Description,"Place on a maple, oak, or pine tree and wait for the reservoir to fill with product!",放在枫树、橡树、松树上，然后等着装满树液吧！,New line from v1.6
TeddyTimer_Name,Teddy Timer,泰迪熊闹钟,New line from v1.6
TeddyTimer_Description,It's a grandfather clock shaped like a teddy.,祖父的一个泰迪熊型状闹钟。,New line from v1.6
Telephone_Name,Telephone,电话,New line from v1.6
Telephone_Description,Can be used to check store hours and inventory.,可以用来了解商店的营业时间和库存。,New line from v1.6
TuboFlowers_Name,Tub o' Flowers,一簇鲜花,New line from v1.6
TuboFlowers_Description,Flowers planted in an oak barrel. Blooms in spring and summer.,种植在橡木桶里的花朵。春天和夏天开花。,New line from v1.6
WickedStatue_Name,Wicked Statue,邪恶雕像,New line from v1.6
WickedStatue_Description,There's something unsettling about the looks of this statue.,这个雕像看上去有点瘆人。,New line from v1.6
WickedStatue_LitEyes_Name,Wicked Statue,邪恶雕像,New line from v1.6
WickedStatue_LitEyes_Description,Something's not right with this statue.,这个雕像有点不太对劲。,New line from v1.6
WoodChair_Name,Wood Chair,木椅,New line from v1.6
WoodChair_Description,A chair that can be oriented in 4 different ways.,一种可面朝四个方向的椅子。,New line from v1.6
WoodChipper_Name,Wood Chipper,碎木机,New line from v1.6
WoodChipper_Description,Insert a piece of hardwood to break it down into regular wood.,放入一块硬木，把它分解成普通的木头。,New line from v1.6
WoodenBrazier_Name,Wooden Brazier,木头火炬,New line from v1.6
WoodenBrazier_Description,Provides a moderate amount of light.,提供一点亮光。,New line from v1.6
WoodLamppost_Name,Wood Lamp-post,木灯柱,New line from v1.6
WoodLamppost_Description,Provides a good amount of light.,提供不少亮光。,New line from v1.6
WoodSign_Name,Wood Sign,木牌,New line from v1.6
WoodSign_Description,Use an item on this to change what's displayed. The item won't be consumed.,在此上使用一个道具，即可改变显示的内容。道具不会被消耗掉。,New line from v1.6
Workbench_Name,Workbench,工作台,New line from v1.6
Workbench_Description,"When crafting here, you'll have access to materials in any adjacent chests.",在这里制作物品时，你可以使用任何相邻箱子中的材料。,New line from v1.6
WormBin_Name,Worm Bin,虫饵盒,New line from v1.6
WormBin_Description,Produces bait on a regular basis. The worms are self-sufficient.,稳定地提供诱饵。这些虫可以依靠自身维持生存。,New line from v1.6
TextSign_Name,Text Sign,文字标牌,New line from v1.6
TextSign_Description,A small sign that can be written on.,可以在这块小牌子上写东西。,New line from v1.6
MushroomLog_Name,Mushroom Log,蘑菇树桩,New line from v1.6
MushroomLog_Description,"Grows mushrooms every so often. The more wild trees are nearby, the better it works.",偶尔会长蘑菇。附近野树越多，效果越好。,New line from v1.6
BaitMaker_Name,Bait Maker,鱼饵制造机,New line from v1.6
BaitMaker_Description,Place a fish inside to create targeted bait.,放入鱼即可制造有针对性的鱼饵。,New line from v1.6
Dehydrator_Name,Dehydrator,烘干机,New line from v1.6
Dehydrator_Description,Place 5 pieces of fruit or edible mushrooms inside to dry them.,放入 5 个水果或可食用的蘑菇即可烘干。,New line from v1.6
HeavyFurnace_Name,Heavy Furnace,重型熔炉,New line from v1.6
HeavyFurnace_Description,Processes 5 bars at a time. Requires 25 pieces of ore and 3 coal per use.,同时加工 5 块金属锭。每次使用需要 25 个矿石和 3 块煤炭。,New line from v1.6
StatueOfBlessings_Name,Statue Of Blessings,祝福雕像,New line from v1.6
StatueOfBlessings_Description,Touching the statue gives a unique blessing every day.,每天触摸雕像可以获得随机祝福。,New line from v1.6
StatueOfTheDwarfKing_Name,Statue Of The Dwarf King,矮人之王雕像,New line from v1.6
StatueOfTheDwarfKing_Description,Choose from two mining-related powers each day.,每天二选一获得采矿能力。,New line from v1.6
Anvil_Name,Anvil,铁砧,New line from v1.6
Anvil_Description,"Allows you to ""re-roll"" trinkets. Costs 3 iridium bars per use.",可以“重新锻造”饰品。每次使用消耗 3 块铱锭。,New line from v1.6
MiniForge_Name,Mini-Forge,迷你锻造台,New line from v1.6
MiniForge_Description,"Now, you can use a dwarvish forge from the convenience of your home.",你可以在家中方便地使用矮人锻造台了。,New line from v1.6
