BigBarn_Description,Houses 8 barn-dwelling animals. Allows animals to give birth. Unlocks goats.,可容納8隻家畜。可讓家畜產子。解鎖山羊。,New line from v1.6
Silo_Description,Allows you to cut and store grass for feed.,讓你把割下來的草料儲存起來。,New line from v1.6
Well_Name,Well,水井,New line from v1.6
Cabin_Name,Cabin,聯機小屋,New line from v1.6
Barn_Name,Barn,畜棚,New line from v1.6
Barn_Description,Houses 4 barn-dwelling animals.,可容納4隻家畜。,New line from v1.6
ShippingBin_Name,Shipping Bin,出貨箱,New line from v1.6
DeluxeBarn_Name,Deluxe Barn,高級畜棚,New line from v1.6
WaterObelisk_Name,Water Obelisk,水之圖騰柱,New line from v1.6
FishPond_Name,Fish Pond,魚塘,New line from v1.6
BigCoop_Name,Big Coop,大雞舍,New line from v1.6
DesertObelisk_Description,Warps you to the desert.,將你傳送到沙漠。,New line from v1.6
BigBarn_Name,Big Barn,大畜棚,New line from v1.6
PetBowl_Description,Provides a dedicated home for one pet.,為一隻寵物提供專屬的家園。,New line from v1.6
DeluxeBarn_Description,Houses 12 barn-dwelling animals. Comes with an auto-feed system. Unlocks sheep and pigs.,可容納12隻家畜。附帶自動餵養系統。解鎖綿羊和豬。,New line from v1.6
BuildingSkinMenu_ChooseAppearance,Select an appearance for your {0}.,選擇{0}的外觀,New line from v1.6
Shed_Name,Shed,小屋,New line from v1.6
Coop_Description,Houses 4 coop-dwelling animals.,可容納4隻家禽。,New line from v1.6
GoldClock_Description,Prevents debris from appearing on your farm. Keeps fences from decaying.,阻止雜物出現在你的農場。防止柵欄腐爛。,New line from v1.6
Greenhouse_Description,"A place to grow crops from any season, year round!",可全年種植任何季節的作物的地方！,New line from v1.6
Cabin_Description,A home for a friend! Subsidized by the town agricultural fund.,朋友的家！由城鎮農業基金補貼。,New line from v1.6
EarthObelisk_Description,Warps you to the mountains.,將你傳送到山嶺。,New line from v1.6
BigShed_Description,Doubles the size of the shed. The interior can be decorated.,讓屋子的尺寸翻倍。內部可以裝飾。,New line from v1.6
Mill_Description,"Allows you to mill wheat, beets and rice.",可以研磨小麥、甜菜、米。,New line from v1.6
Shed_Description,An empty building. Fill it with whatever you like! The interior can be decorated.,一棟空的建築。裝入任何你想裝的東西！可以裝飾內部。,New line from v1.6
Coop_Name,Coop,雞舍,New line from v1.6
Construction_ChooseLocation,Where do you want to manage buildings?,Where do you want to manage buildings？,New line from v1.6
Silo_Name,Silo,筒倉,New line from v1.6
Well_Description,Provides a place for you to refill your watering can.,用來重裝你的澆水壺。,New line from v1.6
Mill_Name,Mill,磨坊,New line from v1.6
SlimeHutch_Description,Raise up to 20 slimes. Fill water troughs and slimes will create slime balls.,可飼養20隻史萊姆。裝滿飲水槽，史萊姆就會製造史萊姆球。,New line from v1.6
Stable_Description,Allows you to keep and ride a horse. Horse included.,讓你飼養馬匹。包括馬匹。,New line from v1.6
JunimoHut_Name,Junimo Hut,祝尼魔屋,New line from v1.6
FishPond_Description,Raise fish and harvest their produce. Fish multiply over time.,養魚並收穫水產品。魚會隨著時間的推移而繁殖。,New line from v1.6
GoldClock_Name,Gold Clock,黃金時鐘,New line from v1.6
PetBowl_Name,Pet Bowl,寵物碗,New line from v1.6
IslandObelisk_Name,Island Obelisk,姜島圖騰柱,New line from v1.6
DesertObelisk_Name,Desert Obelisk,沙漠圖騰柱,New line from v1.6
DeluxeCoop_Name,Deluxe Coop,高級雞舍,New line from v1.6
DeluxeCoop_Description,Houses 12 coop-dwelling animals. Comes with an auto-feed system. Unlocks rabbits.,可容納12隻家禽。附帶自動餵養系統。解鎖兔子。,New line from v1.6
SlimeHutch_Name,Slime Hutch,史萊姆屋,New line from v1.6
Paint_Region_Trim,Trim,Trim,New line from v1.6
ShippingBin_Description,Throw items inside to sell them overnight.,把物品扔到裡面，夜間會售出。,New line from v1.6
Greenhouse_Name,Greenhouse,溫室,New line from v1.6
EarthObelisk_Name,Earth Obelisk,土之圖騰柱,New line from v1.6
Stable_Name,Stable,馬廄,New line from v1.6
IslandObelisk_Description,Warps you to Ginger Island.,將你傳送到姜島。,New line from v1.6
WaterObelisk_Description,Warps you to the beach.,將你傳送到海灘。,New line from v1.6
BigCoop_Description,Houses 8 coop-dwelling animals. Comes with an incubator. Unlocks ducks.,可容納8隻家禽。附帶孵化器。解鎖鴨。,New line from v1.6
BigShed_Name,Big Shed,大屋子,New line from v1.6
JunimoHut_Description,Junimos will harvest crops around the hut for you.,祝尼魔會為你收割小屋周圍的莊稼。,New line from v1.6
Paint_Region_Building,Building,Building,Roof
