DisplayType_Chicken_Golden,Golden Chicken,金色的雞,New line from v1.6
DisplayType_Chicken_Void,Void Chicken,無力的雞,New line from v1.6
DisplayType_Rabbit,Rabbit,兔子,New line from v1.6
DisplayType_Pig,Pig,豬,New line from v1.6
DisplayType_Ostrich,Ostrich,鴕鳥,New line from v1.6
DisplayType_Chicken_Blue,Blue Chicken,藍色的雞,New line from v1.6
DisplayType_Cow_White,White Cow,白色的牛,New line from v1.6
DisplayType_Dinosaur,Dinosaur,恐龍,New line from v1.6
DisplayType_Duck,Duck,鴨,New line from v1.6
DisplayType_Cow_Brown,Brown Cow,褐色的牛,New line from v1.6
DisplayType_Sheep,Sheep,綿羊,New line from v1.6
DisplayType_Chicken_Brown,Brown Chicken,褐色的雞,New line from v1.6
DisplayType_Chicken_White,White Chicken,白色的雞,New line from v1.6
DisplayType_Goat,Goat,山羊,New line from v1.6
