DarkPiano,Dark Piano,黑暗钢琴,New line from v1.6
OakChair,Oak Chair,橡木椅子,New line from v1.6
WalnutChair,Walnut Chair,胡桃木椅子,New line from v1.6
BirchChair,Birch Chair,桦木椅子,New line from v1.6
MahoganyChair,Mahogany Chair,红木椅子,New line from v1.6
RedDinerChair,Red Diner Chair,红色餐椅,New line from v1.6
BlueDinerChair,Blue Diner Chair,蓝色餐椅,New line from v1.6
CountryChair,Country Chair,乡村椅,New line from v1.6
BreakfastChair,Breakfast Chair,早餐椅,New line from v1.6
PinkOfficeChair,Pink Office Chair,粉红办公椅,New line from v1.6
PurpleOfficeChair,Purple Office Chair,紫色办公椅,New line from v1.6
GreenOfficeStool,Green Office Stool,绿色办公凳,New line from v1.6
OrangeOfficeStool,Orange Office Stool,橙色办公凳,New line from v1.6
DarkThrone,Dark Throne,暗黑王座,New line from v1.6
DiningChair,Dining Chair,餐椅,New line from v1.6
GreenPlushSeat,Green Plush Seat,绿色毛绒座椅,New line from v1.6
PinkPlushSeat,Pink Plush Seat,粉色毛绒座椅,New line from v1.6
WinterChair,Winter Chair,凛冬座椅,New line from v1.6
GroovyChair,Groovy Chair,时髦座椅,New line from v1.6
CuteChair,Cute Chair,可爱座椅,New line from v1.6
StumpSeat,Stump Seat,树桩座位,New line from v1.6
MetalChair,Metal Chair,金属座椅,New line from v1.6
GreenStool,Green Stool,绿色板凳,New line from v1.6
BlueStool,Blue Stool,蓝色板凳,New line from v1.6
KingChair,King Chair,国王座椅,New line from v1.6
CrystalChair,Crystal Chair,水晶椅,New line from v1.6
OakBench,Oak Bench,橡木长椅,New line from v1.6
WalnutBench,Walnut Bench,胡桃木长椅,New line from v1.6
BirchBench,Birch Bench,桦木长椅,New line from v1.6
MahoganyBench,Mahogany Bench,红木长椅,New line from v1.6
ModernBench,Modern Bench,现代长椅,New line from v1.6
BlueArmchair,Blue Armchair,蓝色单人沙发,New line from v1.6
RedArmchair,Red Armchair,红色单人沙发,New line from v1.6
GreenArmchair,Green Armchair,绿色单人沙发,New line from v1.6
YellowArmchair,Yellow Armchair,黄色单人沙发,New line from v1.6
BrownArmchair,Brown Armchair,棕色单人沙发,New line from v1.6
BlueCouch,Blue Couch,蓝色沙发,New line from v1.6
RedCouch,Red Couch,红色沙发,New line from v1.6
GreenCouch,Green Couch,绿色沙发,New line from v1.6
YellowCouch,Yellow Couch,黄色沙发,New line from v1.6
BrownCouch,Brown Couch,棕色沙发,New line from v1.6
DarkCouch,Dark Couch,暗黑沙发,New line from v1.6
WizardCouch,Wizard Couch,法师沙发,New line from v1.6
WoodsyCouch,Woodsy Couch,林木沙发,New line from v1.6
OakDresser,Oak Dresser,橡木梳妆台,New line from v1.6
WalnutDresser,Walnut Dresser,胡桃木梳妆台,New line from v1.6
BirchDresser,Birch Dresser,桦木梳妆台,New line from v1.6
MahoganyDresser,Mahogany Dresser,红木梳妆台,New line from v1.6
CoffeeTable,Coffee Table,咖啡桌,New line from v1.6
StoneSlab,Stone Slab,石桌,New line from v1.6
WinterDiningTable,Winter Dining Table,冬日餐桌,New line from v1.6
FestiveDiningTable,Festive Dining Table,节日餐桌,New line from v1.6
MahoganyDiningTable,Mahogany Dining Table,红木餐桌,New line from v1.6
ModernDiningTable,Modern Dining Table,现代餐桌,New line from v1.6
OakTable,Oak Table,橡木桌,New line from v1.6
WalnutTable,Walnut Table,胡桃木桌,New line from v1.6
BirchTable,Birch Table,桦木桌,New line from v1.6
MahoganyTable,Mahogany Table,红木桌,New line from v1.6
SunTable,Sun Table,日之桌,New line from v1.6
MoonTable,Moon Table,月之桌,New line from v1.6
ModernTable,Modern Table,现代桌,New line from v1.6
PubTable,Pub Table,酒桌,New line from v1.6
LuxuryTable,Luxury Table,豪华桌,New line from v1.6
DivinerTable,Diviner Table,预言桌,New line from v1.6
NeolithicTable,Neolithic Table,新石器风格桌,New line from v1.6
PuzzleTable,Puzzle Table,拼图桌,New line from v1.6
WinterTable,Winter Table,凛冬之桌,New line from v1.6
CandyTable,Candy Table,糖果桌,New line from v1.6
LuauTable,Luau Table,夏威夷式宴会桌,New line from v1.6
DarkTable,Dark Table,暗黑桌,New line from v1.6
OakTeaTable,Oak Tea-Table,橡木茶几,New line from v1.6
WalnutTeaTable,Walnut Tea-Table,胡桃木茶几,New line from v1.6
BirchTeaTable,Birch Tea-Table,桦木茶几,New line from v1.6
MahoganyTeaTable,Mahogany Tea-Table,红木茶几,New line from v1.6
ModernTeaTable,Modern Tea-Table,现代茶几,New line from v1.6
FurnitureCatalogue,Furniture Catalogue,家具目录,New line from v1.6
ChinaCabinet,China Cabinet,碗柜,New line from v1.6
ArtistBookcase,Artist Bookcase,艺术家书架,New line from v1.6
LuxuryBookcase,Luxury Bookcase,豪华书架,New line from v1.6
ModernBookcase,Modern Bookcase,现代书架,New line from v1.6
DarkBookcase,Dark Bookcase,深色书架,New line from v1.6
CeramicPillar,Ceramic Pillar,陶瓷柱子,New line from v1.6
GoldPillar,Gold Pillar,金柱子,New line from v1.6
IndustrialPipe,Industrial Pipe,工业管道,New line from v1.6
IndoorPalm,Indoor Palm,室内椰子树,New line from v1.6
TotemPole,Totem Pole,图腾雕像,New line from v1.6
ManicuredPine,Manicured Pine,修剪过的松树,New line from v1.6
TopiaryTree,Topiary Tree,修剪过的树,New line from v1.6
StandingGeode,Standing Geode,直立的晶洞,New line from v1.6
ObsidianVase,Obsidian Vase,黑曜石花瓶,New line from v1.6
SingingStone,Singing Stone,唱歌的石头,New line from v1.6
SlothSkeletonL,Sloth Skeleton L,树懒骨架（左）,New line from v1.6
SlothSkeletonM,Sloth Skeleton M,树懒骨架（中）,New line from v1.6
SlothSkeletonR,Sloth Skeleton R,树懒骨架（右）,New line from v1.6
Skeleton,Skeleton,骷髅,New line from v1.6
ChickenStatue,Chicken Statue,鸡雕像,New line from v1.6
LeahsSculpture,Leah's Sculpture,莉亚做的雕像,New line from v1.6
DriedSunflowers,Dried Sunflowers,风干太阳花,New line from v1.6
Catalogue,Catalogue,目录,New line from v1.6
SamsBoombox,Sam's Boombox,山姆的音响,New line from v1.6
SmallPlant,Small Plant,小型植物,New line from v1.6
TablePlant,Table Plant,桌上盆栽,New line from v1.6
DecorativeBowl,Decorative Bowl,装饰碗,New line from v1.6
FutanBear,Futan Bear,福坦熊,New line from v1.6
Globe,Globe,地球仪,New line from v1.6
ModelShip,Model Ship,轮船模型,New line from v1.6
SmallCrystal,Small Crystal,小巧水晶,New line from v1.6
DecorativeLantern,Decorative Lantern,装饰灯笼,New line from v1.6
HousePlant,House Plant,家居植物,New line from v1.6
OakEndTable,Oak End Table,橡木小茶几,New line from v1.6
WalnutEndTable,Walnut End Table,胡桃木小茶几,New line from v1.6
BirchEndTable,Birch End Table,桦木小茶几,New line from v1.6
MahoganyEndTable,Mahogany End Table,红木小茶几,New line from v1.6
ModernEndTable,Modern End Table,新式小茶几,New line from v1.6
GrandmotherEndTable,Grandmother End Table,祖母小茶几,New line from v1.6
WinterEndTable,Winter End Table,冬日小茶几,New line from v1.6
Calendar,Calendar,日历,New line from v1.6
TreeoftheWinterStar,Tree of the Winter Star,冬日星树,New line from v1.6
CountryLamp,Country Lamp,乡村台灯,New line from v1.6
BoxLamp,Box Lamp,箱式台灯,New line from v1.6
ModernLamp,Modern Lamp,现代台灯,New line from v1.6
ClassicLamp,Classic Lamp,经典台灯,New line from v1.6
RedRug,Red Rug,红色地毯,New line from v1.6
PatchworkRug,Patchwork Rug,拼色地毯,New line from v1.6
DarkRug,Dark Rug,深色地毯,New line from v1.6
BudgetTV,Budget TV,廉价电视,New line from v1.6
PlasmaTV,Plasma TV,等离子电视,New line from v1.6
TheMuzzamaroo,'The Muzzamaroo',《穆扎玛鲁》,New line from v1.6
ANightOnEcoHill,'A Night On Eco-Hill',《生态山之夜》,New line from v1.6
Pathways,'Pathways',《小径》,New line from v1.6
BurntOffering,'Burnt Offering',《烧焦的祭品》,New line from v1.6
QueenoftheGemSea,'Queen of the Gem Sea',《宝石海的女王》,New line from v1.6
VanillaVilla,'Vanilla Villa',《香草别墅》,New line from v1.6
PrimalMotion,'Primal Motion',《原始运动》,New line from v1.6
JadeHills,'Jade Hills',《翡翠山》,New line from v1.6
Sun44,'Sun #44',《太阳#44》,New line from v1.6
WallflowerPal,Wallflower Pal,壁花朋友,New line from v1.6
Spires,'Spires',《塔尖》,New line from v1.6
Highway89,'Highway 89',《高速公路 89》,New line from v1.6
CalicoFalls,Calico Falls,卡利科瀑布,New line from v1.6
NeedlepointFlower,Needlepoint Flower,刺绣花朵,New line from v1.6
SkullPoster,Skull Poster,骷髅海报,New line from v1.6
Sun45,'Sun #45',《太阳#45》,New line from v1.6
LittleTree,'Little Tree',《小树苗》,New line from v1.6
Blueberries,'Blueberries',《蓝莓》,New line from v1.6
BlueCity,'Blue City',《蓝色都市》,New line from v1.6
LittlePhotos,Little Photos,小照片,New line from v1.6
DancingGrass,'Dancing Grass',《舞动的小草》,New line from v1.6
VGAParadise,'VGA Paradise',《VGA乐园》,New line from v1.6
JColaLight,J. Cola Light,Joja可乐灯,New line from v1.6
Kitemaster95,'Kitemaster '95',《风筝大师 '95》,New line from v1.6
BasicWindow,Basic Window,普通窗户,New line from v1.6
SmallWindow,Small Window,小型窗户,New line from v1.6
RedCottageRug,Red Cottage Rug,红色木屋地毯,New line from v1.6
GreenCottageRug,Green Cottage Rug,绿色木屋地毯,New line from v1.6
MonsterRug,Monster Rug,怪物地毯,New line from v1.6
BoardedWindow,Boarded Window,封上的窗户,New line from v1.6
MysticRug,Mystic Rug,神秘地毯,New line from v1.6
LgFutanBear,Lg. Futan Bear,大福坦熊,New line from v1.6
JunimoPlush,Junimo Plush,祝尼魔毛绒玩具,New line from v1.6
BearStatue,Bear Statue,熊雕像,New line from v1.6
Porthole,Porthole,舷窗,New line from v1.6
Anchor,Anchor,锚,New line from v1.6
WorldMap,World Map,世界地图,New line from v1.6
OrnateWindow,Ornate Window,华丽窗户,New line from v1.6
FloorTV,Floor TV,落地电视,New line from v1.6
CarvedWindow,Carved Window,木雕窗户,New line from v1.6
NauticalRug,Nautical Rug,航海地毯,New line from v1.6
BurlapRug,Burlap Rug,粗麻布地毯,New line from v1.6
TreeColumn,Tree Column,树柱,New line from v1.6
LLightString,L. Light String,小灯串,New line from v1.6
SPine,S. Pine,小型松树,New line from v1.6
BonsaiTree,Bonsai Tree,盆景树,New line from v1.6
MetalWindow,Metal Window,金属窗,New line from v1.6
CandleLamp,Candle Lamp,蜡烛灯,New line from v1.6
MinersCrest,Miner's Crest,矿工标志,New line from v1.6
BambooMat,Bamboo Mat,竹席,New line from v1.6
OrnateLamp,Ornate Lamp,华丽灯,New line from v1.6
WoodcutRug,Woodcut Rug,木刻毛毯,New line from v1.6
HangingShield,Hanging Shield,挂盾,New line from v1.6
MonsterDanglers,Monster Danglers,怪物吊饰,New line from v1.6
CeilingFlags,Ceiling Flags,天花板旗帜,New line from v1.6
RedEagle,'Red Eagle',《红鹰》,New line from v1.6
PortraitOfAMermaid,'Portrait Of A Mermaid',《美人鱼肖像》,New line from v1.6
SolarKingdom,'Solar Kingdom',《太阳王国》,New line from v1.6
Clouds,'Clouds',《云》,New line from v1.6
1000YearsFromNow,'1000 Years From Now',《1000年后》,New line from v1.6
ThreeTrees,'Three Trees',《三棵树》,New line from v1.6
TheSerpent,'The Serpent',《蛇》,New line from v1.6
TropicalFish173,'Tropical Fish #173',《热带鱼 #173》,New line from v1.6
LandOfClay,'Land Of Clay',《粘土之地》,New line from v1.6
BrickFireplace,Brick Fireplace,红砖壁炉,New line from v1.6
StoneFireplace,Stone Fireplace,石壁炉,New line from v1.6
IridiumFireplace,Iridium Fireplace,铱壁炉,New line from v1.6
StoveFireplace,Stove Fireplace,火炉,New line from v1.6
MonsterFireplace,Monster Fireplace,怪物壁炉,New line from v1.6
MyFirstPainting,My First Painting,我的第一幅画,New line from v1.6
ElegantFireplace,Elegant Fireplace,华丽壁炉,New line from v1.6
PirateFlag,Pirate Flag,海盗旗,New line from v1.6
PirateRug,Pirate Rug,海盗地毯,New line from v1.6
BoneRug,Bone Rug,骨头地毯,New line from v1.6
ButterflyHutch,Butterfly Hutch,蝴蝶笼,New line from v1.6
StrawberryDecal,Strawberry Decal,草莓贴纸,New line from v1.6
FruitSaladRug,Fruit Salad Rug,水果沙拉地毯,New line from v1.6
NightSkyDecal1,Night Sky Decal #1,夜空贴纸 #1,New line from v1.6
SnowyRug,Snowy Rug,雪地地毯,New line from v1.6
NightSkyDecal2,Night Sky Decal #2,夜空贴纸 #2,New line from v1.6
NightSkyDecal3,Night Sky Decal #3,夜空贴纸 #3,New line from v1.6
TheBraveLittleSapling,'The Brave Little Sapling',《勇敢的小树苗》,New line from v1.6
Mysterium,'Mysterium',《神秘事迹》,New line from v1.6
JourneyOfThePrairieKingTheMotionPicture,'Journey Of The Prairie King: The Motion Picture',《草原之王之旅：大电影》,New line from v1.6
Wumbus,'Wumbus',《温布斯》,New line from v1.6
TheZuzuCityExpress,'The Zuzu City Express',《祖祖城特快列车》,New line from v1.6
TheMiracleAtColdstarRanch,'The Miracle At Coldstar Ranch',《冷星牧场的奇迹》,New line from v1.6
NaturalWondersExploringOurVibrantWorld,'Natural Wonders: Exploring Our Vibrant World',《自然奇观：探索我们这充满活力的世界》,New line from v1.6
ItHowlsInTheRain,'It Howls In The Rain',《它在雨中嚎叫》,New line from v1.6
IndoorHangingBasket,Indoor Hanging Basket,室内吊篮,New line from v1.6
WinterTreeDecal,Winter Tree Decal,冬季树贴纸,New line from v1.6
SmallJunimoPlush,Small Junimo Plush,小祝尼魔毛绒玩具,New line from v1.6
FutanRabbit,Futan Rabbit,福坦兔,New line from v1.6
WumbusStatue,Wumbus Statue,温布斯雕像,New line from v1.6
BoboStatue,Bobo Statue,波波雕像,New line from v1.6
PurpleSerpentStatue,Purple Serpent Statue,紫蛇雕像,New line from v1.6
GreenSerpentStatue,Green Serpent Statue,绿蛇雕像,New line from v1.6
LongPalm,Long Palm,长棕榈,New line from v1.6
LongCactus,Long Cactus,长仙人掌,New line from v1.6
ExoticTree,Exotic Tree,异国情调的树,New line from v1.6
DeluxeTree,Deluxe Tree,豪华树,New line from v1.6
WallPumpkin,Wall Pumpkin,壁挂南瓜,New line from v1.6
SmallWallPumpkin,Small Wall Pumpkin,小壁挂南瓜,New line from v1.6
Bed,Bed,床,New line from v1.6
DoubleBed,Double Bed,双人床,New line from v1.6
StarryDoubleBed,Starry Double Bed,星空双人床,New line from v1.6
StrawberryDoubleBed,Strawberry Double Bed,草莓双人床,New line from v1.6
PirateDoubleBed,Pirate Double Bed,海盗双人床,New line from v1.6
ChildBed,Child Bed,儿童床,New line from v1.6
TropicalBed,Tropical Bed,热带床,New line from v1.6
TropicalDoubleBed,Tropical Double Bed,热带双人床,New line from v1.6
DeluxeRedDoubleBed,Deluxe Red Double Bed,豪华红色双人床,New line from v1.6
ModernDoubleBed,Modern Double Bed,现代双人床,New line from v1.6
LargeFishTank,Large Fish Tank,大鱼缸,New line from v1.6
DeluxeFishTank,Deluxe Fish Tank,豪华鱼缸,New line from v1.6
SmallFishTank,Small Fish Tank,小鱼缸,New line from v1.6
OceanicRug,Oceanic Rug,海洋地毯,New line from v1.6
TropicalTV,Tropical TV,热带电视,New line from v1.6
VolcanoPhoto,'Volcano' Photo,《火山》照片,New line from v1.6
JungleTorch,Jungle Torch,丛林火炬,New line from v1.6
PalmWallOrnament,Palm Wall Ornament,棕榈树墙饰,New line from v1.6
TropicalChair,Tropical Chair,热带椅子,New line from v1.6
AquaticSanctuary,Aquatic Sanctuary,水生动物保护所,New line from v1.6
ModernFishTank,Modern Fish Tank,现代鱼缸,New line from v1.6
WildDoubleBed,Wild Double Bed,原野双人床,New line from v1.6
FisherDoubleBed,Fisher Double Bed,渔夫双人床,New line from v1.6
BirchDoubleBed,Birch Double Bed,桦木双人床,New line from v1.6
ExoticDoubleBed,Exotic Double Bed,奇异双人床,New line from v1.6
Lifesaver,Lifesaver,救生圈,New line from v1.6
FoliagePrint,Foliage Print,绿叶画,New line from v1.6
Boat,'Boat',《小船》,New line from v1.6
Vista,'Vista',《林景》,New line from v1.6
WallBasket,Wall Basket,壁篮,New line from v1.6
DecorativeTrashCan,Decorative Trash Can,装饰垃圾桶,New line from v1.6
IridiumKrobus,Iridium Krobus,铱制科罗布斯,New line from v1.6
GourmandStatue,Gourmand Statue,饕餮雕像,New line from v1.6
PyramidDecal,Pyramid Decal,金字塔贴纸,New line from v1.6
PlainTorch,Plain Torch,普通火炬,New line from v1.6
StumpTorch,Stump Torch,树桩火炬,New line from v1.6
WallFlower,Wall Flower,壁挂向日葵,New line from v1.6
SWallFlower,S. Wall Flower,壁挂小向日葵,New line from v1.6
CloudsBanner,Clouds Banner,云彩帘子,New line from v1.6
ColorfulSet,Colorful Set,色块组画,New line from v1.6
PastelBanner,Pastel Banner,彩色帘子,New line from v1.6
WinterBanner,Winter Banner,冬季帘子,New line from v1.6
MoonlightJelliesBanner,Moonlight Jellies Banner,月光水母帘子,New line from v1.6
JungleDecal,Jungle Decal,丛林贴纸,New line from v1.6
StarportDecal,Starport Decal,星空门贴纸,New line from v1.6
DecorativePitchfork,Decorative Pitchfork,装饰耙子,New line from v1.6
WoodPanel,Wood Panel,木制镶板,New line from v1.6
DecorativeAxe,Decorative Axe,装饰斧头,New line from v1.6
LogPanel,Log Panel,圆木镶板,New line from v1.6
CeilingLeaves,Ceiling Leaves,天花板垂叶,New line from v1.6
CloudDecal,Cloud Decal,云朵贴纸,New line from v1.6
FloorDividerR,Floor Divider R,地板分隔条（右）,New line from v1.6
FloorDividerL,Floor Divider L,地板分隔条（左）,New line from v1.6
LightGreenRug,Light Green Rug,淡绿色地毯,New line from v1.6
JadeHillsExtended,'Jade Hills Extended',长版《翡翠山》,New line from v1.6
LargeBrownCouch,Large Brown Couch,棕色长沙发,New line from v1.6
LargeGreenRug,Large Green Rug,大号绿色地毯,New line from v1.6
IcyRug,Icy Rug,冰地毯,New line from v1.6
OldWorldRug,Old World Rug,古典地毯,New line from v1.6
LargeRedRug,Large Red Rug,大号红色地毯,New line from v1.6
FrozenDreams,'Frozen Dreams',《冰封之梦》,New line from v1.6
IcyBanner,Icy Banner,冰雪帘子,New line from v1.6
WallPalm,Wall Palm,壁挂棕榈树,New line from v1.6
WallCactus,Wall Cactus,壁挂仙人掌,New line from v1.6
LargeCottageRug,Large Cottage Rug,大号木屋地毯,New line from v1.6
Physics101,'Physics 101',《物理101》,New line from v1.6
WallSconce,Wall Sconce,壁挂灯,New line from v1.6
BlossomRug,Blossom Rug,花地毯,New line from v1.6
FunkyRug,Funky Rug,新潮地毯,New line from v1.6
ModernRug,Modern Rug,现代地毯,New line from v1.6
SquirrelFigurine,Squirrel Figurine,松鼠雕像,New line from v1.6
Cactus,Cactus,仙人掌,New line from v1.6
HangingFish,Hanging Fish,咸鱼挂件,New line from v1.6
RetroTV,Retro TV,复古电视,New line from v1.6
ArtPhoto,Art Photo,艺术照片,New line from v1.6
ArtPhoto2,Art Photo 2,艺术照片 2,New line from v1.6
ShortBookcase,Short Bookcase,矮书架,New line from v1.6
PierresSign,Pierre's Sign,皮埃尔的招牌,New line from v1.6
SamsSkateboard,Sam's Skateboard,山姆的滑板,New line from v1.6
ChickenDecal,Chicken Decal,小鸡贴纸,New line from v1.6
ExoticPalace,Exotic Palace,异域宫殿,New line from v1.6
PeriodicTable,Periodic Table,元素周期表,New line from v1.6
DustySkull,Dusty Skull,沾满尘土的头骨,New line from v1.6
RadioDesk,Radio Desk,无线电台桌,New line from v1.6
ModelPlanes,Model Planes,模型飞机,New line from v1.6
CalicoStatue,Calico Statue,卡利科三花雕像,New line from v1.6
SunDunes,Sun Dunes,日照沙丘,New line from v1.6
DesertTable,Desert Table,沙漠桌子,New line from v1.6
DesertChair,Desert Chair,沙漠椅子,New line from v1.6
DesertFireplace,Desert Fireplace,沙漠壁炉,New line from v1.6
SandyRug,Sandy Rug,沙子地毯,New line from v1.6
DesertRug,Desert Rug,沙漠地毯,New line from v1.6
DesertEndTable,Desert End Table,沙漠小茶几,New line from v1.6
DesertFlags,Desert Flags,沙漠旗,New line from v1.6
DecorativeBarrel,Decorative Barrel,装饰木桶,New line from v1.6
MountedTrout,Mounted Trout,鳟鱼标本,New line from v1.6
SquidKid,'Squid Kid',《鱿鱼娃》,New line from v1.6
CowDecal,Cow Decal,奶牛贴纸,New line from v1.6
BluePinstripeBed,Blue Pinstripe Bed,蓝白条纹床,New line from v1.6
JungleTank,Jungle Tank,丛林鱼缸,New line from v1.6
CCFishTank,CCFishTank,CCFishTank,New line from v1.6
BluePinstripeDoubleBed,Blue Pinstripe Double Bed,蓝白条纹双人床,New line from v1.6
JojaBed,Joja Bed,Joja 床,New line from v1.6
JojaVault,Joja Vault,Joja 保险箱,New line from v1.6
JojaChair,Joja Chair,Joja 椅子,New line from v1.6
J,J,J,New line from v1.6
JojaColaTeaTable,Joja Cola Tea Table,Joja 可乐茶几,New line from v1.6
JojaTable,Joja Table,Joja 桌子,New line from v1.6
JPainting,J. Painting,J. 图画,New line from v1.6
JLight,J. Light,J. 灯,New line from v1.6
JojaCatalogue,Joja Furniture Catalogue,Joja 家具目录,New line from v1.6
JojaColaPainting,Joja Cola Painting,Joja 可乐图画,New line from v1.6
JojaColaOrnament,Joja Cola Ornament,Joja 可乐墙饰,New line from v1.6
JojaFireplace,Joja Fireplace,Joja 壁炉,New line from v1.6
JojaColaCans,Joja Cola Cans,Joja 可乐罐,New line from v1.6
CashRegister,Cash Register,收银机,New line from v1.6
PlasticPlant,Plastic Plant,塑料植物,New line from v1.6
PlasticSapling,Plastic Sapling,塑料树苗,New line from v1.6
GrayJojaCushion,Gray Joja Cushion,灰色 Joja 垫子,New line from v1.6
JojaCushion,Joja Cushion,Joja 垫子,New line from v1.6
StackedJojaBoxes,Stacked Joja Boxes,Joja 箱子堆,New line from v1.6
JojaCouch,Joja Couch,Joja 沙发,New line from v1.6
MorrisPortrait,Manager of the Year,年度最佳经理,New line from v1.6
JojaHQPainting,Joja HQ Painting,Joja 总部图画,New line from v1.6
JojaCrate,Joja Crate,Joja 箱子,New line from v1.6
JojaShoppingCart,Joja Shopping Cart,Joja 购物车,New line from v1.6
LargeJojaCrate,Large Joja Crate,Joja 大箱子,New line from v1.6
JojaColaFridge,Joja Cola Fridge,Joja 可乐冰箱,New line from v1.6
JojaDresser,Joja Dresser,Joja 抽屉柜,New line from v1.6
GrayJojaDresser,Gray Joja Dresser,灰色 Joja 抽屉柜,New line from v1.6
LargeJojaRug,Large Joja Rug,Joja 大地毯,New line from v1.6
SmallJojaRug,Small Joja Rug,Joja 小地毯,New line from v1.6
SquareJojaRug,Square Joja Rug,方形 Joja 地毯,New line from v1.6
JojaRug,Joja Rug,Joja 地毯,New line from v1.6
JojaCoffeeTable,Joja Coffee Table,Joja 咖啡桌,New line from v1.6
GrayJojaCoffeeTable,Gray Joja Coffee Table,灰色 Joja 咖啡桌,New line from v1.6
JojaLamp,Joja Lamp,Joja 落地灯,New line from v1.6
GrayJojaBookcase,Gray Joja Bookcase,灰色 Joja 书架,New line from v1.6
JojaBookcase,Joja Bookcase,Joja 书架,New line from v1.6
JojaStool,Joja Stool,Joja 凳子,New line from v1.6
JojaEndTable,Joja End Table,Joja 小茶几,New line from v1.6
GrayJojaEndTable,Gray Joja End Table,灰色 Joja 小茶几,New line from v1.6
DecorativeJojaDoor,Decorative Joja Door,Joja 装饰门,New line from v1.6
WizardBed,Wizard Bed,法师床,New line from v1.6
LargeWizardBookcase,Large Wizard Bookcase,法师大书架,New line from v1.6
WizardBookcase,Wizard Bookcase,法师书架,New line from v1.6
ShortWizardBookcase,Short Wizard Bookcase,法师矮书架,New line from v1.6
SmallWizardBookcase,Small Wizard Bookcase,法师小书架,New line from v1.6
WizardStool,Wizard Stool,法师凳子,New line from v1.6
WizardFireplace,Wizard Fireplace,法师壁炉,New line from v1.6
WizardDresser,Wizard Dresser,法师抽屉柜,New line from v1.6
WizardStudy,Wizard Study,法师书桌,New line from v1.6
WizardEndTable,Wizard End Table,法师小茶几,New line from v1.6
WitchBroom,Witch's Broom,女巫的扫帚,New line from v1.6
Cauldron,Cauldron,坩埚,New line from v1.6
CurlyTree,Curly Tree,卷叶树,New line from v1.6
LeafyPlant,Swamp Plant,沼泽植物,New line from v1.6
WizardChair,Wizard Chair,法师椅子,New line from v1.6
WizardTable,Wizard Table,法师桌子,New line from v1.6
WizardCushion,Wizard Cushion,法师垫子,New line from v1.6
DarkWizardCushion,Dark Wizard Cushion,深色法师垫子,New line from v1.6
WizardTeaTable,Wizard Tea Table,法师茶几,New line from v1.6
SmallElixirShelf,Small Elixir Shelf,小药水架,New line from v1.6
ElixirShelf,Elixir Shelf,药水架,New line from v1.6
SmallStackedElixirShelf,Small Stacked Elixir Shelf,双层小药水架,New line from v1.6
StackedElixirShelf,Stacked Elixir Shelf,双层药水架,New line from v1.6
ElixirBundle,Elixir Bundle,多瓶药水,New line from v1.6
CoupleElixirs,Two Elixirs,两瓶药水,New line from v1.6
ElixirTable,Elixir Table,药水桌子,New line from v1.6
LongElixirTable,Long Elixir Table,药水长桌,New line from v1.6
WizardLamp,Wizard Lamp,法师落地灯,New line from v1.6
Runes,'Runes',《符文》,New line from v1.6
WizardTower,'Wizard's Tower',《法师塔》,New line from v1.6
PottedRedMushroom,Potted Red Mushroom,红蘑菇盆栽,New line from v1.6
WizardCatalogue,Wizard Catalogue,法师目录,New line from v1.6
VoidSwirls,'Void Swirls',《虚空漩涡》,New line from v1.6
WizardBookshelf,Wizard Bookshelf,法师壁挂书架,New line from v1.6
Glyph,Glyph,符号,New line from v1.6
StoneFlooring,Stone Flooring,石砖地板,New line from v1.6
RuneRug,Rune Rug,符文地毯,New line from v1.6
SwirlRug,Swirl Rug,漩涡地毯,New line from v1.6
StarryMoonRug,Starry Moon Rug,星月地毯,New line from v1.6
CrystalBall,Crystal Ball,水晶球,New line from v1.6
AmethystCrystalBall,Amethyst Crystal Ball,紫水晶球,New line from v1.6
TopazCrystalBall,Topaz Crystal Ball,黄水晶球,New line from v1.6
AquamarineCrystalBall,Aquamarine Crystal Ball,蓝水晶球,New line from v1.6
EmeraldCrystalBall,Emerald Crystal Ball,绿水晶球,New line from v1.6
RubyCrystalBall,Ruby Crystal Ball,红水晶球,New line from v1.6
SmallBookStack,Small Book Stack,一小叠书,New line from v1.6
BookStack,Book Stack,一叠书,New line from v1.6
LargeBookStack,Large Book Stack,一大叠书,New line from v1.6
PurpleBook,Purple Book,紫色书,New line from v1.6
BlueBook,Blue Book,蓝色书,New line from v1.6
YellowBook,Yellow Book,黄色书,New line from v1.6
RedBook,Red Book,红色书,New line from v1.6
GreenBook,Green Book,绿色书,New line from v1.6
BrownBook,Brown Book,棕色书,New line from v1.6
FallenPurpleBook,Fallen Purple Book,散落的紫色书,New line from v1.6
FallenBlueBook,Fallen Blue Book,散落的蓝色书,New line from v1.6
FallenYellowBook,Fallen Yellow Book,散落的黄色书,New line from v1.6
FallenRedBook,Fallen Red Book,散落的红色书,New line from v1.6
FallenGreenBook,Fallen Green Book,散落的绿色书,New line from v1.6
FallenBrownBook,Fallen Brown Book,散落的棕色书,New line from v1.6
SmallBookPile,Small Book Pile,一小堆书,New line from v1.6
BookPile,Book Pile,一堆书,New line from v1.6
LargeBookPile,Large Book Pile,一大堆书,New line from v1.6
DecorativeWizardDoor,Decorative Wizard Door,法师装饰门,New line from v1.6
JunimoBed,Junimo Bed,祝尼魔床,New line from v1.6
JunimoHut,Junimo Hut,祝尼魔屋,New line from v1.6
LargeJunimoHut,Large Junimo Hut,大祝尼魔屋,New line from v1.6
SmallJunimoHut,Small Junimo Hut,小祝尼魔屋,New line from v1.6
JunimoFireplace,Junimo Fireplace,祝尼魔壁炉,New line from v1.6
JunimoBookcase,Junimo Bookcase,祝尼魔书架,New line from v1.6
JunimoPot,Junimo Pot,祝尼魔罐子,New line from v1.6
JunimoBag,Junimo Bag,祝尼魔袋子,New line from v1.6
JunimoBundle,Junimo Bundle,祝尼魔包裹,New line from v1.6
JunimoStool,Junimo Stool,祝尼魔凳子,New line from v1.6
JunimoTable,Junimo Table,祝尼魔桌子,New line from v1.6
JunimoChair,Junimo Chair,祝尼魔椅子,New line from v1.6
SmallJunimoPot,Small Junimo Pot,祝尼魔小罐子,New line from v1.6
JunimoFlower,Junimo Flower,祝尼魔花,New line from v1.6
JunimoEndTable,Junimo End Table,祝尼魔小茶几,New line from v1.6
JunimoCatalogue,Junimo Catalogue,祝尼魔目录,New line from v1.6
JunimoTeaTable,Junimo Tea Table,祝尼魔茶几,New line from v1.6
JunimoDresser,Junimo Dresser,祝尼魔抽屉柜,New line from v1.6
JunimoLamp,Junimo Lamp,祝尼魔落地灯,New line from v1.6
JunimoPlant,Junimo Plant,祝尼魔植物,New line from v1.6
JunimoWallPlaque,Junimo Wall Plaque,祝尼魔壁挂牌匾,New line from v1.6
JunimoPlaque,Junimo Plaque,祝尼魔牌匾,New line from v1.6
JunimoCushion,Junimo Cushion,祝尼魔垫子,New line from v1.6
DarkJunimoCushion,Dark Junimo Cushion,深色祝尼魔垫子,New line from v1.6
JunimoTree,Junimo Tree,祝尼魔树,New line from v1.6
JunimoCouch,Junimo Couch,祝尼魔沙发,New line from v1.6
GreenSleepingJunimo,Green Sleeping Junimo,绿色睡觉祝尼魔,New line from v1.6
BlueSleepingJunimo,Blue Sleeping Junimo,蓝色睡觉祝尼魔,New line from v1.6
RedSleepingJunimo,Red Sleeping Junimo,红色睡觉祝尼魔,New line from v1.6
PurpleSleepingJunimo,Purple Sleeping Junimo,紫色睡觉祝尼魔,New line from v1.6
YellowSleepingJunimo,Yellow Sleeping Junimo,黄色睡觉祝尼魔,New line from v1.6
OrangeSleepingJunimo,Orange Sleeping Junimo,橙色睡觉祝尼魔,New line from v1.6
GraySleepingJunimo,Gray Sleeping Junimo,灰色睡觉祝尼魔,New line from v1.6
SquareJunimoRug,Square Junimo Rug,方形祝尼魔地毯,New line from v1.6
JunimoRug,Junimo Rug,祝尼魔地毯,New line from v1.6
JunimoMat,Junimo Mat,祝尼魔地垫,New line from v1.6
CircularJunimoRug,Circular Junimo Rug,圆形祝尼魔地毯,New line from v1.6
SmallJunimoMat,Small Junimo Mat,祝尼魔小地垫,New line from v1.6
CommunityCenter,'Community Center',《社区中心》,New line from v1.6
LittleBuddies,'Little Buddies',《小伙伴们》,New line from v1.6
Stardrop,'Stardrop',《星之果实》,New line from v1.6
Hut,'Hut',《小屋》,New line from v1.6
AbigailPortrait,Abigail Portrait,阿比盖尔的肖像,New line from v1.6
EmilyPortrait,Emily Portrait,艾米丽的肖像,New line from v1.6
HaleyPortrait,Haley Portrait,海莉的肖像,New line from v1.6
LeahPortrait,Leah Portrait,莉亚的肖像,New line from v1.6
MaruPortrait,Maru Portrait,玛鲁的肖像,New line from v1.6
PennyPortrait,Penny Portrait,潘妮的肖像,New line from v1.6
AlexPortrait,Alex Portrait,亚历克斯的肖像,New line from v1.6
ElliottPortrait,Elliott Portrait,艾利欧特的肖像,New line from v1.6
HarveyPortrait,Harvey Portrait,哈维的肖像,New line from v1.6
SamPortrait,Sam Portrait,山姆的肖像,New line from v1.6
SebastianPortrait,Sebastian Portrait,塞巴斯蒂安的肖像,New line from v1.6
ShanePortrait,Shane Portrait,谢恩的肖像,New line from v1.6
JunimoStar,Junimo Star,祝尼魔之星,New line from v1.6
BulletinBoard,Bulletin Board,公告板,New line from v1.6
BrochureCabinet,Brochure Cabinet,宣传册展示架,New line from v1.6
LeafyWallPanel,Leafy Wall Panel,叶子墙板,New line from v1.6
LightLeafyWallPanel,Light Leafy Wall Panel,浅色叶子墙板,New line from v1.6
DarkLeafyWallPanel,Dark Leafy Wall Panel,深色叶子墙板,New line from v1.6
DecorativeJunimoDoor,Decorative Junimo Door,祝尼魔装饰门,New line from v1.6
RetroBed,Retro Bed,复古床,New line from v1.6
RetroDresser,Retro Dresser,复古抽屉柜,New line from v1.6
RetroBookcase,Retro Bookcase,复古书架,New line from v1.6
RetroFireplace,Retro Fireplace,复古壁炉,New line from v1.6
RetroCouch,Retro Couch,复古沙发,New line from v1.6
RetroCushion,Retro Cushion,复古垫子,New line from v1.6
DarkRetroCushion,Dark Retro Cushion,深色复古垫子,New line from v1.6
RetroStool,Retro Stool,复古凳子,New line from v1.6
RetroFlower,Retro Flower,复古花,New line from v1.6
RetroChair,Retro Chair,复古椅子,New line from v1.6
RetroTable,Retro Table,复古桌子,New line from v1.6
RetroPlant,Retro Plant,复古植物,New line from v1.6
RetroEndTable,Retro End Table,复古小茶几,New line from v1.6
RetroTeaTable,Retro Tea Table,复古茶几,New line from v1.6
RetroCatalogue,Retro Catalogue,复古目录,New line from v1.6
RetroCabinet,Retro Cabinet,复古橱柜,New line from v1.6
RetroRadio,Retro Radio,复古收音机,New line from v1.6
RetroBanner,Retro Banner,复古帘子,New line from v1.6
Groovy,'Groovy',《时髦》,New line from v1.6
RetroLamp,Retro Lamp,复古落地灯,New line from v1.6
RetroRug,Retro Rug,复古地毯,New line from v1.6
RetroSquareRug,Retro Square Rug,复古方形地毯,New line from v1.6
RetroMat,Retro Mat,复古地垫,New line from v1.6
LargeRetroRug,Large Retro Rug,复古大地毯,New line from v1.6
Abstract,'Abstract',《抽象》,New line from v1.6
Starship,'Starship',《星际飞船》,New line from v1.6
Binary,'Binary',《双星》,New line from v1.6
Checkers,'Checkers',《黑白格子》,New line from v1.6
UFO,'UFO',《UFO》,New line from v1.6
DecorativeRetroDoor,Decorative Retro Door,复古装饰门,New line from v1.6
DecorativeDoor1,Decorative Door,装饰门,New line from v1.6
DecorativeDoor2,Decorative Door,装饰门,New line from v1.6
DecorativeDoor3,Decorative Door,装饰门,New line from v1.6
DecorativeDoor4,Decorative Door,装饰门,New line from v1.6
DecorativeDoor5,Decorative Door,装饰门,New line from v1.6
DecorativeDoor6,Decorative Door,装饰门,New line from v1.6
WallClock,Wall Clock,挂钟,New line from v1.6
DecorativeHatch,Decorative Hatch,装饰活板门,New line from v1.6
DecorativeOakLadder,Decorative Oak Ladder,装饰橡木梯子,New line from v1.6
DecorativeWalnutLadder,Decorative Walnut Ladder,装饰胡桃木梯子,New line from v1.6
UprightPiano,Upright Piano,立式钢琴,New line from v1.6
CoatStand,Coat Stand,衣帽架,New line from v1.6
BirdHouse,Bird House,鸟屋,New line from v1.6
DecorativeShovel,Decorative Shovel,装饰铲子,New line from v1.6
WallSword,Wall Sword,挂剑,New line from v1.6
DecorativeSword,Decorative Sword,装饰剑,New line from v1.6
WineTable,Wine Table,酒桌,New line from v1.6
SpiritsTable,Spirits Table,烈酒桌,New line from v1.6
TallHousePlant,Tall House Plant,大盆栽,New line from v1.6
CornPlant,Corn Plant,香龙血树,New line from v1.6
BlueCushion,Blue Cushion,蓝色垫子,New line from v1.6
YellowCushion,Yellow Cushion,黄色垫子,New line from v1.6
GreenCushion,Green Cushion,绿色垫子,New line from v1.6
RedCushion,Red Cushion,红色垫子,New line from v1.6
BrownCushion,Brown Cushion,棕色垫子,New line from v1.6
BlackCushion,Black Cushion,黑色垫子,New line from v1.6
FoodPetBowl,Food Pet Bowl,宠物喂食碗,New line from v1.6
WaterPetBowl,Water Pet Bowl,宠物喝水碗,New line from v1.6
OakLampEndTable,Oak Lamp End Table,橡木台灯小茶几,New line from v1.6
WalnutLampEndTable,Walnut Lamp End Table,胡桃木台灯小茶几,New line from v1.6
BirchLampEndTable,Birch Lamp End Table,桦木台灯小茶几,New line from v1.6
MahoganyLampEndTable,Mahogany Lamp End Table,桃花心木台灯小茶几,New line from v1.6
TriangleWindow,Triangle Window,三角窗户,New line from v1.6
Clothesline,Clothesline,晾衣绳,New line from v1.6
TrashCatalogue,Trash Catalogue,垃圾目录,New line from v1.6
ElegantVase,Elegant Vase,高雅花瓶,New line from v1.6
CatTree,Cat Tree,猫爬架,New line from v1.6
DarkCatTree,Dark Cat Tree,深色猫爬架,New line from v1.6
LightSwitch,Light Switch,电灯开关,New line from v1.6
Outlet,Outlet,插座,New line from v1.6
Doghouse,Doghouse,狗屋,New line from v1.6
DarkDoghouse,Dark Doghouse,深色狗屋,New line from v1.6
BountifulDiningTable,Bountiful Dining Table,丰盛餐桌,New line from v1.6
PlasticLawnEndTable,Plastic Lawn End Table,塑料草坪小茶几,New line from v1.6
PlasticLawnChair,Plastic Lawn Chair,塑料草坪椅子,New line from v1.6
BrokenTelevision,Broken Television,坏电视,New line from v1.6
SixPackRings,Six-Pack Rings,塑料六连环,New line from v1.6
GreenBottle,Green Bottle,绿色瓶子,New line from v1.6
PlasticBag,Plastic Bag,塑料袋,New line from v1.6
AluminumCan,Aluminum Can,易拉罐,New line from v1.6
BlueBottle,Blue Bottle,蓝色瓶子,New line from v1.6
BuriedTire,Buried Tire,半埋轮胎,New line from v1.6
Tire,Tire,轮胎,New line from v1.6
Wrapper,Wrapper,包装纸,New line from v1.6
SpilledBeverage,Spilled Beverage,打翻的饮料,New line from v1.6
MessyShirt,Messy Shirt,脏乱的上衣,New line from v1.6
MessyShorts,Messy Shorts,脏乱的短裤,New line from v1.6
MoldyCouch,Moldy Couch,发霉的沙发,New line from v1.6
FancyHousePlant,Fancy House Plant,精致盆栽,New line from v1.6
PigPainting,Pig Painting,猪的图画,New line from v1.6
MidnightBed,Midnight Beach Bed,床,New line from v1.6
MidnightDoubleBed,Midnight Beach Double Bed,双人床,New line from v1.6
