MineCart_DestinationWithPrice,{0} ({1}g),{0}（{1}G）,New line from v1.6
Backwoods_MonsterGrave,Abigail took a life to save mine...#I'll never forget that.,Abigail took a life to save mine……#I'll never forget that.,New line from v1.6
BuyTicket,Buy a ticket for {0}g?,要花 {0}G買票嗎？,New line from v1.6
Gourmand_Request_0_Success,"*Gurrrp*... Yes... This is it!|...It's bringing me back to the old days... sunny days, when things were sweeter...|*slurp*... Oh, I could take a big, juicy bite...|...But, I won't.",呼嚕嚕……就是辣個。biu 粉紅色滴……biu 多茲的……|……浪窩回想起過去的時候啊……陽光很大，東西很甜……|（哧溜）……窩想要次一口 biu 多茲的……|……不，窩就算了。,"Gurrrp... Yes. Bombo pink... Bombo juicy...|...Bringin' me back to da good old days... sunny days when things bein' sweeter...|*slurp*... Me wanna take a big bombo juicy bite...|...But, me won't."
WitchHut_EvilShrineCenter,"-Dark Shrine of Memory-^The relationship between you and your ex-spouses will be wiped from memory. It will be like you've never met.^Make an offering of 30,000g?","-記憶之黑暗神殿- ^你和你配偶之間的一切記憶將會被抹除。就像你們倆從未邂逅過一樣。^是否確定獻祭30,000G？","-Dark Shrine of Memory-^The relationship between you and your ex-spouses will be wiped from memory. It will be like you've never met.^Make an offering of 30,000g?
      "
FieldOfficeFinale,"distantBanjo/-1000 -1000/farmer 4 8 0/addCraftingRecipe Ostrich Incubator/addMailReceived fieldOfficeFinale/skippable/addTemporaryActor SafariGuy 16 32 3 8 0 true character/translateName SafariGuy Strings\NPCNames:ProfessorSnail/pause 1000/viewport 4 6 true/pause 4000/speak SafariGuy ""Wow...#$b#Look how far we've come!$h""/faceDirection SafariGuy 1/speak SafariGuy ""The collection looks fantastic, and it's all thanks to you, @.""/emote farmer 32/speak SafariGuy ""Here, as a way of saying 'thanks', I want to teach you something.""/faceDirection farmer 3/pause 700/playSound reward/message ""Learned how to craft 'Ostrich Incubator'""/pause 400/speak SafariGuy ""This device will allow you to raise ostriches back home. Just place the incubator in a barn, place an ostrich egg inside, and wait...""/faceDirection SafariGuy 0/speak SafariGuy ""Getting your hands on an ostrich egg is a different story, though... I'll leave that up to you!""/pause 400/faceDirection farmer 0/pause 500/speak SafariGuy ""Heh... Well... now the real work begins.#$b#I'll be studying these bones for years to come!""/faceDirection SafariGuy 1/faceDirection farmer 3/speak SafariGuy ""Farewell, @!""/pause 600/end","distantBanjo/-1000 -1000/farmer 4 8 0/addCraftingRecipe Ostrich Incubator/addMailReceived fieldOfficeFinale/skippable/addTemporaryActor SafariGuy 16 32 3 8 0 true character/translateName SafariGuy Strings\NPCNames:ProfessorSnail/pause 1000/viewport 4 6 true/pause 4000/speak SafariGuy ""哇……#$b#看看我們收集到了多少東西！$h""/faceDirection SafariGuy 1/speak SafariGuy ""收集了這麼多東西可太棒了，這都是你的功勞啊，@。""/emote farmer 32/speak SafariGuy ""這樣吧，作為感謝，我想教你一些東西。""/faceDirection farmer 3/pause 700/playSound reward/message ""已學會製作“鴕鳥孵化器”。""/pause 400/speak SafariGuy ""這個設備可以讓你在家養鴕鳥。把孵化器放在畜棚裡，放一個鴕鳥蛋進去，然後等待……""/faceDirection SafariGuy 0/speak SafariGuy ""不過，怎麼拿到鴕鳥蛋就是另一回事了……這事還得你自己來！""/pause 400/faceDirection farmer 0/pause 500/speak SafariGuy ""哈哈……接下來真正的工作才剛要開始。#$b#我要用好幾年的時間去研究這些骨頭！""/faceDirection SafariGuy 1/faceDirection farmer 3/speak SafariGuy ""有緣再會，@！""/pause 600/end","distantBanjo/-1000 -1000/farmer 4 8 0/addCraftingRecipe Ostrich Incubator/addMailReceived fieldOfficeFinale/skippable/addTemporaryActor SafariGuy 16 32 3 8 0 true Professor_Snail/pause 1000/viewport 4 6 true/pause 4000/speak SafariGuy ""Wow...#$b#Look how far we've come!$h""/faceDirection SafariGuy 1/speak SafariGuy ""The collection looks fantastic, and it's all thanks to you, @.""/emote farmer 32/speak SafariGuy ""Here, as a way of saying 'thanks', I want to teach you something.""/faceDirection farmer 3/pause 700/playSound reward/message ""Learned how to craft 'Ostrich Incubator'""/pause 400/speak SafariGuy ""This device will allow you to raise ostriches back home. Just place the incubator in a barn, place an ostrich egg inside, and wait...""/faceDirection SafariGuy 0/speak SafariGuy ""Getting your hands on an ostrich egg is a different story, though... I'll leave that up to you!""/pause 400/faceDirection farmer 0/pause 500/speak SafariGuy ""Heh... Well... now the real work begins.#$b#I'll be studying these bones for years to come!""/faceDirection SafariGuy 1/faceDirection farmer 3/speak SafariGuy ""Farewell, @!""/pause 600/end"
Gourmand_RequestIntro,"*Gurrp*... You see... my fields once teemed with fresh fruit and vegetables...|But I have grown old, and without the vigor of youth, my fields have turned to worthless dust...|*sigh*... What I would give to feast my eyes upon that banquet of delights, once more...|That's where you come in.",呼嚕嚕……辣個土地以前新鮮滴吃滴可多嘞……唉……要四稜再有辣嗎多吃滴就好了。,"Gurrp... Dah land once teemed wis fresh, fresh fooda... *sigh*... me wish ta seein' da teemin' once more."
Gourmand_Finished,"*Kriibbitt*... Good to see you again, my friend.|You have my blessing to cultivate these fields. May the rains be with you!",咯哩哩哩……李又來了，biu 滴朋友。|希望李還在種辣些 biu 大的果子，小子！,"Kriibbitt... Good to see you again, bombo-friend.|I hope a you growin' da big bombo fruit, bub!"
Gourmand_Request_1,"I wish to see the long yellow thing, which tickles the skin, and waves in the wind.",窩想要看到辣個長的、黃色的、搔搔癢滴東西……辣個在風中搖晃滴東西……,Me wanna see da longo yellow ticklin' thing... da thing dat be wavin' in the wind...
ScienceHouse_Carpenter_UpgradeHouse2,I can increase the size of your house and add a nursery. It will cost {0}g and you'll also need to provide me with {1} pieces of hardwood. Are you interested?,"我可以擴建你的房子並加蓋一個嬰兒室。此升級需要消耗50,000G和150塊硬木。你確定嗎？","I can increase the size of your house and add a nursery. It will cost 50,000g and you'll also need to provide me with 150 pieces of hardwood. Are you interested?"
HaleyHouse_EmilyRoomObject,There's a tape inside: 'Freeform Dance Rhythms',裡面有一盤磁帶：‘自由形式舞蹈旋律’,There's a tape inside:'Freeform Dance Rhythyms'
IslandSecret_Event_BirdieFinished,"tropical_island_day_ambient/-1000 -1000/farmer 20 58 3/removeQuest 130/skippable/addTemporaryActor Birdie 32 32 17 58 3 true/animate Birdie false true 1000 8 9/pause 1000/viewport 18 58 clamp true/pause 2300/playMusic none/animate farmer true true 100 35/addObject 19 58 870/playSound sandyStep/pause 800/stopAnimation farmer/playFramesAhead 3/stopAnimation Birdie/extendSourceRect Birdie reset/warp Birdie 18 58/move Birdie 0 -1 2/move Birdie 1 0 2/pause 500/jump Birdie/pause 500/playMusic desolate/speak Birdie ""It's his...$s""/emote Birdie 20/pause 1200/playSound coin/removeObject 19 58/showFrame Birdie 20/pause 2500/speak Birdie ""Heh... It still has his smell, after all these years...#$b#...that familiar, putrid funk...$h""/pause 300/faceDirection farmer 2 true/playSound croak/animate farmer false false 350 104 105 104 105 104 105/pause 1000/faceDirection farmer 3/speak Birdie ""You know... It's been a lonely life here, child... but I don't regret it at all.#$b#I'm doin' right by my old man... and we'll be together again some day soon... hehe""/pause 500/stopAnimation Birdie/move Birdie 0 1 3/playMusic tropical_island_day_ambient/faceDirection Birdie 1/quickQuestion #It's an honorable thing to do.#He's gone. You should live your life.(break)speak Birdie ""You have great wisdom, child.#$b#And you've brought me great peace... this locket will comfort me for the rest of my days.$h""(break)emote Birdie 28\speak Birdie ""An old woman like me? I think it's too late, dear...$s#$b#Besides... I like it here! It's relaxing and beautiful. And I have an endless supply of fresh fish, oysters, and monkey meat. Hehehe.$h#$b#...I'm kidding about the monkey meat.""/pause 1000/speak Birdie ""Now... how can I repay you for this?""/jump Birdie/pause 500/speak Birdie ""Oh... How about I teach you a special recipe... Something I discovered in the many years I've spent here.""/pause 1000/playSound reward/addCraftingRecipe Fairy Dust/message ""Learned to craft 'Fairy Dust'.""/pause 1000/fork gotBirdieReward Strings\\Locations:alreadyGotNuts true/speak Birdie ""You can take these, too...""/awardFestivalPrize birdieReward true/pause 1000/speak Birdie ""Though you're a stranger, you went out of your way to help an old lady.#$b#Bless your heart!$h""/emote Birdie 20/emote farmer 32/pause 1000/end","tropical_island_day_ambient/-1000 -1000/farmer 20 58 3/removeQuest 130/skippable/addTemporaryActor Birdie 32 32 17 58 3 true ？？？/animate Birdie false true 1000 8 9/pause 1000/viewport 18 58 clamp true/pause 2300/playMusic none/animate farmer true true 100 35/addObject 19 58 870/playSound sandyStep/pause 800/stopAnimation farmer/playFramesAhead 3/stopAnimation Birdie/extendSourceRect Birdie reset/warp Birdie 18 58/move Birdie 0 -1 2/move Birdie 1 0 2/pause 500/jump Birdie/pause 500/playMusic desolate/speak Birdie ""這是他的……$s""/emote Birdie 20/pause 1200/playSound coin/removeObject 19 58/showFrame Birdie 20/pause 2500/speak Birdie ""呵……這麼多年過去了，這上面還有他的味道……#$b#……我再熟悉不過的腐爛惡臭……$h""/pause 300/faceDirection farmer 2 true/playSound croak/animate farmer false false 350 104 105 104 105 104 105/pause 1000/faceDirection farmer 3/speak Birdie ""孩子……在這裡過日子確實是非常孤獨的。但我完全不後悔。#$b#我就在我的老頭子身邊……呵呵，我們馬上就能又在一起了……""/pause 500/stopAnimation Birdie/move Birdie 0 1 3/playMusic tropical_island_day_ambient/faceDirection Birdie 1/quickQuestion #你這麼做值得尊敬。#他已經死了，你得有你自己的生活。(break)speak Birdie ""你很聰明，孩子。#$b#你帶給了我莫大的安寧……我的餘生全因這塊墜飾得到撫慰。$h""(break)emote Birdie 28\speak Birdie ""像我這樣的老女人嗎？我覺得已經太遲了，孩子……$s#$b#而且……我喜歡這裡！這裡令人放鬆，風景迷人，而且還有吃不完的鮮魚、牡蠣，還有猴子肉。呵呵呵。$h#$b#……猴子肉是開玩笑的。""/pause 1000/speak Birdie ""現在……我該如何回報你呢？""/jump Birdie/pause 500/speak Birdie ""啊……給你傳授一份特別的製作方法如何，這是我在這待了這麼多年研究出來的。""/pause 1000/playSound reward/addCraftingRecipe Fairy Dust/message ""已學會製作“仙塵”。""/pause 1000/fork gotBirdieReward Strings\\Locations:alreadyGotNuts true/speak Birdie ""這些也給你……""/awardFestivalPrize birdieReward true/pause 1000/speak Birdie ""雖然你一開始不認識我這老婆子，還是盡全力幫助了我。#$b#為你的善心獻上祝福！$h""/emote Birdie 20/emote farmer 32/pause 1000/end","tropical_island_day_ambient/-1000 -1000/farmer 20 58 3/removeQuest 130/skippable/addTemporaryActor Birdie 32 32 17 58 3 true ???/animate Birdie false true 1000 8 9/pause 1000/viewport 18 58 clamp true/pause 2300/playMusic none/animate farmer true true 100 35/addObject 19 58 870/playSound sandyStep/pause 800/stopAnimation farmer/playFramesAhead 3/stopAnimation Birdie/extendSourceRect Birdie reset/warp Birdie 18 58/move Birdie 0 -1 2/move Birdie 1 0 2/pause 500/jump Birdie/pause 500/playMusic desolate/speak Birdie ""It's his...$s""/emote Birdie 20/pause 1200/playSound coin/removeObject 19 58/showFrame Birdie 20/pause 2500/speak Birdie ""Heh... It still has his smell, after all these years...#$b#...that familiar, putrid funk...$h""/pause 300/faceDirection farmer 2 true/playSound croak/animate farmer false false 350 104 105 104 105 104 105/pause 1000/faceDirection farmer 3/speak Birdie ""You know... It's been a lonely life here, child... but I don't regret it at all.#$b#I'm doin' right by my old man... and we'll be together again some day soon... hehe""/pause 500/stopAnimation Birdie/move Birdie 0 1 3/playMusic tropical_island_day_ambient/faceDirection Birdie 1/quickQuestion #It's an honorable thing to do.#He's gone. You should live your life.(break)speak Birdie ""You have great wisdom, child.#$b#And you've brought me great peace... this locket will comfort me for the rest of my days.$h""(break)emote Birdie 28\speak Birdie ""An old woman like me? I think it's too late, dear...$s#$b#Besides... I like it here! It's relaxing and beautiful. And I have an endless supply of fresh fish, oysters, and monkey meat. Hehehe.$h#$b#...I'm kidding about the monkey meat.""/pause 1000/speak Birdie ""Now... how can I repay you for this?""/jump Birdie/pause 500/speak Birdie ""Oh... How about I teach you a special recipe... Something I discovered in the many years I've spent here.""/pause 1000/playSound reward/addCraftingRecipe Fairy Dust/message ""Learned to craft 'Fairy Dust'.""/pause 1000/fork gotBirdieReward Strings\\Locations:alreadyGotNuts true/speak Birdie ""You can take these, too...""/awardFestivalPrize birdieReward true/pause 1000/speak Birdie ""Though you're a stranger, you went out of your way to help an old lady.#$b#Bless your heart!$h""/emote Birdie 20/emote farmer 32/pause 1000/end"
Gourmand_RequestQuestion,Ah... You have something to show me?,小子，李在外面種辣個東西嗎？,"You be growin' da thing outside now, bub?"
Gourmand_Intro,"*Kribbibbit*... Who dares to enter my nest?|Ah... A humble farmer, come to cultivate my lands... How fortunate!|Oh, how the rains have blessed me!",咯哩哩哩……是誰？李就是辣個在窩房子外面種地的農民嗎，小子？,"Kribbibbit... Whooo? You da farmer who tend-a da land outside me house, bub?"
Gourmand_Request_1_Success,"*Gurrrp*... Yes... This is it!|Heh... It reminds me of an old girlfriend... *gurp*...|Look here... I could tickle you with this!|...But, I won't.",呼嚕嚕……不錯。biu 長滴，跑過去的時候……biu 搔搔癢。|嘿嘿……浪窩想起了窩的前女友……（呼嚕）……|嘿嘿……現在窩想給李搔搔癢……|……不，窩就算了。,"Gurrrp... Good. Bombo longo and when da run through it... bombo ticklin'.|Heh... remindin' me of an old girlfriend... *gurp*...|Heh... Now me wanna tickle-da you...|...But, me won't."
WitchHut_EvilShrineCenterInactive,-Dark Shrine of Memory-^The statue stares through you...,-記憶之黑暗神殿- ^雕像的銳利眼神透視你的身體……,"-Dark Shrine of Memory-^The statue stares through you...
      "
Gourmand_LastReward,"*Kriibbitt*... Yes... You have done me a great service. You've given an old toad one last trip down memory lane...|Here's one last reward for you, friend.",咯哩哩哩……太好了……窩全都想起來了！|謝謝李喚醒窩這麼多回憶。|最後給李一個好東西，小子。,"Kriibbitt... Yes... Me remember everything now!|Thank-a da you for remindin' me so much.|This da one last reward for you, bub."
IslandNorth_Event_SafariManAppear,"tropical_island_day_ambient/-1000 -100/farmer 20 48 1/skippable/pause 1000/viewport 21 47 true/pause 1000/playSound thudStep/addTemporaryActor SafariGuy 16 32 22 45 2 true ???/move SafariGuy 0 3 3/pause 1000/speak SafariGuy ""Thank you! I thought I was done for... $h#$b#I've been stuck in this cave for months!""/pause 500/faceDirection SafariGuy 2/pause 300/showFrame SafariGuy 16/pause 600/emote SafariGuy 28/speak SafariGuy ""...One more cave mushroom salad and I would've gone off the deep end... *shudder* ...so rubbery...$s""/pause 500/showFrame SafariGuy 0/pause 500/faceDirection SafariGuy 3/pause 500/translateName SafariGuy Strings\NPCNames:ProfessorSnail/speak SafariGuy ""Anyway... I'm Professor Snail.#$b#I've been conducting a survey of this island's flora and fauna for the last year. Truly a remarkable place!""/pause 400/faceDirection SafariGuy 2/pause 250/faceDirection SafariGuy 3/speak SafariGuy ""Well, I think I'll go back to my tent and freshen up a little. I'm afraid I smell like mushrooms...$s#$b#Hey... you should stop by the tent sometime! An enterprising individual like yourself could be a major asset in my projects... hee hee! Farewell.$h""/pause 200/showFrame SafariGuy 17/pause 800/showFrame SafariGuy 12/pause 200/advancedMove SafariGuy true 1 0 0 4/pause 250/end position 20 48","tropical_island_day_ambient/-1000 -100/farmer 20 48 1/skippable/pause 1000/viewport 21 47 true/pause 1000/playSound thudStep/addTemporaryActor SafariGuy 16 32 22 45 2 true ？？？/move SafariGuy 0 3 3/pause 1000/speak SafariGuy ""謝謝你！我以為我死定了……$h#$b#我被困在這個山洞裡幾個月了！""/pause 500/faceDirection SafariGuy 2/pause 300/showFrame SafariGuy 16/pause 600/emote SafariGuy 28/speak SafariGuy ""要是再讓我吃洞穴裡的蘑菇沙拉我就得瘋了……（打顫） ……太難嚼了……$s""/pause 500/showFrame SafariGuy 0/pause 500/faceDirection SafariGuy 3/pause 500/translateName SafariGuy Strings\NPCNames:ProfessorSnail/speak SafariGuy ""是這樣……我是蝸牛教授。#$b#去年我一直在調查這個島上的動植物。這地方真的不得了！""/pause 400/faceDirection SafariGuy 2/pause 250/faceDirection SafariGuy 3/speak SafariGuy ""嗯，我覺得我得先回帳篷收拾一下自己。我現在怕是聞起來跟蘑菇一樣……$s#$b#嘿……你可以找個時間到帳篷來找我！像你這樣有進取心的人可以成為我研究項目的主力人員……嘿嘿！再會。$h""/pause 200/showFrame SafariGuy 17/pause 800/showFrame SafariGuy 12/pause 200/advancedMove SafariGuy true 1 0 0 4/pause 250/end position 20 48","tropical_island_day_ambient/-1000 -100/farmer 20 48 1/skippable/pause 1000/viewport 21 47 true/pause 1000/playSound thudStep/addTemporaryActor SafariGuy 16 32 22 45 2 true ???/move SafariGuy 0 3 3/pause 1000/speak SafariGuy ""Thank you! I thought I was done for... $h#$b#I've been stuck in this cave for months!""/pause 500/faceDirection SafariGuy 2/pause 300/showFrame SafariGuy 16/pause 600/emote SafariGuy 28/speak SafariGuy ""...One more cave mushroom salad and I would've gone off the deep end... *shudder* ...so rubbery...$s""/pause 500/showFrame SafariGuy 0/pause 500/faceDirection SafariGuy 3/pause 500/changeName SafariGuy Professor_Snail/speak SafariGuy ""Anyway... I'm Professor Snail.#$b#I've been conducting a survey of this island's flora and fauna for the last year. Truly a remarkable place!""/pause 400/faceDirection SafariGuy 2/pause 250/faceDirection SafariGuy 3/speak SafariGuy ""Well, I think I'll go back to my tent and freshen up a little. I'm afraid I smell like mushrooms...$s#$b#Hey... you should stop by the tent sometime! An enterprising individual like yourself could be a major asset in my projects... hee hee! Farewell.$h""/pause 200/showFrame SafariGuy 17/pause 800/showFrame SafariGuy 12/pause 200/advancedMove SafariGuy true 1 0 0 4/pause 250/end position 20 48"
ScienceHouse_Carpenter_NotEnoughWood2,"Sorry... You have the money, but I also need {0} pieces of hardwood.",抱歉……你雖然有足夠的錢，但我同時還需要150塊硬木。,"Sorry... You have the money, but I also need 150 pieces of hardwood."
Gourmand_Request_0,"You must grow for me... that sweet delight, which is both pink and juicy...|Do not pluck it from the earth! I wish to see it in its natural state...",李給窩種……辣個粉紅色的東西……多茲的辣個……,Grow you for me... da pink thing... da juicy thing...
IslandFieldOffice_Intro_Event,"fieldofficeTentMusic/-1000 -1000/farmer 4 10 0/skippable/addTemporaryActor SafariGuy 16 32 5 4 0 true character/translateName SafariGuy Strings\NPCNames:ProfessorSnail/viewport 4 6 true/move farmer 0 -2 0/pause 1000/faceDirection SafariGuy 1 true/pause 50/faceDirection SafariGuy 2 true/pause 500/speak SafariGuy ""Ah... Come in!""/move farmer 2 0 0/move farmer 0 -4 3/faceDirection SafariGuy 1/pause 500/speak SafariGuy ""Welcome to my field office.""/faceDirection SafariGuy 2/faceDirection farmer 2/showFrame SafariGuy 16/emote SafariGuy 28/pause 500/speak SafariGuy ""As you can see... it's quite empty.$s#$b#Getting stuck in that cave was a huge setback to my project.$s""/pause 50/showFrame SafariGuy 0/pause 200/faceDirection SafariGuy 1/pause 100/speak SafariGuy ""But that's where you come in! Hee hee...$h""/faceDirection farmer 3/emote farmer 8/speak SafariGuy ""I'm in the bone business, you see...#$b#Ancient bones, in particular... And this island is full of them.#$b#So if you ever encounter any bones, fossils, or mummified specimens on this island, bring them to my desk, okay? I'll make it worth your while!$h""/pause 200/faceDirection SafariGuy 1/end","fieldofficeTentMusic/-1000 -1000/farmer 4 10 0/skippable/addTemporaryActor SafariGuy 16 32 5 4 0 true character/translateName SafariGuy Strings\NPCNames:ProfessorSnail/viewport 4 6 true/move farmer 0 -2 0/pause 1000/faceDirection SafariGuy 1 true/pause 50/faceDirection SafariGuy 2 true/pause 500/speak SafariGuy ""啊……請進！""/move farmer 2 0 0/move farmer 0 -4 3/faceDirection SafariGuy 1/pause 500/speak SafariGuy ""歡迎來到我的辦事處。""/faceDirection SafariGuy 2/faceDirection farmer 2/showFrame SafariGuy 16/emote SafariGuy 28/pause 500/speak SafariGuy ""如你所見……這裡很空。$s#$b#我被困在那個山洞裡，所以項目沒什麼進展。$s""/pause 50/showFrame SafariGuy 0/pause 200/faceDirection SafariGuy 1/pause 100/speak SafariGuy ""但這就是我叫你來的原因！嘿嘿……$h""/faceDirection farmer 3/emote farmer 8/speak SafariGuy ""是這樣的，我是做骨頭生意的……#$b#特別是古代的骨頭……這個島上正好到處都是。#$b#所以說，如果你在這個島上找到什麼骨頭、化石、木乃伊標本，請把它們帶過來，好嗎？我會給你相應的報酬！$h""/pause 200/faceDirection SafariGuy 1/end","fieldofficeTentMusic/-1000 -1000/farmer 4 10 0/skippable/addTemporaryActor SafariGuy 16 32 5 4 0 true Professor_Snail/viewport 4 6 true/move farmer 0 -2 0/pause 1000/faceDirection SafariGuy 1 true/pause 50/faceDirection SafariGuy 2 true/pause 500/speak SafariGuy ""Ah... Come in!""/move farmer 2 0 0/move farmer 0 -4 3/faceDirection SafariGuy 1/pause 500/speak SafariGuy ""Welcome to my field office.""/faceDirection SafariGuy 2/faceDirection farmer 2/showFrame SafariGuy 16/emote SafariGuy 28/pause 500/speak SafariGuy ""As you can see... it's quite empty.$s#$b#Getting stuck in that cave was a huge setback to my project.$s""/pause 50/showFrame SafariGuy 0/pause 200/faceDirection SafariGuy 1/pause 100/speak SafariGuy ""But that's where you come in! Hee hee...$h""/faceDirection farmer 3/emote farmer 8/speak SafariGuy ""I'm in the bone business, you see...#$b#Ancient bones, in particular... And this island is full of them.#$b#So if you ever encounter any bones, fossils, or mummified specimens on this island, bring them to my desk, okay? I'll make it worth your while!$h""/pause 200/faceDirection SafariGuy 1/end"
BusStop_BuyTicketToDesert,Buy a ticket to Calico Desert for {0}g?,是否確定花費{0}G購買前往卡利科沙漠的車票？,Buy a ticket to Calico Desert for 500g?
WitchHut_EvilShrineRightActivate,"-Dark Shrine of Night Terrors-^The ancient magi-seal of protection will be lifted, allowing monsters to appear on your farm at night.^Make an offering of one Strange Bun?",-夜驚之黑暗神殿- ^古老的魔法保護屏障會被撤走，怪物會在夜間出沒你的農場。^是否確定獻祭一個奇怪小包子？,"-Dark Shrine of Night Terrors-^The ancient magi-seal of protection will be lifted, allowing monsters to appear on your farm at night.^Make an offering of one Strange Bun?
      "
Gourmand_InProgress,"Ah... I see you are growing the thing I seek. However, it is still but a child. Come back when it has matured...",啊……窩看到李種辣個東西了。但是現在還是咻~小。等長到 biu 大了再來吧……,Ah... I see you growin' da thing. But it's still ding-ee small. Come back when it's bombo big...
WitchHut_EvilShrineLeftInactive,-Dark Shrine of Selfishness-^The statue stares through you...,-私慾之黑暗神殿- ^雕像的銳利眼神透視你的身體……,"-Dark Shrine of Selfishness-^The statue stares through you...
      "
Gourmand_Request_2_Success,"*Gurrrp*... Yes... I ate this once, long ago. It gave me a pungent aroma for days...|...Reminds me of Papa, when I was just a tadpole...|Heh... I could take a bite, and produce that poignant odor once more...|...But, I won't.",呼嚕嚕……沒錯……窩要再次一次辣個東西。浪窩的口氣 biu 臭……|……浪窩想起窩爹，窩辣時候還是一個蝌蚪……|嘿嘿……窩想次一大口，浪口氣 biu 臭……|……不，窩還是算了。,"Gurrrp... Yes... Me eatin' da thing once. Made da breath smell bombo bad...|...Remindin' me of Papa when I was just a tadpole...|Heh... Me wanna take a big bite, and smell bombo bad...|...But, me won't."
WizardTower_WizardShrine,"           The Shrine Of Illusions
Make an offering of 500g to change your appearance?",是否花500G使用幻覺神龕改變你的外表？,"           The Shrine Of Illusions  
Make an offering of 500g to change your appearance?"
Town_DwarfGrave_Translated,"     You translate the dwarvish:

Stand between the pillars three
With gift as precious as the sky:
A rainbow forged from land, not sea
Then galaxies will heed your cry.
",你翻譯了該段矮人語：站在三根柱子間，懷中禮物像天空一樣珍貴：彩虹從陸地而不是海上升起，銀河將會聽見你的呼喚。 ,"     You translate the dwarvish:     

Stand between the pillars three
With gift as precious as the sky:
A rainbow forged from land, not sea
Then galaxies will heed your cry.
"
Gourmand_Reward,*Kriibbitt*... Yes... I am very pleased.|Here... This is for you.,咯哩哩哩……沒錯……謝謝李。浪我回想起了……過去，很久很久以前，多麼美好，小子……|給李……這個送給李。,"Kriibbitt... Yes... Thank-a da you. This bringin' me back... To da good times, long, long ago, bub...|Here... This da for you."
Gourmand_Request_2,"I would like to see the zesty ground fruit, which maketh the breath stink...",窩想要次辣個很刺激的地上的果子，會浪口氣變臭的辣個……,"Me wanna eat da zesty ground-fruit, but make da breath stink..."
Gourmand_RequestFailed,*Kriibbitt*... What is the meaning of this?! You haven't grown the thing which I seek... Now go!,咯哩哩哩……李沒有種窩想要的辣個東西……種上茲後再來早窩……,Kriibbitt... You no grow da thing I wish-a da see... Grow dis a thing and return-a ta me..
