15,"Technology Report!

The blueprints for an advanced piece of machinery called a 'Crystalarium' have recently been published.
 This machine can grow crystals from almost nothing, providing their owners with endless supplies of valuable gems!
Here's how it works: Place a gem of your choice inside the crystalarium...
now be patient, it can take up to several days... but eventually the crystalarium will grow a copy of whatever you placed inside!
You'll know it's ready when it stops wiggling. Once you remove your gem the crystalarium will start working on yet another clone... You'll never need to restock it unless you want to change the kind of gem it produces!
Unfortunately, the crystalarium doesn't work with the extremely rare gemstone known as 'Prismatic Shard'... For some reason, the EMF from the shard interacts negatively with the crystalarium.",——科技報告！——某種名為“寶石複製機”的先進科學機器的設計藍圖已被發布。這個機器可以憑空種出水晶，為其擁有者提供源源不絕的貴重寶石！以下為使用說明：將選好的寶石放入機器之中……然後耐心等待，多日之後，寶石複製機便會將你放入的寶石完美複製！當機器停止抖動時，就證明工作完成了。在你取走寶石之後，寶石複製機便會繼續複製寶石的工作……除非想要更改所生產的寶石種類，否則就無需更換原寶石！可惜的是，這機器無法複製極為稀有的“五彩碎片”寶石……不知為何，這種碎片的電動勢對機器有所排斥。,"Technology Report!

The blueprints for an advanced piece of machinery called a 'Crystalarium' have recently been published.
 This machine can grow crystals from almost nothing, providing their owners with endless supplies of valuable gems!
Here's how it works: Place a gem of your choice inside the crystalarium... 
now be patient, it can take up to several days... but eventually the crystalarium will grow a copy of whatever you placed inside!
You'll know it's ready when it stops wiggling. Once you remove your gem the crystalarium will start working on yet another clone... You'll never need to restock it unless you want to change the kind of gem it produces!
Unfortunately, the crystalarium doesn't work with the extremely rare gemstone known as 'Prismatic Shard'... For some reason, the EMF from the shard interacts negatively with the crystalarium."
10,"-~-Brewmaster's Guide-~-
   Ah... to brew!
The rich smell of yeast wafting through a cedar loft... The floral overtones of freshly cut hops on a winter's eve... but I digress. You are probably more interested in the practical side of brewing...
To brew, you will need a keg. I'll leave it up to you to devise blueprints for a keg.
Kegs can be used to make several kinds of product. If vegetables are placed inside, the keg will produce juice. Juice takes the least amount of time to brew.
If wheat is placed in the keg, it will produce beer. Beer takes a while to brew, but it is quite profitable.
Placing hops in a keg will produce the beloved 'Pale Ale'
Place fruit in the keg to make wine. Wine takes the longest of all to make, but a wine made from the finest fruit is worth quite a bit!
Be patient with your keg... you'll know it's finished when it's perfectly still. And only drink in moderation, or you'll surely regret it!",——釀酒師指南——^ 啊……釀酒！酵母濃郁的香氣從雪松閣樓中飄過……新伐木材的花一般的音調在冬季的夜晚起舞……但是我有點偏題了。你可能對釀酒的實用方面更感興趣……如果要釀酒，你需要一個小桶。首先你需要有小桶的藍圖。小桶可以用來盛裝多種產品。如果將蔬菜放在裡面，小桶會產生蔬菜汁。蔬菜汁的釀造時間最短。如果將小麥放在桶裡，會產生啤酒。啤酒需要一段時間來釀造，但它很能賺錢。將啤酒花放在小桶裡將釀造深受喜愛的“淡啤酒”，將水果放在小桶中來釀造果酒。果酒的釀造時間最長，但是由最好的水果製成的果酒非常值得等待！對你的小桶保持耐心……當它完全靜止時就釀好了。適量飲用，否則你一定會後悔的！,"-~-Brewmaster's Guide-~-
   Ah... to brew! 
The rich smell of yeast wafting through a cedar loft... The floral overtones of freshly cut hops on a winter's eve... but I digress. You are probably more interested in the practical side of brewing...
To brew, you will need a keg. I'll leave it up to you to devise blueprints for a keg.
Kegs can be used to make several kinds of product. If vegetables are placed inside, the keg will produce juice. Juice takes the least amount of time to brew.
If wheat is placed in the keg, it will produce beer. Beer takes a while to brew, but it is quite profitable.
Placing hops in a keg will produce the beloved 'Pale Ale'
Place fruit in the keg to make wine. Wine takes the longest of all to make, but a wine made from the finest fruit is worth quite a bit!
Be patient with your keg... you'll know it's finished when it's perfectly still. And only drink in moderation, or you'll surely regret it!"
7,"The Secret of the Stardrop
--
For thousands of years, people have been intrigued by the mysterious powers of the stardrop... but no one knows where they come from!
 Professor R. J. Kutler, a leading researcher on strange fruit, says this: 'We've discovered traces of genetic material on meteorites that closely resemble the Stardrop, but it's not a proven match'.
Regardless of where they come from, the peculiar fruit is said to be uncommonly delicious... and some even claim they grant special power to those who eat them.",星之果實的秘密——幾千年以來，人們一直對星之果實的神秘力量感到好奇……但是從來沒有人知道它們的來歷。R.J.庫特勒教授是奇異水果研究方面的領軍人物，他是這麼說的：“我們已經發現，隕石上面找到的遺傳物質跟星之果實的遺傳資訊十分相似，不過未能證實兩者是完全一致的。”無論它們來自何方，可以肯定的是這種奇妙的水果非常的美味……甚至傳聞有人在吃了這些水果後獲得了特殊的能力。,"The Secret of the Stardrop 
--
For thousands of years, people have been intrigued by the mysterious powers of the stardrop... but no one knows where they come from!
 Professor R. J. Kutler, a leading researcher on strange fruit, says this: 'We've discovered traces of genetic material on meteorites that closely resemble the Stardrop, but it's not a proven match'.
Regardless of where they come from, the peculiar fruit is said to be uncommonly delicious... and some even claim they grant special power to those who eat them."
3,"The Fisherman, Act I:
Tex: Gordy, how do you catch so many fish? For me, it takes forever!
Gordy: You must make the choice to become a true fisherman... and over time your fishing speed will increase!
Tex: So you're saying that improving my fishing skill will make me fish faster?
Gordy: Correct. One day you may even learn the secret to creating your very own bobbers, improving your mastery even more. Now, begone!",漁夫，第一幕。泰克斯：戈爾迪，你是怎麼釣到這麼多魚的？我怎麼努力都做不到你那麼厲害！戈爾迪：你必須選擇成為職業漁夫……然後通過訓練逐漸提升釣魚的速度！泰克斯：所以你是說提升釣魚技能就能加快釣魚的速度？戈爾迪：是的。你甚至能掌握到製作浮標的技術，進一步提升捕魚能力。話就到此了，你走吧！,"The Fisherman, Act I: 
Tex: Gordy, how do you catch so many fish? For me, it takes forever!
Gordy: You must make the choice to become a true fisherman... and over time your fishing speed will increase!
Tex: So you're saying that improving my fishing skill will make me fish faster?
Gordy:Correct. One day you may even learn the secret to creating your very own bobbers, improving your mastery even more. Now, begone!"
13,"Marriage Guide For Farmers
Before you ask someone to marry you, you'll have to date them for a while first (Ask someone to date you with a bouquet from Pierre's).
 When you're ready to pop the big question, you'll need to give them a 'Mermaid's Pendant'. Everyone knows what it means when you present them with one of those.
 It's rumored that on stormy days, the ghost of an old mariner appears in Stardew Valley, clutching just such a pendant.
 After the wedding ceremony, your partner will move in with you. Remember to treat your spouse well... They still like gifts even after marriage!

(Paid for by Pierre)",——農民結婚手冊——在你向任何人求婚之前，你得先跟對方約會一段時間（用皮耶爾商店裡面的花束來約會對象）。而在你求婚前，你得先準備一個“美人魚墜飾”。所有人都知道這個墜飾所代表的意義。傳說在狂風暴雨的日子，星露谷會出現一個老水手的鬼魂，其手中就是抓著這樣的一個墜飾。在婚禮之後，你的伴侶會搬過來跟你一起住。記得要好好對待你的新婚伴侶……即使在結婚以後他們依然會喜歡收到禮物！（此文章由皮耶爾友情贊助）,"Marriage Guide For Farmers
Before you ask someone to marry you, you'll have to date them for a while first (Ask someone to date you with a bouquet from Pierre's).
 When you're ready to pop the big question, you'll need to give them a 'Mermaid's Pendant'. Everyone knows what it means when you present them with one of those.
 It's rumored that on stormy days, the ghost of an old mariner appears in Stardew Valley, clutching just such a pendant.
 After the wedding ceremony, your partner will move in with you. Remember to treat your spouse well... They still like gifts even after marriage!
 
(Paid for by Pierre)"
14,"The Fisherman, Act II:
Tex: Gordy, tell me your best fisherman's story.
Gordy: *deep sigh*...I've caught a lot of big fish in my time...And some that are very rare and difficult...But there was one that I struggled to catch for three days and three nights
Gordy: I call this fish... 'The Legend'. He was a huge beast... And the harder I tugged on the line, the harder he tugged back. I let my guard down for a moment and he snapped my boat in two. I've never fished since.
Tex: Do you think anyone will ever catch him?
Gordy: Hmm... If this person were a master at fishing, and caught all other rare fish first, and made sure they ate the correct kind of food... then maybe. Above all you've got to have respect for the water, son.
Tex:...son? Do you mean... you're...
 ...f...father?
Gordy: Yes, my boy.

**Dramatic Music as the curtains fall**",漁夫，第二幕。泰克斯：戈爾迪，給我講講你最棒的有關漁夫的故事吧。戈爾迪：*嘆氣*……我以前可抓到過不少大魚，有很多是很稀有很難抓的種類……但有一隻魚和我整整搏鬥了三天三夜。戈爾迪：我將這魚叫做……“傳說之魚”。那傢伙個頭很大……我越用力拉線，他也就越用力掙扎。我一走神，它就把我的船弄成了兩半。在那之後我就再也沒釣過魚了。泰克斯：你覺得以後會有人抓住他嗎？戈爾迪：唔……如果這人是個捕魚大師，又抓到過所有稀有魚類，還確保它們都得以正確餵養的話……也許會的吧。畢竟你要尊重水這種東西啊，兒子。泰克斯：……兒子……？難道你是……我父親？戈爾迪：沒錯，我就是你父親。**狗血的音樂響起**,"The Fisherman, Act II: 
Tex: Gordy, tell me your best fisherman's story.
Gordy: *deep sigh*...I've caught a lot of big fish in my time...And some that are very rare and difficult...But there was one that I struggled to catch for three days and three nights
Gordy: I call this fish... 'The Legend'. He was a huge beast... And the harder I tugged on the line, the harder he tugged back. I let my guard down for a moment and he snapped my boat in two. I've never fished since.
Tex: Do you think anyone will ever catch him?
Gordy: Hmm... If this person were a master at fishing, and caught all other rare fish first, and made sure they ate the correct kind of food... then maybe. Above all you've got to have respect for the water, son.
Tex:...son? Do you mean... you're...
 ...f...father?
Gordy: Yes, my boy.

**Dramatic Music as the curtains fall**"
