Sam,Sam,山姆,New line from v1.6
Evelyn,Evelyn,伊芙琳,New line from v1.6
Abigail,Abigail,阿比蓋爾,New line from v1.6
Clint,Clint,克林,New line from v1.6
Maru,Maru,瑪魯,New line from v1.6
Lewis,Lewis,路易斯,New line from v1.6
Dwarf,Dwarf,矮人,New line from v1.6
Krobus,Krobus,柯洛布斯,New line from v1.6
Shane,Shane,謝恩,New line from v1.6
Harvey,Harvey,哈維,New line from v1.6
Penny,Penny,佩妮,New line from v1.6
Demetrius,Demetrius,迪馬崔斯,New line from v1.6
Marnie,Marnie,瑪妮,New line from v1.6
Jas,Jas,潔絲,New line from v1.6
Pam,Pam,潘姆,New line from v1.6
Leah,Leah,莉亞,New line from v1.6
Gus,Gus,格斯,New line from v1.6
Willy,Willy,威利,New line from v1.6
Robin,Robin,羅賓,New line from v1.6
Kent,Kent,肯特,New line from v1.6
Linus,Linus,萊納斯,New line from v1.6
Emily,Emily,艾米麗,New line from v1.6
Wizard,Wizard,巫師,New line from v1.6
Alex,Alex,艾力克斯,New line from v1.6
Leo,Leo,雷歐,New line from v1.6
Pierre,Pierre,皮耶爾,New line from v1.6
George,George,喬治,New line from v1.6
Haley,Haley,海莉,New line from v1.6
Caroline,Caroline,卡洛琳,New line from v1.6
Vincent,Vincent,文森,New line from v1.6
Sebastian,Sebastian,賽巴斯汀,New line from v1.6
Sandy,Sandy,沙蒂,New line from v1.6
Jodi,Jodi,喬蒂,New line from v1.6
ProfessorSnail,Professor Snail,蝸牛教授,New line from v1.6
Elliott,Elliott,艾略特,New line from v1.6
Kel,Removed,Removed,Kel
