Pants_Name,Pants,裤子,New line from v1.6
Pants_Description,A wearable pair of pants.,可以穿的裤子。,New line from v1.6
FarmerPants_Name,Farmer Pants,农夫裤,New line from v1.6
FarmerPants_Description,Comfortable and durable for long hours in the field.,舒适耐用，适合长时间田间劳作。,New line from v1.6
Shorts_Name,Shorts,短裤,New line from v1.6
Shorts_Description,Perfect for a hot summer's day... your legs will thank you.,炎炎夏日的绝配……你的腿会很感激。,New line from v1.6
Dress_Name,Long Dress,长裙,New line from v1.6
Dress_Description,"A long, flowy dress.",长长的、飘逸的裙子。,New line from v1.6
Skirt_Name,Skirt,短裙,New line from v1.6
Skirt_Description,A cute skirt.,漂亮的裙子。,New line from v1.6
PleatedSkirt_Name,Pleated Skirt,褶裙,New line from v1.6
PleatedSkirt_Description,A cute pleated skirt.,漂亮的褶裙。,New line from v1.6
DinosaurPants_Name,Dinosaur Pants,恐龙裤,New line from v1.6
DinosaurPants_Description,These pants were thought to have gone extinct a long time ago!,大家都以为这种裤子很久以前就灭绝了！,New line from v1.6
GrassSkirt_Name,Grass Skirt,草裙,New line from v1.6
GrassSkirt_Description,A skirt made of dried grass.,干草编织的裙子。,New line from v1.6
LuauSkirt_Name,Luau Skirt,夏威夷草裙,New line from v1.6
LuauSkirt_Description,A skirt destined to make you the 'luau' the party!,注定让你成为派对之星的裙子！,New line from v1.6
GeniePants_Name,Genie Pants,精灵裤,New line from v1.6
GeniePants_Description,Pants that balloon out near the bottom. Your wish has been answered!,下端鼓出来的裤子。你的愿望实现了！,New line from v1.6
TightPants_Name,Tight Pants,紧身裤,New line from v1.6
TightPants_Description,A very tight pair of pants.,很紧的裤子。,New line from v1.6
BaggyPants_Name,Baggy Pants,宽松裤,New line from v1.6
BaggyPants_Description,A loose pair of pants.,很宽松的裤子。,New line from v1.6
SimpleDress_Name,Simple Dress,简单长裙,New line from v1.6
SimpleDress_Description,"A soft, smooth, medium length dress.",柔软光滑、中等长度的裙子。,New line from v1.6
RelaxedFitPants_Name,Relaxed Fit Pants,休闲裤,New line from v1.6
RelaxedFitPants_Description,These pants have a little more room for the legs.,这条裤子给腿留出了更多空间。,New line from v1.6
RelaxedFitShorts_Name,Relaxed Fit Shorts,休闲短裤,New line from v1.6
RelaxedFitShorts_Description,These shorts have a little more room for the legs.,这条短裤给腿留出了更多空间。,New line from v1.6
PolkaDotShorts_Name,Polka Dot Shorts,圆点短裤,New line from v1.6
PolkaDotShorts_Description,Whoops!,哦呀！,New line from v1.6
TrimmedLuckyPurpleShorts_Name,Trimmed Lucky Purple Shorts,镶边幸运紫色短裤,New line from v1.6
TrimmedLuckyPurpleShorts_Description,Purple silk shorts trimmed in luxurious gold...,镶了金边的紫色丝织短裤……,New line from v1.6
PrismaticPants_Name,Prismatic Pants,五彩裤子,New line from v1.6
PrismaticPants_Description,Pants that shimmer with prismatic energy.,有五彩能量而微微发光的裤子。,New line from v1.6
PrismaticGeniePants_Name,Prismatic Genie Pants,五彩神怪裤,New line from v1.6
PrismaticGeniePants_Description,Pants that shimmer with prismatic energy.,有五彩能量而微微发光的裤子。,New line from v1.6
