Shirt_Name,Shirt,上衣,New line from v1.6
Shirt_Description,A wearable shirt.,可以穿的上衣。,New line from v1.6
ClassicOveralls_Name,Classic Overalls,经典背带裤,New line from v1.6
ClassicOveralls_Description,A farming classic.,农场经典。,New line from v1.6
MintBlouse_Name,Mint Blouse,薄荷女式衬衫,New line from v1.6
MintBlouse_Description,"A cute, light green blouse.",漂亮的淡绿色女式衬衫。,New line from v1.6
DarkShirt_Name,Dark Shirt,深色上衣,New line from v1.6
DarkShirt_Description,A dark colored shirt.,颜色很深的上衣。,New line from v1.6
SkullShirt_Name,Skull Shirt,骷髅T恤,New line from v1.6
SkullShirt_Description,A shirt with a menacing skull printed on it.,印有可怕的骷髅头骨的T恤衫。,New line from v1.6
LightBlueShirt_Name,Light Blue Shirt,浅蓝色上衣,New line from v1.6
LightBlueShirt_Description,A light blue shirt.,浅蓝色的上衣。,New line from v1.6
TanStripedShirt_Name,Tan Striped Shirt,棕黄色条纹衫,New line from v1.6
TanStripedShirt_Description,A tan shirt with a white stripe going through the middle of it.,中间有白色条纹的棕黄色上衣。,New line from v1.6
GreenOveralls_Name,Green Overalls,绿色背带裤,New line from v1.6
GreenOveralls_Description,A slightly less popular farming classic.,稍稍不那么受人欢迎的农场经典。,New line from v1.6
GoodGriefShirt_Name,"""Good Grief"" Shirt",“Good Grief”衫,New line from v1.6
GoodGriefShirt_Description,A good ol' shirt...,过去的好T恤衫……,New line from v1.6
AquamarineShirt_Name,Aquamarine Shirt,海蓝色上衣,New line from v1.6
AquamarineShirt_Description,An aquamarine shirt.,海蓝色的上衣。,New line from v1.6
SuitTop_Name,Suit Top,西装上衣,New line from v1.6
SuitTop_Description,A formal top for fancy events and celebrations.,活动和庆典时穿的正式上衣。,New line from v1.6
GreenBeltedShirt_1011_Name,Green Belted Shirt,绿色腰带衫,New line from v1.6
GreenBeltedShirt_1011_Description,"A green, belted shirt.",绿色的、有腰带的上衣。,New line from v1.6
LimeGreenStripedShirt_Name,Lime Green Striped Shirt,黄绿色条纹衫,New line from v1.6
LimeGreenStripedShirt_Description,A lime green shirt with white stripes.,有白色条纹的黄绿色上衣。,New line from v1.6
RedStripedShirt_Name,Red Striped Shirt,红色条纹衫,New line from v1.6
RedStripedShirt_Description,A red shirt with white stripes.,有白色条纹的红色上衣。,New line from v1.6
SkeletonShirt_Name,Skeleton Shirt,骨架T恤,New line from v1.6
SkeletonShirt_Description,A shirt with a skeletal rib cage printed on it.,印有骷髅肋骨架的T恤衫。,New line from v1.6
OrangeShirt_Name,Orange Shirt,橘黄色上衣,New line from v1.6
OrangeShirt_Description,An orange shirt.,橘黄色的上衣。,New line from v1.6
NightSkyShirt_Name,Night Sky Shirt,夜空T恤,New line from v1.6
NightSkyShirt_Description,A shirt that reminds you of the night sky.,能让你想起夜空的T恤衫。,New line from v1.6
MayoralSuspenders_Name,Mayoral Suspenders,镇长吊带衫,New line from v1.6
MayoralSuspenders_Description,A pair of suspenders that looks awfully familiar...,看起来贼熟悉的吊带衫……,New line from v1.6
BrownJacket_Name,Brown Jacket,棕色夹克衫,New line from v1.6
BrownJacket_Description,"A nice, sturdy jacket made of brown material.",用棕色面料制成的漂亮耐用的夹克衫。,New line from v1.6
SailorShirt_Name,Sailor Shirt,水手服,New line from v1.6
SailorShirt_Description,Reminds you of the open sea.,让你想起广袤的大海。,New line from v1.6
GreenVest_Name,Green Vest,绿色背心,New line from v1.6
GreenVest_Description,A neat green vest over a shirt.,衬衣外面再穿一件绿色背心。,New line from v1.6
YellowandGreenShirt_Name,Yellow and Green Shirt,黄绿上衣,New line from v1.6
YellowandGreenShirt_Description,A yellow shirt with a green stripe.,有绿色条纹的黄色上衣。,New line from v1.6
LightBlueStripedShirt_Name,Light Blue Striped Shirt,浅蓝色条纹衫,New line from v1.6
LightBlueStripedShirt_Description,A light blue shirt with a white stripe.,有白色条纹的浅蓝色上衣。,New line from v1.6
PinkStripedShirt_Name,Pink Striped Shirt,粉色条纹衫,New line from v1.6
PinkStripedShirt_Description,A pink shirt with stripes.,有条纹的粉色上衣。,New line from v1.6
WorkShirt_Name,Work Shirt,工作服,New line from v1.6
WorkShirt_Description,For long days in the fields.,为持久的田间劳作而生。,New line from v1.6
StoreOwnersJacket_Name,Store Owner's Jacket,店主的夹克衫,New line from v1.6
StoreOwnersJacket_Description,A jacket that looks like it'd be worn by a small town merchant.,看起来像是小镇的商人会穿的夹克衫。,New line from v1.6
GreenTunic_Name,Green Tunic,绿色束腰上衣,New line from v1.6
GreenTunic_Description,A shirt fit for an adventurer.,适合冒险者穿的上衣。,New line from v1.6
FancyRedBlouse_Name,Fancy Red Blouse,靓红女式衬衫,New line from v1.6
FancyRedBlouse_Description,A bright red blouse adorned with shiny yellow buttons.,饰有黄色纽扣的亮红色女式衬衫。,New line from v1.6
PlainShirt_Name_Female,Plain Shirt (F),白T恤 (F),New line from v1.6
PlainShirt_Name_Male,Plain Shirt (M),白T恤 (M),New line from v1.6
PlainShirt_Description,A simple shirt.,简单的T恤衫。,New line from v1.6
RetroRainbowShirt_Name,Retro Rainbow Shirt,复古彩虹衫,New line from v1.6
RetroRainbowShirt_Description,A simple shirt with a faded rainbow pattern.,有暗淡彩虹图案的T恤衫。,New line from v1.6
LimeGreenTunic_Name,Lime Green Tunic,黄绿色束腰上衣,New line from v1.6
LimeGreenTunic_Description,A bright green tunic with a belt.,有腰带的黄绿色宽松上衣。,New line from v1.6
NeatBowShirt_Name,Neat Bow Shirt,平整领结衫,New line from v1.6
NeatBowShirt_Description,A neat button down shirt with a prominent bow tie.,别有显眼的领结的平整纽扣衫。,New line from v1.6
ShirtAndTie_Name,Shirt And Tie,领带衬衫,New line from v1.6
ShirtAndTie_Description,A white dress shirt and a tie.,有领带的白衬衫。,New line from v1.6
EmilysMagicShirt_Name,Emily's Magic Shirt,艾米丽的魔法衣,New line from v1.6
EmilysMagicShirt_Description,Made with love by Emily. Colored with all-natural dye!,艾米丽爱心打造。染料都是纯天然！,New line from v1.6
StripedShirt_Name,Striped Shirt,条纹衫,New line from v1.6
StripedShirt_Description,It's a shirt with faint stripes on it.,有暗淡条纹的上衣。,New line from v1.6
TankTop_Name_Female,Tank Top (F),背心 (F),New line from v1.6
TankTop_Name_Male,Tank Top (M),背心 (M),New line from v1.6
TankTop_Description,A sleeveless shirt.,无袖上衣。,New line from v1.6
CowboyPoncho_Name,Cowboy Poncho,牛仔披风,New line from v1.6
CowboyPoncho_Description,A legendary outfit from the old west.,旧时西部的传奇装备。,New line from v1.6
CropTankTop_Name_Female,Crop Tank Top (F),短背心 (F),New line from v1.6
CropTankTop_Name_Male,Crop Tank Top (M),短背心 (M),New line from v1.6
CropTankTop_Description,A sleeveless shirt cut extra short on the bottom.,无袖上衣，裁短了下摆。,New line from v1.6
BikiniTop_Name,Bikini Top,比基尼上装,New line from v1.6
BikiniTop_Description,A summer staple.,夏季必备。,New line from v1.6
WumbusShirt_Name,Wumbus Shirt,温布斯T恤,New line from v1.6
WumbusShirt_Description,A shirt featuring a strange green guy.,主题是一个奇怪的绿家伙的T恤衫。,New line from v1.6
80sShirt_Name_Female,80's Shirt (F),80's衬衣 (F),New line from v1.6
80sShirt_Name_Male,80's Shirt (M),80's衬衣 (M),New line from v1.6
80sShirt_Description,A gnarly t-shirt that sits off the shoulder.,顶好的露肩衬衣。,New line from v1.6
LettermanJacket_Name,Letterman Jacket,运动员夹克,New line from v1.6
LettermanJacket_Description,A jacket that's oozing with team spirit.,充满团队精神的夹克衫。,New line from v1.6
BlackLeatherJacket_Name,Black Leather Jacket,黑皮夹克,New line from v1.6
BlackLeatherJacket_Description,A cool jacket made of dark black leather.,很酷的深黑色皮夹克。,New line from v1.6
StrappedTop_Name,Strapped Top,吊带上衣,New line from v1.6
StrappedTop_Description,A top with a thin strap.,有细吊带的上衣。,New line from v1.6
ButtonDownShirt_Name,Button Down Shirt,纽扣衬衫,New line from v1.6
ButtonDownShirt_Description,"A simple, clean shirt.",简单的纯色衬衫。,New line from v1.6
CropTopShirt_Name,Crop Top Shirt,短上衣,New line from v1.6
CropTopShirt_Description,A shirt cut extra short on the bottom.,下摆裁短的上衣。,New line from v1.6
TubeTop_Name,Tube Top,抹胸背心,New line from v1.6
TubeTop_Description,A strapless top that wraps around the body.,无吊带的围绕式上衣。,New line from v1.6
TieDyeShirt_Name,Tie Dye Shirt,扎染上衣,New line from v1.6
TieDyeShirt_Description,A shirt that was tied up and then dipped into multiple colored dyes.,扎起来后浸入彩色染料的上衣。,New line from v1.6
SteelBreastplate_Name,Steel Breastplate,钢胸甲,New line from v1.6
SteelBreastplate_Description,Decorative armor made from steel.,钢制的装饰铠甲。,New line from v1.6
CopperBreastplate_Name,Copper Breastplate,铜胸甲,New line from v1.6
CopperBreastplate_Description,Decorative armor made from copper.,铜质的装饰铠甲。,New line from v1.6
GoldBreastplate_Name,Gold Breastplate,金胸甲,New line from v1.6
GoldBreastplate_Description,Decorative armor made from solid gold.,纯金的装饰铠甲。,New line from v1.6
IridiumBreastplate_Name,Iridium Breastplate,铱胸甲,New line from v1.6
IridiumBreastplate_Description,Decorative armor made from pure iridium.,纯铱制的装饰胸甲。,New line from v1.6
FakeMusclesShirt_Name,Fake Muscles Shirt,冒充肌肉T恤,New line from v1.6
FakeMusclesShirt_Description,"You could hit the gym, or you could just wear this instead.",要是你没时间去健身房，那就穿这件吧。,New line from v1.6
FlannelShirt_Name,Flannel Shirt,法兰绒上衣,New line from v1.6
FlannelShirt_Description,A nice thick button down shirt with a cross-hatch pattern. Perfect for cold winters.,有网格图案的带纽扣外衣，很漂亮，也很厚实。非常适合寒冬时穿。,New line from v1.6
BomberJacket_Name,Bomber Jacket,轰炸机夹克,New line from v1.6
BomberJacket_Description,"A thick, sturdy jacket worn by fighter pilots long ago.",很久以前战斗机驾驶员穿的厚实耐用的夹克衫。,New line from v1.6
CavemanShirt_Name,Caveman Shirt,原始人上衣,New line from v1.6
CavemanShirt_Description,A stone-age classic!,石器时代的经典！,New line from v1.6
FishingVest_Name,Fishing Vest,钓鱼背心,New line from v1.6
FishingVest_Description,Lots of pockets to store your tackle.,有很多口袋，可以装下你的渔具。,New line from v1.6
FishShirt_Name,Fish Shirt,鱼T恤,New line from v1.6
FishShirt_Description,A shirt with a fish logo.,有一条鱼的图案的T恤衫。,New line from v1.6
ShirtAndBelt_Name,Shirt And Belt,衬衫皮带,New line from v1.6
ShirtAndBelt_Description,A plain shirt with a brown belt.,配有棕色皮带的纯色衬衫。,New line from v1.6
GrayHoodie_Name,Gray Hoodie,灰色卫衣,New line from v1.6
GrayHoodie_Description,A sporty gray pullover with a hood.,灰色的带兜帽套头衫，颇有运动风。,New line from v1.6
BlueHoodie_Name,Blue Hoodie,蓝色卫衣,New line from v1.6
BlueHoodie_Description,A sporty blue pullover with a hood.,蓝色的带兜帽套头衫，颇有运动风。,New line from v1.6
RedHoodie_Name,Red Hoodie,红色卫衣,New line from v1.6
RedHoodie_Description,A sporty red pullover with a hood.,红色的带兜帽套头衫，颇有运动风。,New line from v1.6
DenimJacket_Name,Denim Jacket,牛仔夹克,New line from v1.6
DenimJacket_Description,A rugged jacket made from denim.,牛仔布面料的耐用夹克衫。,New line from v1.6
TrackJacket_Name,Track Jacket,运动风衣,New line from v1.6
TrackJacket_Description,A light jacket made from elastic material.,轻质的弹性面料夹克衫。,New line from v1.6
WhiteGi_Name,White Gi,白色武术服,New line from v1.6
WhiteGi_Description,A loose garment typically worn by martial artists.,武术家常穿的宽松外衣。,New line from v1.6
OrangeGi_Name,Orange Gi,橘色武术服,New line from v1.6
OrangeGi_Description,A loose garment typically worn by martial artists.,武术家常穿的宽松外衣。,New line from v1.6
GrayVest_Name,Gray Vest,灰色背心,New line from v1.6
GrayVest_Description,A gray vest over a white shirt.,白色衬衣外面再穿一件灰色背心。,New line from v1.6
KelpShirt_Name,Kelp Shirt,海藻上衣,New line from v1.6
KelpShirt_Description,"It looks like you just washed up on the beach. Smells like it, too.",让你看起来像在海滩被水洗了一样。气味也很像。,New line from v1.6
StuddedVest_Name,Studded Vest,带刺背心,New line from v1.6
StuddedVest_Description,A black vest studded with metal spikes.,装有金属刺的黑色背心。,New line from v1.6
GaudyShirt_Name,Gaudy Shirt,花哨上衣,New line from v1.6
GaudyShirt_Description,It's a therapeutic blue...,这蓝色看着很舒服……,New line from v1.6
OasisGown_Name,Oasis Gown,绿洲礼服,New line from v1.6
OasisGown_Description,The jewel of the desert.,沙漠中的宝石。,New line from v1.6
BlacksmithApron_Name,Blacksmith Apron,铁匠围裙,New line from v1.6
BlacksmithApron_Description,Handed down from one generation to the next.,一代代工匠的传承。,New line from v1.6
HighWaistedShirt_DyeableBottom_Name,High-Waisted Shirt,高腰上衣,New line from v1.6
HighWaistedShirt_DyeableBottom_Description,"The high-waisted pants look, with a dyeable bottom.",外表像穿了高腰裤，下摆可以染色。,New line from v1.6
HighWaistedShirt_DyeableTop_Name,High-Waisted Shirt,高腰上衣,New line from v1.6
HighWaistedShirt_DyeableTop_Description,"The high-waisted jeans look, with a dyeable top.",外表像穿了高腰牛仔裤，下摆可以染色。,New line from v1.6
BasicPullover_Name_Female,Basic Pullover (F),普通套头衫 (F),New line from v1.6
BasicPullover_Name_Male,Basic Pullover (M),普通套头衫 (M),New line from v1.6
BasicPullover_Description,It's a plain pullover.,纯色的套头衫。,New line from v1.6
TurtleneckSweater_Name,Turtleneck Sweater,龟脖毛衣,New line from v1.6
TurtleneckSweater_Description,Keep that neck piping hot.,让脖子热热的。,New line from v1.6
IridiumEnergyShirt_Name,Iridium Energy Shirt,铱能量上衣,New line from v1.6
IridiumEnergyShirt_Description,Show off your iridium energy.,炫耀你的铱能量。,New line from v1.6
TunnelersJersey_Name,Tunnelers Jersey,隧道队球衣,New line from v1.6
TunnelersJersey_Description,It's a jersey for the Zuzu City Tunnelers.,祖祖城隧道队的球衣。,New line from v1.6
GraySuit_Name,Gray Suit,灰色西装,New line from v1.6
GraySuit_Description,It's a custom-tailored gray suit.,专门定做的灰色西装。,New line from v1.6
RedTuxedo_Name,Red Tuxedo,红色无尾礼服,New line from v1.6
RedTuxedo_Description,An elegant top for formal events.,正式场合穿的考究上衣。,New line from v1.6
NavyTuxedo_Name,Navy Tuxedo,藏青色无尾礼服,New line from v1.6
NavyTuxedo_Description,An elegant top for formal events.,正式场合穿的考究上衣。,New line from v1.6
HolidayShirt_Name,Holiday Shirt,节日上衣,New line from v1.6
HolidayShirt_Description,Celebrate the Feast of the Winter Star.,庆祝冬日星盛宴。,New line from v1.6
LeafyTop_Name,Leafy Top,叶子上衣,New line from v1.6
LeafyTop_Description,Real leaves adorn this garment.,用真的叶子装饰的衣服。,New line from v1.6
GoodnightShirt_Name,Goodnight Shirt,晚安睡衣,New line from v1.6
GoodnightShirt_Description,A big baggy nightshirt with a detailed moon graphic.,宽大的睡衣，上面有精致的月亮图案。,New line from v1.6
GreenBeltedShirt_1189_Name,Green Belted Shirt,绿色皮带衬衫,New line from v1.6
GreenBeltedShirt_1189_Description,A green shirt with a belt.,配有皮带的绿色衬衫。,New line from v1.6
HappyShirt_Name,Happy Shirt,笑脸T恤,New line from v1.6
HappyShirt_Description,It's the happiest shirt.,这可是最开心的T恤衫。,New line from v1.6
ShirtwithBow_Name,Shirt with Bow,衬衫领结,New line from v1.6
ShirtwithBow_Description,This shirt comes with a little bow around the neck.,这件衬衫颈部配有一个小领结。,New line from v1.6
JesterShirt_Name,Jester Shirt,丑角上衣,New line from v1.6
JesterShirt_Description,Put your inner clown on display.,把你心中的小丑展示出来。,New line from v1.6
OceanShirt_Name,Ocean Shirt,海洋上衣,New line from v1.6
OceanShirt_Description,The shirt looks like underwater ripples.,看起来像水下涟漪的上衣。,New line from v1.6
DarkStripedShirt_Name,Dark Striped Shirt,深色条纹衫,New line from v1.6
DarkStripedShirt_Description,A dark shirt with colorful stripes.,有彩色条纹的深色上衣。,New line from v1.6
BandanaShirt_1195_Name,Bandana Shirt,丝巾上衣,New line from v1.6
BandanaShirt_1195_Description,A shirt with a bandana that keeps your neck very clean.,这件上衣围有丝巾，可以让你的脖子保持洁净。,New line from v1.6
BackpackShirt_Name,Backpack Shirt,背包T恤,New line from v1.6
BackpackShirt_Description,A plain shirt with a canvas backpack.,带一个帆布背包的纯色T恤衫。,New line from v1.6
PurpleBlouse_Name,Purple Blouse,紫色女式衬衫,New line from v1.6
PurpleBlouse_Description,A stunning purple blouse.,令人惊叹的紫色女式衬衫。,New line from v1.6
VintagePolo_Name,Vintage Polo,老式Polo衫,New line from v1.6
VintagePolo_Description,It's faded from age and smells like old closet.,由于年代久远已经褪色，散发着旧衣柜的味道。,New line from v1.6
TogaShirt_Name,Toga Shirt,托加长袍,New line from v1.6
TogaShirt_Description,"It's an old design, but the airflow is really nice!",这种设计很古老，但是透气性真的很棒！,New line from v1.6
StarShirt_Name,Star Shirt,星星T恤,New line from v1.6
StarShirt_Description,"The star is supposed to glow in the dark, but it doesn't.",这颗星星本应该在黑暗中闪闪发光，然而并没有。,New line from v1.6
ClassyTop_Name_Female,Classy Top (F),时髦上衣 (F),New line from v1.6
ClassyTop_Name_Male,Classy Top (M),时髦上衣 (M),New line from v1.6
ClassyTop_Description,It feels like the softest velvet.,面料是触感最柔软的天鹅绒。,New line from v1.6
BandanaShirt_1203_Name,Bandana Shirt,丝巾上衣,New line from v1.6
BandanaShirt_1203_Description,A shirt with a bandana to shield your neck from harm.,这件上衣围有丝巾，可以替你的脖子挡住伤害。,New line from v1.6
VacationShirt_Name,Vacation Shirt,假日T恤,New line from v1.6
VacationShirt_Description,It's a tourist shirt from the Fern Islands.,芬群岛的旅游T恤衫。,New line from v1.6
GreenThumbShirt_Name,Green Thumb Shirt,园丁上衣,New line from v1.6
GreenThumbShirt_Description,It comes pre-rubbed with potting soil.,上面本来就沾有盆栽土。,New line from v1.6
BandanaShirt_Name,Bandana Shirt,丝巾上衣,New line from v1.6
BandanaShirt_Description,A shirt with a bandana to keep your neck soft.,这件上衣围有丝巾，可以让你的脖子保持柔软。,New line from v1.6
SlimeShirt_Name,Slime Shirt,史莱姆T恤,New line from v1.6
SlimeShirt_Description,A shirt that looks like a big slime.,看起来像一个超大史莱姆的T恤衫。,New line from v1.6
ExcavatorShirt_Name,Excavator Shirt,挖掘机上衣,New line from v1.6
ExcavatorShirt_Description,Look sharp while digging for fossils.,穿着它去发掘古化石肯定会很靓。,New line from v1.6
SportsShirt_Name,Sports Shirt,运动衫,New line from v1.6
SportsShirt_Description,Knock it out of the park with this classic look.,经典样式可以让你表现出彩。,New line from v1.6
HeartShirt_Name,Heart Shirt,爱心T恤,New line from v1.6
HeartShirt_Description,Wear your heart on your sleeves with this extra soft garment.,把你的爱心穿在这超软的衣袖上。,New line from v1.6
DarkJacket_Name,Dark Jacket,深色夹克,New line from v1.6
DarkJacket_Description,A dark denim jacket lined with fleece.,摇粒绒内衬的深色牛仔夹克衫。,New line from v1.6
SunsetShirt_Name,Sunset Shirt,日落T恤,New line from v1.6
SunsetShirt_Description,A shirt inspired by the most evocative time of day.,这件T恤衫的灵感来自于一天中最引人共鸣的时刻。,New line from v1.6
ChefCoat_Name,Chef Coat,厨师工作服,New line from v1.6
ChefCoat_Description,The traditional uniform of a head chef.,传统的主厨工作服。,New line from v1.6
ShirtOTheSea_Name,Shirt O' The Sea,大海T恤,New line from v1.6
ShirtOTheSea_Description,It smells like the brine of the sea.,闻起来有海水的咸味。,New line from v1.6
ArcaneShirt_Name,Arcane Shirt,神秘衣,New line from v1.6
ArcaneShirt_Description,You can feel a certain power from this garment.,你能从这件衣服中感受到一股力量。,New line from v1.6
PlainOveralls_Name,Plain Overalls,纯色背带裤,New line from v1.6
PlainOveralls_Description,Classic overalls with a shirt that can be dyed.,经典的背带裤，上衣可以染色。,New line from v1.6
SleevelessOveralls_Name,Sleeveless Overalls,无袖背带裤,New line from v1.6
SleevelessOveralls_Description,Classic overalls with a sleeveless shirt that can be dyed.,经典的背带裤，上衣无袖可以染色。,New line from v1.6
WhiteOverallsShirt_Name,White Overalls Shirt,白色背带裤上衣,New line from v1.6
WhiteOverallsShirt_Description,Classic overalls with a white shirt and belt.,经典的背带裤，上衣是白色的，配有皮带。,New line from v1.6
Cardigan_Name,Cardigan,开衫,New line from v1.6
Cardigan_Description,A soft button-up cardigan sweater.,柔软的带纽扣开襟毛衣。,New line from v1.6
YobaShirt_Name,Yoba Shirt,由巴上衣,New line from v1.6
YobaShirt_Description,A shirt featuring a prominent 'sign of the vessel'.,这件上衣的特色是显眼的“舰形符号”。,New line from v1.6
NecklaceShirt_Name,Necklace Shirt,项链T恤,New line from v1.6
NecklaceShirt_Description,A shirt with a gold necklace.,带有一条金项链的T恤衫。,New line from v1.6
BeltedCoat_Name,Belted Coat,皮带外套,New line from v1.6
BeltedCoat_Description,A velvety black coat with a prominent belt.,光滑柔软的黑色外套，配有一根显眼的皮带。,New line from v1.6
GoldTrimmedShirt_Name,Gold Trimmed Shirt,金边T恤,New line from v1.6
GoldTrimmedShirt_Description,A shirt with a gold trim.,有金边的T恤衫。,New line from v1.6
PrismaticShirt_Name,Prismatic Shirt,五彩T恤,New line from v1.6
PrismaticShirt_Description,It's shimmering with prismatic energy.,有五彩能量而微微发光的T恤衫。,New line from v1.6
PendantShirt_Name,Pendant Shirt,吊坠T恤,New line from v1.6
PendantShirt_Description,A shirt with a big pendant.,配有一个巨大吊坠的T恤衫。,New line from v1.6
HighHeatShirt_Name,High Heat Shirt,高热T恤,New line from v1.6
HighHeatShirt_Description,The shirt almost looks like it's on fire!,这T恤衫看起来像是烧着了！,New line from v1.6
FlamesShirt_Name,Flames Shirt,火焰T恤,New line from v1.6
FlamesShirt_Description,Look cool with hot flames.,有灼热的火焰，看起来酷冷酷冷的。,New line from v1.6
AntiquityShirt_Name,Antiquity Shirt,古老T恤,New line from v1.6
AntiquityShirt_Description,A shirt with an ancient pattern.,有古老图案的T恤衫。,New line from v1.6
SoftArrowShirt_Name,Soft Arrow Shirt,淡雅箭头T恤,New line from v1.6
SoftArrowShirt_Description,A soft-colored shirt with an upward arrow pattern.,颜色淡雅的T恤衫，上面有一个朝上的箭头图案。,New line from v1.6
DollShirt_Name,Doll Shirt,玩偶T恤,New line from v1.6
DollShirt_Description,A shirt featuring a strange ancient doll face.,有一个古怪的古代玩偶面相的T恤衫。,New line from v1.6
JewelryShirt_Name,Jewelry Shirt,珠宝T恤,New line from v1.6
JewelryShirt_Description,A shirt with a simple golden chain.,配有朴素金链的T恤衫。,New line from v1.6
CanvasJacket_Name,Canvas Jacket,帆布夹克,New line from v1.6
CanvasJacket_Description,A brown jacket with a fleece lining.,摇粒绒内衬的棕色夹克衫。,New line from v1.6
TrashCanShirt_Name,Trash Can Shirt,垃圾桶T恤,New line from v1.6
TrashCanShirt_Description,You're wearing a trash can.,你穿着一个垃圾桶。,New line from v1.6
RustyShirt_Name,Rusty Shirt,铁锈T恤,New line from v1.6
RustyShirt_Description,It's made to look like the shirt is full of rust.,这个设计是要T恤衫看起来满是锈迹。,New line from v1.6
CircuitboardShirt_Name,Circuitboard Shirt,电路板T恤,New line from v1.6
CircuitboardShirt_Description,The shirt looks like an electronics circuitboard.,这件T恤衫像是电路板。,New line from v1.6
FluffyShirt_Name,Fluffy Shirt,绒毛T恤,New line from v1.6
FluffyShirt_Description,It's fuzzy.,毛茸茸的。,New line from v1.6
SauceStainedShirt_Name,Sauce-Stained Shirt,酱汁T恤,New line from v1.6
SauceStainedShirt_Description,It's already covered in spaghetti sauce so you don't have to feel guilty about it!,上面的意面酱汁是本来就有的，所以你不用感到内疚！,New line from v1.6
BrownSuit_Name,Brown Suit,棕色西装,New line from v1.6
BrownSuit_Description,It's a standard brown business suit.,标准的棕色商务西装。,New line from v1.6
GoldenShirt_Name,Golden Shirt,金T恤,New line from v1.6
GoldenShirt_Description,It's a shiny golden shirt.,闪亮亮的金色T恤衫。,New line from v1.6
CaptainsUniform_Name,Captain's Uniform,船长服,New line from v1.6
CaptainsUniform_Description,The classic uniform of a ship's captain.,经典的船长制服。,New line from v1.6
OfficerUniform_Name,Officer Uniform,警服,New line from v1.6
OfficerUniform_Description,The classic uniform for an officer of the law.,经典的警官制服。,New line from v1.6
RangerUniform_Name,Ranger Uniform,护林员制服,New line from v1.6
RangerUniform_Description,The classic uniform for a park ranger.,经典的公园护林员制服。,New line from v1.6
BlueLongVest_Name,Blue Long Vest,蓝色长背心,New line from v1.6
BlueLongVest_Description,A long blue vest above a grey shirt.,灰色衬衣外面再穿一件蓝色长背心。,New line from v1.6
RegalMantle_Name,Regal Mantle,皇室披风,New line from v1.6
RegalMantle_Description,A regal purple garment,紫色的皇室披风。,New line from v1.6
RelicShirt_Name,Relic Shirt,遗物T恤,New line from v1.6
RelicShirt_Description,I found a golden relic and I've got the shirt to prove it!,我找到了黄金遗物，我还有T恤来证明！,New line from v1.6
BoboShirt_Name,Bobo Shirt,波波T恤,New line from v1.6
BoboShirt_Description,A pink shirt featuring a strange-looking guy.,粉色T恤，主题是一个相貌古怪的家伙。,New line from v1.6
FriedEggShirt_Name,Fried Egg Shirt,煎蛋T恤,New line from v1.6
FriedEggShirt_Description,"Wake up, it's time for eggs.",起床了，该吃蛋了。,New line from v1.6
BurgerShirt_Name,Burger Shirt,汉堡T恤,New line from v1.6
BurgerShirt_Description,Wear what you eat!,吃什么就穿什么！,New line from v1.6
CollaredShirt_Name,Collared Shirt,有领衬衫,New line from v1.6
CollaredShirt_Description,A shirt with a starchy white collar.,有着严肃的白衣领的衬衫。,New line from v1.6
ToastedShirt_Name,Toasted Shirt,烤面包T恤,New line from v1.6
ToastedShirt_Description,It looks lightly toasted.,看起来略微烤焦了。,New line from v1.6
CarpShirt_Name,Carp Shirt,鲤鱼T恤,New line from v1.6
CarpShirt_Description,A big carp head adorns the front.,正面饰有一个大鲤鱼头。,New line from v1.6
RedFlannelShirt_Name,Red Flannel Shirt,红色法兰绒上衣,New line from v1.6
RedFlannelShirt_Description,A flannel shirt with a red and blue pattern.,红蓝相间的法兰绒上衣。,New line from v1.6
TortillaShirt_Name,Tortilla Shirt,薄饼T恤,New line from v1.6
TortillaShirt_Description,A shirt that looks like the surface of a tortilla.,看起来像是墨西哥薄馅饼表皮的T恤衫。,New line from v1.6
WarmFlannelShirt_Name,Warm Flannel Shirt,暖色法兰绒上衣,New line from v1.6
WarmFlannelShirt_Description,A flannel shirt with a warm brown and rose color.,棕色和玫瑰色相间的暖色法兰绒上衣。,New line from v1.6
SugarShirt_Name,Sugar Shirt,砂糖T恤,New line from v1.6
SugarShirt_Description,It's bursting with 'sweet energy'.,充满了“甜蜜能量”。,New line from v1.6
GreenFlannelShirt_Name,Green Flannel Shirt,绿色法兰绒上衣,New line from v1.6
GreenFlannelShirt_Description,A flannel shirt with a green and brown pattern.,棕绿相间的法兰绒上衣。,New line from v1.6
OilStainedShirt_Name,Oil Stained Shirt,油渍T恤,New line from v1.6
OilStainedShirt_Description,It's already stained with oil for that greasy look.,本来就沾满了油，所以看起来油腻腻的。,New line from v1.6
MorelShirt_Name,Morel Shirt,羊肚菌T恤,New line from v1.6
MorelShirt_Description,This shirt features the iconic spring mushroom.,这件T恤衫的设计是这种春天标志性的蘑菇。,New line from v1.6
SpringShirt_Name,Spring Shirt,春季T恤,New line from v1.6
SpringShirt_Description,"It's light, it's fresh, and it features the colors of spring.",既轻柔，又清新，也有春季色彩的设计。,New line from v1.6
RainCoat_Name,Rain Coat,雨衣,New line from v1.6
RainCoat_Description,The classic yellow rain coat.,经典的黄色雨衣。,New line from v1.6
SailorShirt_1261_Name,Sailor Shirt,水手服,New line from v1.6
SailorShirt_1261_Description,"Unlike most sailor shirts, this one has a dyeable body and a white collar.",与一般的水手服不同，这件的衣领是白色的，而且衣身可以染色。,New line from v1.6
DarkBandanaShirt_Name,Dark Bandana Shirt,深色丝巾上衣,New line from v1.6
DarkBandanaShirt_Description,A dark shirt with a colorful bandana.,围有多彩丝巾的深色上衣。,New line from v1.6
DarkHighlightShirt_Name,Dark Highlight Shirt,深色荧光衬衫,New line from v1.6
DarkHighlightShirt_Description,A dark shirt with bright highlights.,有亮色荧光点的衬衫。,New line from v1.6
OmniShirt_Name,Omni Shirt,泛光T恤,New line from v1.6
OmniShirt_Description,It's speckled with rainbow flecks!,有斑驳的彩虹斑点！,New line from v1.6
BridalShirt_Name,Bridal Shirt,新娘上衣,New line from v1.6
BridalShirt_Description,"A beautiful white top, perfect for a bride.",漂亮的白色上衣，新娘穿正合适。,New line from v1.6
BrownOveralls_Name,Brown Overalls,棕色背带裤,New line from v1.6
BrownOveralls_Description,It's hard to see the dirt stains on this one.,这件衣服沾了泥也看不出来。,New line from v1.6
OrangeBowShirt_Name,Orange Bow Shirt,橘红色领结衫,New line from v1.6
OrangeBowShirt_Description,A striped orange shirt with a big white bow.,配有一个大号白色领结的橘红色条纹上衣。,New line from v1.6
WhiteOveralls_Name,White Overalls,白色背带裤,New line from v1.6
WhiteOveralls_Description,A nice clean variant of the classic farmer look.,经典的农夫衣装，换上漂亮的白色设计。,New line from v1.6
PourOverShirt_Name,Pour-Over Shirt,手冲咖啡T恤,New line from v1.6
PourOverShirt_Description,A familiar zig-zag pattern adorns this shirt. Ahhh... that smell.,上面有熟悉的锯齿状图案。啊……这个味道。,New line from v1.6
GreenJacketShirt_Name,Green Jacket Shirt,绿色T恤夹克,New line from v1.6
GreenJacketShirt_Description,Inspired by the mallard's coat. The shirt can be dyed.,灵感来自于绿头鸭。T恤衫可以染色。,New line from v1.6
ShortJacket_Name,Short Jacket,短夹克,New line from v1.6
ShortJacket_Description,A short dyeable jacket over a shirt.,T恤衫外面再穿一件可以染色的短夹克。,New line from v1.6
PolkaDotShirt_Name,Polka Dot Shirt,圆点上衣,New line from v1.6
PolkaDotShirt_Description,A dark shirt with dyeable polka dots.,深色上衣，上面有可以染色的圆点。,New line from v1.6
WhiteDotShirt_Name,White Dot Shirt,白点上衣,New line from v1.6
WhiteDotShirt_Description,A dyeable shirt with white polka dots.,可以染色的上衣，上面有白色圆点。,New line from v1.6
CamoShirt_Name,Camo Shirt,迷彩上衣,New line from v1.6
CamoShirt_Description,Helps you blend in with the surroundings.,让你与环境融为一体。,New line from v1.6
DirtShirt_Name,Dirt Shirt,泥土T恤,New line from v1.6
DirtShirt_Description,You'll fit right in on the farm!,在农场上穿正合适！,New line from v1.6
CrabCakeShirt_Name,Crab Cake Shirt,蟹黄糕上衣,New line from v1.6
CrabCakeShirt_Description,Pre-slathered with aioli for your enjoyment. Bon Appetit!,预先加入大量蒜泥蛋黄酱供你享受。用餐愉快！,New line from v1.6
SilkyShirt_Name,Silky Shirt,丝绸上衣,New line from v1.6
SilkyShirt_Description,It's made from a smooth silky substance.,面料是光滑的丝绸物质。,New line from v1.6
BlueButtonedVest_Name,Blue Buttoned Vest,蓝色纽扣汗衫,New line from v1.6
BlueButtonedVest_Description,It's a blue shirt with dyeable sleeves.,蓝色的上衣，袖子可以染色。,New line from v1.6
FadedDenimShirt_Name,Faded Denim Shirt,褪色牛仔上衣,New line from v1.6
FadedDenimShirt_Description,"It's a denim shirt with a dusty, faded look.",灰暗褪色的牛仔上衣。,New line from v1.6
RedButtonedVest_Name,Red Buttoned Vest,红色纽扣汗衫,New line from v1.6
RedButtonedVest_Description,It's a red shirt with dyeable sleeves.,红色的上衣，袖子可以染色。,New line from v1.6
GreenButtonedVest_Name,Green Buttoned Vest,绿色纽扣汗衫,New line from v1.6
GreenButtonedVest_Description,It's a green shirt with dyeable sleeves.,绿色的上衣，袖子可以染色。,New line from v1.6
TomatoShirt_Name,Tomato Shirt,番茄T恤,New line from v1.6
TomatoShirt_Description,A shirt that answers the big question: 'Tomatoes are'... (but the rest is smudged).,这件T恤解答了重大难题：“番茄是”……（剩余部分被抹去）,New line from v1.6
FringedVest_Name,Fringed Vest,流苏背心,New line from v1.6
FringedVest_Description,A fringed brown vest over a sleeveless shirt.,无袖上衣外面再穿一件有流苏的棕色背心。,New line from v1.6
GlobbyShirt_Name,Globby Shirt,杂乱T恤,New line from v1.6
GlobbyShirt_Description,It's got an indistinguishable glob pattern.,图案杂乱，难以辨认。,New line from v1.6
MidnightDogJacket_Name,Midnight Dog Jacket,午夜狗T恤,New line from v1.6
MidnightDogJacket_Description,It's dyed a deep midnight blue from squid ink.,用鱿鱼墨汁染了午夜的深蓝色。,New line from v1.6
ShrimpEnthusiastShirt_Name,Shrimp Enthusiast Shirt,虾爱好者T恤,New line from v1.6
ShrimpEnthusiastShirt_Description,For those whose appetites demand a steady supply of shrimp.,为那些天天吃虾的人设计。,New line from v1.6
TeaShirt_Name,Tea Shirt,绿茶T恤,New line from v1.6
TeaShirt_Description,A shirt inspired by the popular beverage.,这件T恤衫灵感来自于很受欢迎的饮品。,New line from v1.6
TrinketShirt_Name,Trinket Shirt,饰品上衣,New line from v1.6
TrinketShirt_Description,A shirt with large colored glass orbs attached to it.,装饰有大号彩色玻璃球的上衣。,New line from v1.6
DarknessSuit_Name,Darkness Suit,暗色西装,New line from v1.6
DarknessSuit_Description,A black suit top with a faded red pocket square.,黑色的西装上衣，配有暗红色方巾。,New line from v1.6
MineralDogJacket_Name,Mineral Dog Jacket,矿物狗外套,New line from v1.6
MineralDogJacket_Description,It's infused with trace minerals from the ocean.,它充满了海洋中的微量矿物质。,New line from v1.6
MagentaShirt_Name,Magenta Shirt,洋红色T恤,New line from v1.6
MagentaShirt_Description,This particular shade is unique to the magma cap mushroom.,熔岩菇独有的特别颜色。,New line from v1.6
GingerOveralls_Name,Ginger Overalls,姜汁背带裤,New line from v1.6
GingerOveralls_Description,The color scheme is inspired by ginger ale.,配色的灵感来自姜汁汽水。,New line from v1.6
BananaShirt_Name,Banana Shirt,香蕉T恤,New line from v1.6
BananaShirt_Description,"Consider this shirt, if you happen to love bananas.",如果你喜欢香蕉，可以试试这件T恤。,New line from v1.6
YellowSuit_Name,Yellow Suit,黄色西装,New line from v1.6
YellowSuit_Description,It's a bold statement to wear this suit.,敢穿这套西装说明你大胆自信。,New line from v1.6
HotPinkShirt_Name,Hot Pink Shirt,热粉色衬衫,New line from v1.6
HotPinkShirt_Description,A silky shirt in tropical pink.,热带粉色的丝绸衬衫。,New line from v1.6
TropicalSunriseShirt_Name,Tropical Sunrise Shirt,热带日出T恤,New line from v1.6
TropicalSunriseShirt_Description,This shirt smells like coconut.,这件T恤有椰子的味道。,New line from v1.6
IslandBikini_Name,Island Bikini,Island Bikini,New line from v1.6
IslandBikini_Description,A Fern Islands classic.,A Fern Islands classic.,New line from v1.6
MagicSprinkleShirt_Name,Magic Sprinkle Shirt,魔法斑点衣,New line from v1.6
MagicSprinkleShirt_Description,A shirt with prismatic sprinkles.,有五彩斑点的上衣。,New line from v1.6
PrismaticShirt_DarkSleeves_Name,Prismatic Shirt,五彩上衣,New line from v1.6
PrismaticShirt_DarkSleeves_Description,It's shimmering with prismatic energy. Has dark sleeves.,有五彩能量而微微发光。袖子是深色的。,New line from v1.6
PrismaticShirt_LightSleeves_Name,Prismatic Shirt,五彩上衣,New line from v1.6
PrismaticShirt_LightSleeves_Description,It's shimmering with prismatic energy. Has white sleeves.,有五彩能量而微微发光。袖子是白色的。,New line from v1.6
MysteryShirt_Name,Mystery Shirt,谜之上衣,New line from v1.6
MysteryShirt_Description,Made from the leftovers of a Mystery Box.,用谜之盒的余料制成的。,New line from v1.6
