Marlon_DF_Monster_1_LocalizedName,Purple Slimes,紫色史萊姆,New line from v1.6
Marlon_DF_2_Name,Treasure Hunt,尋寶,New line from v1.6
Marlon_DF_Monster_0_LocalizedName,Serpents,飛蛇,New line from v1.6
Marlon_DF_2_Objective,Collect {Treasure:Count} {Treasure:LocalizedName}.,收集 {Treasure:Count} 個{Treasure:LocalizedName}。,New line from v1.6
Marlon_DF_Monster_2_LocalizedName,Mummies,木乃伊,New line from v1.6
Marlon_DF_1_Objective,Reach level 30 of the Skull Cavern.,到達骷髏洞穴第 30 層。,New line from v1.6
Marlon_DF_1_Text,Reach level 30 of the Skull Cavern.,到達骷髏洞穴第 30 層。,New line from v1.6
Marlon_DF_2_Text,Collect {Treasure:Count} {Treasure:LocalizedName} from the Skull Cavern.,在骷髏洞穴中收集 {Treasure:Count} 個{Treasure:LocalizedName}。,New line from v1.6
Marlon_DF_0_Objective,Slay 10 {Monster:LocalizedName}.,殺掉 10 隻{Monster:LocalizedName}。,New line from v1.6
Marlon_DF_Item_1_LocalizedName,pieces of Iridium Ore,銥礦石,New line from v1.6
Marlon_DF_0_Text,Descend into the Skull Cavern and slay 10 {Monster:LocalizedName}.,進入骷髏洞穴，殺掉 10 隻{Monster:LocalizedName}。,New line from v1.6
Marlon_DF_Item_0_LocalizedName,Omni Geodes,萬象晶球,New line from v1.6
Marlon_DF_1_Name,Deep Dive,深層探險,New line from v1.6
Marlon_DF_0_Name,Monster Hunt,怪物狩獵,New line from v1.6
Clint_RE_Monster_1_LocalizedName,Dust Sprites,塵埃精靈,Dust Spirits
