FarmComputer_Intro_Farm,{0} Farm Analysis:,{0}農場報告：,New line from v1.6
FarmComputer_Intro_Generic,Location Analysis:,Location Analysis:,New line from v1.6
PurchaseAnimalsMenu.ChooseLocation,Where do you want to manage animals?,Where do you want to manage animals？,New line from v1.6
FarmComputer_Intro_NamedLocation,{0} Analysis:,{0} Analysis:,New line from v1.6
MultiplePetBowls_watered,#$e#I also filled the pets' water bowls.,#$e#I also filled the pets' water bowls.,New line from v1.6
KeyToTheTown_desc,"Allows access to all buildings in town, at any time of day.",用它可以隨時進入鎮上的所有建築。,New line from v1.6
MapPage.cs.11080_ExtendedHours,Open 9:00AM to 5:00PM,上午9:00至下午5:00開放,New line from v1.6
Attack_Miss,Miss,Miss,New line from v1.6
FishingQuest.cs.13233,pollutants in the water accelerated their reproductive cycle.,水汙染物加快了它們的生殖週期。,pollutants in the water accelerated their reprodutive cycle.
Event.cs.1736,"$q -1 null#...Yes, dear?#$r -1 0 danceAsk#(Ask {0} to be your dance partner)#$r -1 0 null#Never mind...","$q -1 null#……什麼事, 親愛的？#$r -1 0 danceAsk#（邀請 {0} 作你的舞伴）#$r -1 0 null#沒事……","$q -1 null#...Yes, dear?#$r -1 0 danceAsk#(Ask {0} to be your dance partner)#$r -1 0 null#Nevermind..."
ItemDeliveryQuest.cs.13560,"${Looking for a handsome young man to bring me {0}.       -Haley^FOR GIRLS ONLY: psst... I need {0}... you know what it's for. Keep it secret, okay?      -Haley}$",${在尋找一個帥哥，希望他能給我送來{0}。－海莉^女孩們注意了：噓……我需要{0}……你知道它是用來幹什麼的。請嚴守秘密，好嗎？－海莉}$,Looking for a handsome young man to bring me {0}.       -Haley
ItemDeliveryQuest.cs.13597," Hmm... this isn't as exciting as I thought it would be...$s#$b#But that's not your fault! Haha. Thanks for responding to my bulletin, @.$h",嗯嗯……並不像我想像的那麼有意思……$s#$b#但不是你的錯！哈哈，謝謝你回覆我的公告板，@。$h," Hmm... this isn't as exciting as I thought it would be...$s#$b#But that's not your fault! Haha. Thanks for responding to my bulletin, {0}.$h"
Utility.cs.5849,Journey Of The Prairie King (Overworld),普瑞爾國王的旅程（主世界）,Journey Of The Praire King (Overworld)
Utility.cs.5857,Journey Of The Prairie King (Ending),普瑞爾國王的旅程（結束）,Journey Of The Praire King (Ending)
ItemDeliveryQuest.cs.13536, So you saw the ad I posted?, 這麼說你看到了我郵寄的 廣告 ？,ad
Event.cs.1738,$q -1 null#...Yes?#$r -1 0 danceAsk#(Ask {0} to be your dance partner)#$r -1 0 null#Never mind...,$q -1 null#……什麼事？#$r -1 0 danceAsk#（邀請 {0} 作你的舞伴）#$r -1 0 null#沒事……,$q -1 null#...Yes?#$r -1 0 danceAsk#(Ask {0} to be your dance partner)#$r -1 0 null#Nevermind...
NPC.cs.4146,A word of warning: ,一句警告: ,A word of warning. 
ItemDeliveryQuest.cs.13535, So you saw the notice I posted?, 這麼說你看到了我郵寄的 通知 ？,notice
ItemDeliveryQuest.cs.13587,"Oh, that's exactly what I need to power my latest invention, @!#$b#Thank you!$h",噢，那正是我需要的，能作為我最新發明的動力，@！#$b#謝謝！$h,"Oh, that's exactly what I need to power my latest invention, {0}!#$b#Thank you!$h"
FishingQuest.cs.13274,"

- {0}g reward.","

—  {0}G獎勵。","
 
- {0}g reward."
Utility.cs.5853,Journey Of The Prairie King (Undead),普瑞爾國王的旅程（亡靈）,Journey Of The Praire King (Undead)
ItemDeliveryQuest.cs.13528,Hello @!,您好@！,Hello {0}!
ItemDeliveryQuest.cs.13577,"Hey, thanks a million, @! I should've known you'd be the one to take this job.$h",嗨，太感謝了。@！我早該料到你是會接下這份工作的人。$h,"Hey, thanks a million, {0}! I should've known you'd be the one to take this job.$h"
ItemDeliveryQuest.cs.13534, So you saw the bulletin I posted?, 這麼說你看到了我郵寄的 公告 ？,bulletin
ItemDeliveryQuest.cs.13604,"Ah, the {0} I requested! And it's a beautiful one, too. Thank you very much, @.",是我想要的{0}！真是太漂亮了。非常感謝你， @,"Ah, the {0} I requested! And it's a beautiful one, too. Thank you very much, {1}"
FishingQuest.cs.13256,"Hey, you succeeded, @!$h#$b#The {0} is an exciting catch, don't you think? ",嘿，你成功了，@！$h#$b# {0}是個令人興奮的收穫，你不覺得嗎？ ,"Hey, you suceeded, @!$h#$b#The {0} is an exciting catch, don't you think? "
ItemDeliveryQuest.cs.13599," Heh heh... perfect. Here's your reward, @. Don't say a word to my Dad. $h",嘿嘿……完美。這是你的報酬，@。不要跟我的爸爸說。$h," Heh heh... perfect. Here's your reward, {0}. Don't say a word to my Dad. $h"
Utility.cs.5855,Journey Of The Prairie King (Boss),普瑞爾國王的旅程（工頭）,Journey Of The Praire King (Boss)
Event.cs.1258,"I finished writing my book, and it ended up being a romance novel! ...You told me once that you enjoyed the genre, and, well, I've also been able to draw some inspiration from real life experiences lately. $l#$b#Here it is, '%book'. It's about a train stewardess who falls in love with a traveling architect... but he's secretly engaged to the ticket collector's daughter!#$b#I *almost* feel like I should split the profits with you, considering how much help you gave me!$h",我寫完了我的書，它是一本愛情小說！……你曾告訴過我你喜歡愛情類的小說，而且我最近也從現實生活中吸取了一些靈感。 $l#$b#在這裡，'%book'。是關於一位愛上建築師的火車乘務員……但是他與收票員的女兒秘密訂婚了！#$b#想到你給了我那麼多幫助，我*幾乎*覺得我應該分些利潤給你！$h,"I finished writing my book, and it ended up being a romance novel! ...You told me once that you enjoyed the genre, and, well, I've also been able to draw some inpsiration from real life experiences lately. $l#$b#Here it is, '%book'. It's about a train stewardess who falls in love with a traveling architect... but he's secretly engaged to the ticket collector's daughter!#$b#I *almost* feel like I should split the profits with you, considering how much help you gave me!$h"
ItemDeliveryQuest.cs.13571,${Looking for a buddy to bring me {0}.       -Sam¦I would like a cute girl to bring me {0}.  (^_-)      -Sam}$,${在尋找一個朋友給我送{0}。－山姆¦我想讓一個美女給我送{0}。（ ^_-）－山姆}$,Looking for a buddy to bring me {0}.       -Sam
Utility.cs.5851,Journey Of The Prairie King (Outlaw),普瑞爾國王的旅程（逃犯）,Journey Of The Praire King (Outlaw)
ItemDeliveryQuest.cs.13607,"

- {0}g on delivery.","

－{0}G，貨到付款","
 
- {0}g on delivery."
FarmComputer_PiecesHay,Pieces Of Hay: {0}/{1},乾草：{0}/{1},Pieces Hay: {0}/{1}
FishingQuest.cs.13248,Trying to keep the art o' fishing alive... I'll pay {0}g to any ${fisherman^fishing enthusiast}$ who catches {1} {2}. Good luck!  -Willy,我想努力保存捕魚的藝術……我可以付{0}G給任何${可以^}$捕到{1}{2}${的漁夫^的釣魚愛好者}$。祝你們好運！－威利,Trying to keep the art o' fishing alive... I'll pay {0}g to any fisherman who catches {1} {2}. Good luck!  -Willy
SlayMonsterQuest.cs.13731, I know it can be really hard to get that sticky slime out of your clothes.#$b# I've definitely ruined a few good pairs of pants trying to catch those little ,我知道很難把黏黏的史萊姆黏液從衣服上清理下來。#$b#我已經毀了好幾條品質不錯的褲子就為了捉住那些, I know it can be really hard to get that sticky slime out your clothes.#$b# I've definitely ruined a few good pairs of pants trying to catch those little 
ItemDeliveryQuest.cs.13585,"Oh! Perfect! Now I can continue the project I was working on.$h#$b#Thanks a bunch, @.$h",噢！太棒了！現在我可以繼續這個項目了。$h#$b#太感謝了，@。$h,"Oh! Perfect! Now I can continue the project I was working on.$h#$b#Thanks a bunch, {0}.$h"
SocializeQuest.cs.13791,"

- Everyone will like you a little more","

— 大家都會更喜歡你","
 
- Everyone will like you a little more"
