FishShop.1,It leads up to a little sleeping cubby. It's off limits.,它通向一個小型睡眠用房間。那裡禁止進入。,It leads up to a little sleeping cubby. It's off limits
AnimalShop.13,It doesn't look used. Maybe it's a collector's ball.,看起來它沒被使用過。也許這是一個收藏家的球。,It doesn't look used. Maybe it's a collecter's ball.
Town.2,Removed,Removed,General Store Open 9:00 AM to 5:00 PM Closed Wednesdays
MovieTheater_Gil,Removed,Removed,*snore*... Hmmph?
SeedShop.11,Removed,Removed,This drawer's 
