FarmComputer_Intro_Generic,Location Analysis:,Location Analysis:,New line from v1.6
FarmComputer_Intro_NamedLocation,{0} Analysis:,{0} Analysis:,New line from v1.6
MultiplePetBowls_watered,#$e#I also filled the pets' water bowls.,#$e#I also filled the pets' water bowls.,New line from v1.6
KeyToTheTown_desc,"Allows access to all buildings in town, at any time of day.",用它可以隨時進入鎮上的所有建築。,New line from v1.6
PurchaseAnimalsMenu.ChooseLocation,Where do you want to manage animals?,Where do you want to manage animals？,New line from v1.6
FarmComputer_Intro_Farm,{0} Farm Analysis:,{0}農場報告：,New line from v1.6
MapPage.cs.11080_ExtendedHours,Open 9:00AM to 5:00PM,上午9:00至下午5:00開放,New line from v1.6
Attack_Miss,Miss,Miss,New line from v1.6
SlayMonsterQuest.cs.13731, I know it can be really hard to get that sticky slime out of your clothes.#$b# I've definitely ruined a few good pairs of pants trying to catch those little ,我知道很難把黏黏的史萊姆黏液從衣服上清理下來。#$b#我已經毀了好幾條品質不錯的褲子就為了捉住那些, I know it can be really hard to get that sticky slime out your clothes.#$b# I've definitely ruined a few good pairs of pants trying to catch those little 
Event.cs.1258,"I finished writing my book, and it ended up being a romance novel! ...You told me once that you enjoyed the genre, and, well, I've also been able to draw some inspiration from real life experiences lately. $l#$b#Here it is, '%book'. It's about a train stewardess who falls in love with a traveling architect... but he's secretly engaged to the ticket collector's daughter!#$b#I *almost* feel like I should split the profits with you, considering how much help you gave me!$h",我寫完了我的書，它是一本愛情小說！……你曾告訴過我你喜歡愛情類的小說，而且我最近也從現實生活中吸取了一些靈感。 $l#$b#在這裡，'%book'。是關於一位愛上建築師的火車乘務員……但是他與收票員的女兒秘密訂婚了！#$b#想到你給了我那麼多幫助，我*幾乎*覺得我應該分些利潤給你！$h,"I finished writing my book, and it ended up being a romance novel! ...You told me once that you enjoyed the genre, and, well, I've also been able to draw some inpsiration from real life experiences lately. $l#$b#Here it is, '%book'. It's about a train stewardess who falls in love with a traveling architect... but he's secretly engaged to the ticket collector's daughter!#$b#I *almost* feel like I should split the profits with you, considering how much help you gave me!$h"
ItemDeliveryQuest.cs.13560,"${Looking for a handsome young man to bring me {0}.       -Haley^FOR GIRLS ONLY: psst... I need {0}... you know what it's for. Keep it secret, okay?      -Haley}$",${在尋找一個帥哥，希望他能給我送來{0}。－海莉^女孩們注意了：噓……我需要{0}……你知道它是用來幹什麼的。請嚴守秘密，好嗎？－海莉}$,Looking for a handsome young man to bring me {0}.       -Haley
SocializeQuest.cs.13791,"

- Everyone will like you a little more","

— 大家都會更喜歡你","
 
- Everyone will like you a little more"
ItemDeliveryQuest.cs.13604,"Ah, the {0} I requested! And it's a beautiful one, too. Thank you very much, @.",是我想要的{0}！真是太漂亮了。非常感謝你， @,"Ah, the {0} I requested! And it's a beautiful one, too. Thank you very much, {1}"
ItemDeliveryQuest.cs.13571,${Looking for a buddy to bring me {0}.       -Sam¦I would like a cute girl to bring me {0}.  (^_-)      -Sam}$,${在尋找一個朋友給我送{0}。－山姆¦我想讓一個美女給我送{0}。（ ^_-）－山姆}$,Looking for a buddy to bring me {0}.       -Sam
ItemDeliveryQuest.cs.13599," Heh heh... perfect. Here's your reward, @. Don't say a word to my Dad. $h",嘿嘿……完美。這是你的報酬，@。不要跟我的爸爸說。$h," Heh heh... perfect. Here's your reward, {0}. Don't say a word to my Dad. $h"
NPC.cs.4146,A word of warning: ,一句警告: ,A word of warning. 
FarmComputer_PiecesHay,Pieces Of Hay: {0}/{1},乾草：{0}/{1},Pieces Hay: {0}/{1}
Event.cs.1736,"$q -1 null#...Yes, dear?#$r -1 0 danceAsk#(Ask {0} to be your dance partner)#$r -1 0 null#Never mind...","$q -1 null#……什麼事, 親愛的？#$r -1 0 danceAsk#（邀請 {0} 作你的舞伴）#$r -1 0 null#沒事……","$q -1 null#...Yes, dear?#$r -1 0 danceAsk#(Ask {0} to be your dance partner)#$r -1 0 null#Nevermind..."
Utility.cs.5857,Journey Of The Prairie King (Ending),普瑞爾國王的旅程（結束）,Journey Of The Praire King (Ending)
ItemDeliveryQuest.cs.13528,Hello @!,您好@！,Hello {0}!
ItemDeliveryQuest.cs.13536, So you saw the ad I posted?, 這麼說你看到了我郵寄的 廣告 ？,ad
ItemDeliveryQuest.cs.13597," Hmm... this isn't as exciting as I thought it would be...$s#$b#But that's not your fault! Haha. Thanks for responding to my bulletin, @.$h",嗯嗯……並不像我想像的那麼有意思……$s#$b#但不是你的錯！哈哈，謝謝你回覆我的公告板，@。$h," Hmm... this isn't as exciting as I thought it would be...$s#$b#But that's not your fault! Haha. Thanks for responding to my bulletin, {0}.$h"
FishingQuest.cs.13274,"

- {0}g reward.","

—  {0}G獎勵。","
 
- {0}g reward."
ItemDeliveryQuest.cs.13534, So you saw the bulletin I posted?, 這麼說你看到了我郵寄的 公告 ？,bulletin
ItemDeliveryQuest.cs.13607,"

- {0}g on delivery.","

－{0}G，貨到付款","
 
- {0}g on delivery."
FishingQuest.cs.13256,"Hey, you succeeded, @!$h#$b#The {0} is an exciting catch, don't you think? ",嘿，你成功了，@！$h#$b# {0}是個令人興奮的收穫，你不覺得嗎？ ,"Hey, you suceeded, @!$h#$b#The {0} is an exciting catch, don't you think? "
Utility.cs.5855,Journey Of The Prairie King (Boss),普瑞爾國王的旅程（工頭）,Journey Of The Praire King (Boss)
ItemDeliveryQuest.cs.13535, So you saw the notice I posted?, 這麼說你看到了我郵寄的 通知 ？,notice
FishingQuest.cs.13248,Trying to keep the art o' fishing alive... I'll pay {0}g to any ${fisherman^fishing enthusiast}$ who catches {1} {2}. Good luck!  -Willy,我想努力保存捕魚的藝術……我可以付{0}G給任何${可以^}$捕到{1}{2}${的漁夫^的釣魚愛好者}$。祝你們好運！－威利,Trying to keep the art o' fishing alive... I'll pay {0}g to any fisherman who catches {1} {2}. Good luck!  -Willy
FishingQuest.cs.13233,pollutants in the water accelerated their reproductive cycle.,水汙染物加快了它們的生殖週期。,pollutants in the water accelerated their reprodutive cycle.
Utility.cs.5853,Journey Of The Prairie King (Undead),普瑞爾國王的旅程（亡靈）,Journey Of The Praire King (Undead)
ItemDeliveryQuest.cs.13587,"Oh, that's exactly what I need to power my latest invention, @!#$b#Thank you!$h",噢，那正是我需要的，能作為我最新發明的動力，@！#$b#謝謝！$h,"Oh, that's exactly what I need to power my latest invention, {0}!#$b#Thank you!$h"
Utility.cs.5849,Journey Of The Prairie King (Overworld),普瑞爾國王的旅程（主世界）,Journey Of The Praire King (Overworld)
Event.cs.1738,$q -1 null#...Yes?#$r -1 0 danceAsk#(Ask {0} to be your dance partner)#$r -1 0 null#Never mind...,$q -1 null#……什麼事？#$r -1 0 danceAsk#（邀請 {0} 作你的舞伴）#$r -1 0 null#沒事……,$q -1 null#...Yes?#$r -1 0 danceAsk#(Ask {0} to be your dance partner)#$r -1 0 null#Nevermind...
Utility.cs.5851,Journey Of The Prairie King (Outlaw),普瑞爾國王的旅程（逃犯）,Journey Of The Praire King (Outlaw)
ItemDeliveryQuest.cs.13585,"Oh! Perfect! Now I can continue the project I was working on.$h#$b#Thanks a bunch, @.$h",噢！太棒了！現在我可以繼續這個項目了。$h#$b#太感謝了，@。$h,"Oh! Perfect! Now I can continue the project I was working on.$h#$b#Thanks a bunch, {0}.$h"
ItemDeliveryQuest.cs.13577,"Hey, thanks a million, @! I should've known you'd be the one to take this job.$h",嗨，太感謝了。@！我早該料到你是會接下這份工作的人。$h,"Hey, thanks a million, {0}! I should've known you'd be the one to take this job.$h"
Utility.cs.5651,Removed,Removed,Farmboy
Utility.cs.6043,Removed,Removed,Spreading Grass...
FishingRod.cs.14041,Removed,Removed,Fishing Rod
Utility.cs.5575,Removed,Removed,Hotshot
Utility.cs.5311,Removed,Removed,"I would like to to say how much of a *blessing* it's been to meet all of you wonderful people! I'm so happy to know how important I am in making this community great.$h#$b#Unfortunately, @ was so jealous of my incredible farm that he did everything possible to drag me down!$u#$b#But, against all odds, I've single-handedly transformed this valley into a new paradise, and touched your hearts in a way you'll never forget. *sniff*"
Utility.cs.5517,Removed,Removed,Andy
ItemDeliveryQuest.cs.13330,Removed,Removed,jug of Milk
MineElevator.cs.6569,Removed,Removed,Can't build in a dungeon
Utility.cs.5539,Removed,Removed,Bev
Bus.cs.7158,Removed,Removed,"That's right, sir... I'm on the bus right now, heading to Stardew Valley.$h"
BlueprintsMenu.cs.10027,Removed,Removed,Happy:
Seeds.cs.14235,Removed,Removed,Spring Mix
Utility.cs.5589,Removed,Removed,Floralist
MagicHorseDust_Description,Removed,Removed,Sprinkle this on your horse to magically change its appearance.
MagicHorseDust,Removed,Removed,Magic Horse Dust
Utility.cs.5542,Removed,Removed,Nancy
Seeds.cs.14210,Removed,Removed,Plant these in tilled soil and water daily.
Utility.cs.5515,Removed,Removed,Curtis
Utility.cs.5614,Removed,Removed,Baker
Bus.cs.7132,Removed,Removed,Simon: *babble*... *slurp*
Utility.cs.5523,Removed,Removed,Logan
BarnDweller.cs.387,Removed,Removed,{0} is looking happy today!
Event.cs.1247,Removed,Removed,For
Game1.cs.2957,Removed,Removed,How many would you like to buy?
Seeds.cs.14214,Removed,Removed,Cauliflower
Utility.cs.5362,Removed,Removed,Maybe in 'another life' you'll win...
MultiplayerUtility.cs.12479,Removed,Removed,{0} changed her name to '{1}'
Seeds.cs.14221,Removed,Removed,Blueberry
PathFindController.cs.4579,Removed,Removed,Ugh... the house is a mess. I can't even get to where I need to go!$a
Bus.cs.7130,Removed,Removed,Occupied
Utility.cs.5638,Removed,Removed,Bumpkin
Sword.cs.14291,Removed,Removed,A famous hero once owned this sword.
MultiplayerUtility.cs.12478,Removed,Removed,{0} changed his name to '{1}'
Utility.cs.5348,Removed,Removed,"Congratulations, @! I knew you'd win.$h"
Utility.cs.5548,Removed,Removed,Jas
Farmer.cs.1940,Removed,Removed,...but you aren't succesful.
Spirit Rod,Removed,Removed,Spirit Rod
MineCart.cs.12108,Removed,Removed,Ow... that hurt.
Utility.cs.5328,Removed,Removed,Final score: {0}
Utility.cs.5612,Removed,Removed,Middle Aged
Utility.cs.5357,Removed,Removed,"Good job, @.$h"
Item.cs.3829,Removed,Removed,Footwear
Utility.cs.6047,Removed,Removed,Requesting Fresh Map
Utility.cs.5564,Removed,Removed,Woodsman
Utility.cs.5236,Removed,Removed,"has been a big help around town, "
CooperativeMenu.cs.10326,Removed,Removed,Join a Valley
Event.cs.1597,Removed,Removed,"Wow, I got a low score. I guess Mayor Lewis isn't much of a fish man. Oh well...$s"
Seeds.cs.14238,Removed,Removed,Winter Mix
Utility.cs.5235,Removed,Removed," made significant contributions to the field of archaeology, "
Seeds.cs.14225,Removed,Removed,Red Cabbage
Sludge.cs.12435,Removed,Removed,Sludge splits in half!
Event.cs.1206,Removed,Removed,A rusty old sword.
Game1.cs.2720,Removed,Removed,C or Right Click - Cancel
Bus.cs.7163,Removed,Removed,"Moustached Man: Everyone, look!!"
NameSelect.cs.3860,Removed,Removed,Name: 
MagicHousePaint_Description,Removed,Removed,Paint this onto your house to magically change its appearance.
Utility.cs.5514,Removed,Removed,Hunt
Buff.cs.465,Removed,Removed,-8 Defense
Utility.cs.5316,Removed,Removed,...@.$h
Utility.cs.5557,Removed,Removed,Megan
Utility.cs.5325,Removed,Removed,Of course I did. I never considered @ a threat even for a millisecond.$u
Utility.cs.5513,Removed,Removed,Leland
TitleMenu.cs.11782,Removed,Removed,Loading...
FarmImprovement_Guy_4,Removed,Removed,"I can get my boys to add a little extra space on your farm. It'll just be... 500,000g. What do you say?"
Utility.cs.6049,Removed,Removed,Received Fresh Map!
Event.cs.1621,Removed,Removed,"*sigh*... My days of being Flower Queen are over... so it's a bittersweet dance for me.$s#$b#But, yes..."
Game1.cs.2953,Removed,Removed,Choose song: 
Utility.cs.5603,Removed,Removed,Pirate
Event.cs.1859,Removed,Removed,{0} added {1} to the soup. 
ItemDeliveryQuest.cs.13329,Removed,Removed,Egg
Event.cs.1251,Removed,Removed,Do you vote for or against the 3% shipping tax?
NPC.cs.4437,Removed,Removed,Nnnghh... what is it? Make your own breakfast.$a
Utility.cs.5324,Removed,Removed,"Well, congratulations %rival... It looks like you outscored @ by {0} points. $h"
Sword.cs.14290,Removed,Removed,Hero's Sword
Bus.cs.7128,Removed,Removed,Kid: 'Sup?
TitleMenu.cs.11735,Removed,Removed,New
Game1.cs.2697,Removed,Removed,Stardew Valley.
Utility.cs.5566,Removed,Removed,Explorer
Utility.cs.5602,Removed,Removed,Golf Pro
BarnDweller.cs.388,Removed,Removed,{0} seems to be in a bad mood...
Seeds.cs.14236,Removed,Removed,Summer Mix
CataloguePage.cs.10139,Removed,Removed,Animals
Game1.cs.3218,Removed,Removed,{0} killed: {1}
FishingQuest.cs.13254,Removed,Removed,Squids caught
FishingQuest.cs.13242,Removed,Removed,{0} caught
Bus.cs.7129,Removed,Removed,"Kid: Dude, don't touch my board."
HoeDirt.cs.13928,Removed,Removed,Greenhouse
Seeds.cs.14223,Removed,Removed,Wheat
Bus.cs.7146,Removed,Removed,"Man: Arghh!! Take this and leave me alone, you hooligan!"
Utility.cs.5620,Removed,Removed,Tiny
Game1.cs.2729,Removed,Removed,"E, F or Mouse Mid. - Store Item"
Utility.cs.5505,Removed,Removed,Chris
Utility.cs.5237,Removed,Removed,"has come to be loved by many residents, "
Utility.cs.5318,Removed,Removed,"Way to go, @!$h"
Bus.cs.7141,Removed,Removed,"Man: ...Did you hear me, kid? Scram!"
Utility.cs.5605,Removed,Removed,Hamburger
Mines_Upper_HardMode_SongName,Removed,Removed,Mines (Secret Crab)
BlueprintsMenu.cs.10012,Removed,Removed,Can Only Place Outside On Farm
FarmImprovement_Guy_1,Removed,Removed,"Pssst... hey, mainlander. Listen up. If you've got coin... me and my boys can improve your farm. Interested?"
Furniture.cs.12628,Removed,Removed,Can only be placed in House
Game1.cs.2733,Removed,Removed,X or Left Click - Grab | Use
Utility.cs.5636,Removed,Removed,Computer Whiz
Buff.cs.469,Removed,Removed,+10 Attack
Farmer.cs.1954,Removed,Removed, Artifact
Event.cs.1627,Removed,Removed,"I've been looking forward to it all afternoon! You look radiant in the fresh spring air, my love.$l"
Utility.cs.5364,Removed,Removed,Ugh... how in the world did %rival win? That's awful.
Utility.cs.5623,Removed,Removed,Log Lady
MapPage.cs.11059,Removed,Removed,OK
TitleScreenMenu.cs.11785,Removed,Removed,by ConcernedApe
Event.cs.1606,Removed,Removed,I don't have high hopes of winning... the fish look nice but they don't exactly smell great...$s
Farmer.cs.1936,Removed,Removed,...but you have too many things in your backpack.
ChatBox.cs.10262,Removed,Removed, Invalid Command Arguments ::
BluePrint.cs.1,Removed,Removed,Use to see information about your animals.
CoopDweller.cs.551,Removed,Removed,{0} is looking happy today!
Utility.cs.5349,Removed,Removed,"We all knew you were going to win, @. %rival was kind of a jerk."
Utility.cs.6036,Removed,Removed,Dehibernating Grass...
TV.cs.13137,Removed,Removed,"...and now, let's turn our attention to Pelican Town and the rest of the southern coast."
Utility.cs.5263,Removed,Removed,"@ moved here 2 years ago, and in that time {0} #$b#...Those kinds of accomplishments could breathe life into any community!"
Sword.cs.14292,Removed,Removed,Holy Sword
Event.cs.1600,Removed,Removed,"That was some strange-looking purple lettuce in your grange display!$h#$b#I swear, It looked just like Mayor Lewis' special und... $3#$b#Oh!... heh... nevermind!$4"
Utility.cs.5565,Removed,Removed,Lumberjack
Blueprints.cs.14040,Removed,Removed,"Use this to purchase buildings, animals, and more!"
Utility.cs.5530,Removed,Removed,Bubs
Utility.cs.5587,Removed,Removed,Cheerleader
Utility.cs.5642,Removed,Removed,'Super Legs'
Utility.cs.5611,Removed,Removed,'Lucky'
Utility.cs.5534,Removed,Removed,Rosie
Utility.cs.5529,Removed,Removed,Daniel
Utility.cs.5607,Removed,Removed,Simple
OptionsPage.cs.11269,Removed,Removed,Med.
Utility.cs.5553,Removed,Removed,Amanda
FivePlagues_Gargoyles,Removed,Removed,Gargoyles have descended upon your crops!
Utility.cs.5622,Removed,Removed,Scrapbook
FarmImprovement_Guy_2,Removed,Removed,Tell me more...
Bus.cs.7131,Removed,Removed,Lady: We just got back from the Zuzu City fun park... didn't we Simon?
AddNewItemMenu.cs.9921,Removed,Removed,Garbage
Utility.cs.5526,Removed,Removed,Jake
GoblinPeasant.cs.12264,Removed,Removed,Sneak Attack!
Utility.cs.5591,Removed,Removed,'Daddy'
Debuff_Weakness_Description,Removed,Removed,-20 Attack
Game1.cs.3090,Removed,Removed,"Captivated by the intense flavor of the Stardrop, you are powerless as thoughts of '{0}' come flooding in."
Sword.cs.14293,Removed,Removed,A powerful relic infused with ancient energy.
Utility.cs.5353,Removed,Removed,"You did it, @!"
Game1.cs.2696,Removed,Removed,Calico Desert.
Sword.cs.14294,Removed,Removed,Dark Sword
Event.cs.1604,Removed,Removed,"Hey, good luck."
Utility.cs.5864_7,Removed,Removed,Winter Festival
Event.cs.1212,Removed,Removed,"You got the 'Wand'! It seems like it could be a powerful item, but it's missing something... some kind of energy. It was sent home to your toolbox."
FivePlagues_Gargoyles_Done,Removed,Removed,The gargoyles have been defeated.
Utility.cs.5596,Removed,Removed,Bubba
NPC.cs.4435,Removed,Removed,I just don't feel like getting up today.$s
Farmer.cs.1927,Removed,Removed,You begin {0} ...
WeedingQuest.cs.13816,Removed,Removed,"Hiring someone to weed the entire town. Once all the weeds are gone, report to the Mayor for payment. Thanks!"
TitleScreenMenu.cs.11788,Removed,Removed,Co-op
Event.cs.1675,Removed,Removed,Someone else is using that right now.
Sword.cs.14296,Removed,Removed,Galaxy Sword
BlueprintsMenu.cs.10011,Removed,Removed,Incorrect Building Type
Utility.cs.5625,Removed,Removed,Clever
Bus.cs.7157,Removed,Removed,"Sir? Are you still there?$u#$b#Uh-huh... sorry to put you on hold, sir. I had some business to attend to.$h"
Game1.cs.2735,Removed,Removed,"E, F, or Mouse Mid. - Remove Item From Backpack"
Sound Recorder,Removed,Removed,Sound Recorder
GameLocation.cs.8205,Removed,Removed,Material Stockpile: \n {0} pieces of lumber\n {1} pieces of stone.
Utility.cs.5597,Removed,Removed,Doughboy
Bus.cs.7136,Removed,Removed,"Old Lady: You're liable to hurt someone, waltzing around on a moving bus!"
TV.cs.13140,Removed,Removed,...our Stardew Valley weather station is operational and reporting in with tomorrow's data.
Utility.cs.5569,Removed,Removed,Cowboy
Event.cs.1619,Removed,Removed,Finally! I was starting to get worried you wanted to dance with someone else!$h
Game1.cs.2719,Removed,Removed,X or Left Click - Select
Utility.cs.5585,Removed,Removed,Cowgirl
Event.cs.1625,Removed,Removed,"Aw, I gotta put on that dorky suit again? I thought now that we're married... Well, alright.$s"
Utility.cs.5260,Removed,Removed,"There are many here who've done a lot for this community, but unfortunately there can only be one Stardew Hero.#$b#...And standing before you today are the two top contenders. @ and %rival."
ItemDeliveryQuest.cs.13412,Removed,Removed,eat in front of the TV
Utility.cs.5520,Removed,Removed,Zach
Utility.cs.5572,Removed,Removed,Professor
Utility.cs.5630,Removed,Removed,Blushing
Utility.cs.5239,Removed,Removed,"has become a local fishing legend, "
Utility.cs.5230,Removed,Removed," she's worked hard on her farm, "
HorseFlute_Description,Removed,Removed,Playing this flute will summon your horse. Only works outdoors.
Buff.cs.467,Removed,Removed,-8 Speed
Utility.cs.5519,Removed,Removed,Frank
Krobus_Stardrop,Removed,Removed,I wanted to give you this as a 'thank you' for letting me live here with you.$h
Seeds.cs.14212,Removed,Removed,Parsnip
Utility.cs.5499,Removed,Removed,Ron
FarmImprovement_Guy_5,Removed,Removed,"I can get my boys to improve the sand, allowing you to use sprinklers.  I'll just need 100,000g. What do you say?"
OptionsPage.cs.anchorTooltips,Removed,Removed,Anchor Tooltips
MapPage.cs.11180,Removed,Removed,BackWoods
Utility.cs.5253,Removed,Removed,-Trader Joe's Organic Hummus
Utility.cs.5573,Removed,Removed,Seafarer
Game1.cs.2728,Removed,Removed,C or Right Click - Use Item
Event.cs.1205,Removed,Removed,Battered Sword
Utility.cs.5613,Removed,Removed,Software Developer
Seeds.cs.14237,Removed,Removed,Fall Mix
Bus.cs.7139,Removed,Removed,Girl: Hi! <
FarmInfoPage.cs.10440,Removed,Removed,Crops Shipped
Utility.cs.5551,Removed,Removed,Jessica
WeedingQuest.cs.13824,Removed,Removed,Talk to Mr. Lewis
Utility.cs.5521,Removed,Removed,Bert
MagnifyingGlass.cs.14119,Removed,Removed,Magnifying Glass
Utility.cs.5312,Removed,Removed,"I would like to to say how much of a *blessing* it's been to meet all of you wonderful people! I'm so happy to know how important I am in making this community great.$h#$b#Unfortunately, @ was so jealous of me that she did everything possible to drag me down!$u#$b#But, against all odds, I've single-handedly transformed this valley into a new paradise, and touched your hearts in a way you'll never forget. *sniff*"
Utility.cs.5586,Removed,Removed,Sweet
Utility.cs.5503,Removed,Removed,Willy
ItemDeliveryQuest.cs.13533,Removed,Removed, So you saw the {0} I posted?
Bus.cs.7138,Removed,Removed,Found 20g under the seat!
Utility.cs.5511,Removed,Removed,Mitch
Event.cs.1629,Removed,Removed,"Yes... could I refuse that soft, kind face? The touch of spring-time's sweet embrace?"
DiaryEvent.cs.6649,Removed,Removed,diary
Utility.cs.5504,Removed,Removed,Tex
BlueprintsMenu.cs.10016,Removed,Removed,Can't Build There
Bus.cs.7156,Removed,Removed,Driver: Huh? We're almost there. It should only be a few more minutes.
BackdoorKey,Removed,Removed,Backdoor Key
FarmImprovement_Guy_6,Removed,Removed,Heh heh heh... perfect. You can expect the changes tomorrow morning.
Utility.cs.5594,Removed,Removed,Plumber
Auto-Slingshot,Removed,Removed,Auto-Slingshot
MeleeWeapon.cs.14146,Removed,Removed,{0}{1} Knockback
MilkPail.cs.14171,Removed,Removed,{0} Required
Utility.cs.5319,Removed,Removed,"Good job, buddy!"
Bus.cs.7147,Removed,Removed,Received 1g.
Utility.cs.5629,Removed,Removed,Sweet Lil'
Utility.cs.5252,Removed,Removed,everyone from HarvestCraft
TV.cs.13142,Removed,Removed,"...You can see a variable pressure front coming down from the north here. Well that can only mean one thing, folks..."
CooperativeMenu.cs.10327,Removed,Removed,Host a Valley
TitleScreenMenu.cs.11789,Removed,Removed,Leave Stardew Valley
NPC.cs.4436,Removed,Removed,*sigh*... I just want to stay in bed.$s
Utility.cs.5538,Removed,Removed,Pauline
Confusion_BuffName,Removed,Removed,Confusion
Utility.cs.5593,Removed,Removed,Lil'
TV.cs.13144,Removed,Removed,"...To the northeast you can see a dry-line bulge creeping west near calico desert. It's pretty clear to me, folks..."
Utility.cs.5634,Removed,Removed,Housewife
Utility.cs.5522,Removed,Removed,Lucas
Game1.cs.3078,Removed,Removed,You don't have enough money to buy that.
MagicHousePaint,Removed,Removed,Magic House Paint
Mines_Lava_HardMode_SongName2,Removed,Removed,Mines (Radioactive Crust)
Bus.cs.7161,Removed,Removed,"Although, they are displaying our corporate logo, which you'll be pleased to hear, sir.$h"
Seeds.cs.14216,Removed,Removed,Garlic
Utility.cs.5314,Removed,Removed,"...Without further ado, ladies and gentleman..."
Utility.cs.5508,Removed,Removed,Marty
Utility.cs.5361,Removed,Removed,"Sorry, @..."
Seeds.cs.14220,Removed,Removed,Tomato
Game1.cs.2592,Removed,Removed,Connecting to {0}...
OptionsPage.cs.11270,Removed,Removed,High
Event.cs.1615,Removed,Removed,"I accept!$h#$b#*whisper* Thanks for going through with the formalities, dear."
Game1.cs.2730,Removed,Removed,Z or Mouse Wheel - Switch Item
Utility.cs.5588,Removed,Removed,Sorceress
Utility.cs.5626,Removed,Removed,Gossiping
Event.cs.1014,Removed,Removed,"Hey man, sorry you had to get caught up in our awkward family stuff...^Hey, sorry you had to get caught up in our awkward family stuff."
Event.cs.1209,Removed,Removed,You got the Battered Sword! It was sent home to your toolbox.
Cat.cs.6572,Removed,Removed,Cat
Utility.cs.5592,Removed,Removed,Big
Seeds.cs.14234,Removed,Removed,Beet
Buff.cs.459,Removed,Removed,-1 Speed
Seeds.cs.14213,Removed,Removed,Green Bean
FivePlagues_Rot,Removed,Removed,A rot is spreading among your Qi fruit...
FishingQuest.cs.13241,Removed,Removed,Octopi caught
Game1.cs.3051,Removed,Removed,Empty the contents of your backpack into the shipping box?
Utility.cs.5583,Removed,Removed,Swordmaiden
Bus.cs.7134,Removed,Removed,"Moustached Man: Don't worry, friend. I've got my eyes peeled for the valley."
TitleMenu.cs.11736,Removed,Removed,Load
Game1.cs.2716,Removed,Removed,X or Left Click - Advance Dialogue
Game1.cs.2694,Removed,Removed,Next stop: 
Game1.cs.3053,Removed,Removed,Place anything you want to sell in here.
WeedingQuest.cs.13819,Removed,Removed,"You did a great job, @! Thank you so much.$h#$b#I think everyone will be happy once they see how great the town looks!#$b#Here's your payment."
Game1.cs.2771,Removed,Removed,PlaySlots
Event.cs.1593,Removed,Removed,I can't believe I lost...$s
Utility.cs.5323,Removed,Removed,...%rival.$h
Utility.cs.5601,Removed,Removed,Grocer
Utility.cs.5582,Removed,Removed,Explorer
Utility.cs.5540,Removed,Removed,Melissa
Game1.cs.3754,Removed,Removed,Dwarf King
Utility.cs.5617,Removed,Removed,Ol'
Utility.cs.5641,Removed,Removed,'The Wiz'
Utility.cs.5558,Removed,Removed,Hannah
Seeds.cs.14229,Removed,Removed,Artichoke
Utility.cs.5628,Removed,Removed,Diva
MapPage.cs.11195,Removed,Removed,Lonely Stone
Seeds.cs.14217,Removed,Removed,Kale
Game1.cs.2768,Removed,Removed,Leave
FishingRod.cs.14044,Removed,Removed,Use in the water to catch fish.
Bus.cs.7162,Removed,Removed,"*snort* ... Yes, sir. It definitely won't be a problem to get these country rubes to sign the paperwork...$u#$b#We'll have that new Joja Hypermarket up and running in no time. Then maybe we can discuss that new-$u"
Bus.cs.7150,Removed,Removed,"Driver: Hey, you'd better take a seat."
Seeds.cs.14231,Removed,Removed,Bok Choy
Bus.cs.7154,Removed,Removed,...well?$u
Utility.cs.5576,Removed,Removed,Hunter
TitleScreenMenu.cs.11787,Removed,Removed,Load Game
MineElevator.cs.6567,Removed,Removed,Can only build one per level
Utility.cs.5310,Removed,Removed,"I would like to to say how much of a *blessing* it's been to meet all of you wonderful people! I'm so happy to know how important I am in making this community great.$h#$b#Unfortunately, @ was so jealous of me that he did everything possible to drag me down!$u#$b#But, against all odds, I've single-handedly transformed this valley into a new paradise, and touched your hearts in a way you'll never forget. *sniff*"
Utility.cs.5356,Removed,Removed,"Good job, dude.$h"
Utility.cs.6018,Removed,Removed,Forming Spring Buds...
Ostrich_Name,Removed,Removed,Ostrich
Utility.cs.5243,Removed,Removed,Credits:
Utility.cs.5259,Removed,Removed,...The title of Stardew Hero is awarded only to those who've displayed extraordinary commitment to this valley and the people who live here.
Utility.cs.5363,Removed,Removed,%rival won? I'm still shocked...
TemporaryAnimatedSprite.cs.5153,Removed,Removed,explosion
Game1.cs.2769,Removed,Removed,You have {0} club coins.
Seeds.cs.14222,Removed,Removed,Yellow Pepper
Utility.cs.5360,Removed,Removed,Hmmph. They'd never give that award to an old timer like me.
Utility.cs.5590,Removed,Removed,Geezer
Utility.cs.5647,Removed,Removed,'The Shark'
Utility.cs.5320,Removed,Removed,I told you my seeds would get the job done!$h
Utility.cs.5635,Removed,Removed,Gardener
Utility.cs.5598,Removed,Removed,Bag Boy
Furniture.cs.12636,Removed,Removed,Can't place on top of a person.
Mines_Lava_HardMode_SongName,Removed,Removed,Mines (Soul Of The Planet)
Auto-Slingshot_Description,Removed,Removed,This slingshot can fire projectiles repeatedly.
Mines_Frost_HardMode_SongName,Removed,Removed,Mines (Hardwood Hollows)
Event.cs.1602,Removed,Removed,"Well, here goes nothing..."
Seeds.cs.14209,Removed,Removed,Seeds
SwitchFloor.cs.13097,Removed,Removed,Switch Floor
CataloguePage.cs.10149,Removed,Removed,Someone's in there!
Utility.cs.5307,Removed,Removed,"%rival also moved here 2 years ago. In that time she created one of the most productive farms I've ever seen!$h#$b#...And funneled a large sum into my personal bank acc... er, I mean campaign fund!"
Event.cs.1613,Removed,Removed,B... But... I wanted to dance with...$s#$b#Just kidding! Of course I'm dancing with you. I love you.$h
Utility.cs.5244,Removed,Removed,"Programming,"
Utility.cs.5501,Removed,Removed,Gary
Utility.cs.5599,Removed,Removed,Courtesy Clerk
MapPage.cs.11188,Removed,Removed,W. Pelican Town
Utility.cs.5245,Removed,Removed,"Art, Music,"
Utility.cs.5545,Removed,Removed,Rebecca
TitleMenu.cs.11737,Removed,Removed,Co-op
Bus.cs.7164,Removed,Removed,Moustached Man: There it is! Stardew Valley!
Utility.cs.5627,Removed,Removed,Prom Queen
Buff.cs.455,Removed,Removed,-3 Defense
Utility.cs.6044,Removed,Removed,Sunrising...
TV.cs.13141,Removed,Removed,"I'm Tom Laminar, reporting in from KOZU 5... weather, news, and entertainment. Now, the report from Stardew Valley..."
Utility.cs.5321,Removed,Removed,This is the stupidest town I've ever set my foot in!$s
Game1.cs.3092,Removed,Removed,"As you swallow the Stardrop, a feeling of great possibility sweeps through your body."
Buff.cs.463,Removed,Removed,-8 Attack
Event.cs.1055,Removed,Removed,I must have hit my head pretty hard... I've forgotten everything about the last {0} levels of the mine. 
FivePlagues_Storm,Removed,Removed,A powerful electrical storm is brewing...
Bus.cs.7145,Removed,Removed,Man: That bag costs more than you'll make in ten years!
Utility.cs.5618,Removed,Removed,Granny
Game1.cs.2766,Removed,Removed,Play Again
Blueprints.cs.14039,Removed,Removed,Farmer's Catalogue
Stupefied_BuffDescription,Removed,Removed,You can't remember how to use any special moves
Utility.cs.5550,Removed,Removed,Carly
Utility.cs.5315,Removed,Removed,The next Stardew Hero will be...
Farmer.cs.1930,Removed,Removed,...And you succeed!
OptionsPage.cs.11267,Removed,Removed,Lighting Quality
Utility.cs.5604,Removed,Removed,Burglar
Seeds.cs.14215,Removed,Removed,Potato
Utility.cs.5552,Removed,Removed,Samantha
GrandpaStory.cs.12033,Removed,Removed,...and your spirit will fight to stay awake.
OptionsPage.cs.11301,Removed,Removed,Show Sharper Digits
Utility.cs.5525,Removed,Removed,Mike
Event.cs.1623,Removed,Removed,Ugh... do we have to? Alright.
BarnDweller.cs.386,Removed,Removed,{0} is sleeping.
Game1.cs.2734,Removed,Removed,C or Right Click - Use {0}
Utility.cs.5655,Removed,Removed,Farmgirl
FarmInfoPage.cs.10441,Removed,Removed,Buildings
Utility.cs.5524,Removed,Removed,Stu
Game1.cs.2777,Removed,Removed, You win {0} Club Coins.
NPC.cs.4438,Removed,Removed,"...$a#$e#I had a bad dream, that's all.$s"
Utility.cs.5527,Removed,Removed,Nick
Seeds.cs.14228,Removed,Removed,Eggplant
Utility.cs.5506,Removed,Removed,Lenny
Utility.cs.5544,Removed,Removed,Minnie
Game1.cs.2727,Removed,Removed,X or Left Click - Drop Item
Utility.cs.5562,Removed,Removed,Prospector
Utility.cs.5567,Removed,Removed,Swordsman
Game1.cs.2946,Removed,Removed,How much do you want to bet? (You have {0} club coins).
Bus.cs.7149,Removed,Removed,The bus hasn't arrived yet...
Utility.cs.5254,Removed,Removed,Thanks for playing! :)
TV.cs.13138,Removed,Removed,"...and that's our best prediction for {0}, folks. Now how about Pelican Town?"
Utility.cs.5568,Removed,Removed,Rancher
BlueprintsMenu.cs.10026,Removed,Removed,Fullness:
Utility.cs.5571,Removed,Removed,'King'
Utility.cs.5350,Removed,Removed,Stardew Hero... I'm impressed!$h
Utility.cs.5313,Removed,Removed,"I would like to to say how much of a *blessing* it's been to meet all of you wonderful people! I'm so happy to know how important I am in making this community great.$h#$b#Unfortunately, @ was so jealous of my incredible farm that she did everything possible to drag me down!$u#$b#But, against all odds, I've single-handedly transformed this valley into a new paradise, and touched your hearts in a way you'll never forget. *sniff*"
Bus.cs.7137,Removed,Removed,"Old Lady: Ah well, if my knees weren't so stiff I'd probably do the same. Hehee."
Utility.cs.5633,Removed,Removed,Astronomer
Dog.cs.6586,Removed,Removed,Dog
FivePlagues_Dust,Removed,Removed,A dust storm clogged your sprinklers during the night. They'll need 5 days to recover.
Game1.cs.2594,Removed,Removed,Melting Winter Snow...
Utility.cs.5509,Removed,Removed,Jared
TemporaryAnimatedSprite.cs.5152,Removed,Removed,fuse
MapPage.cs.11109,Removed,Removed,Railroad
Utility.cs.5535,Removed,Removed,Joanie
Seeds.cs.14219,Removed,Removed,Melon
Utility.cs.5559,Removed,Removed,Lauren
OptionsPage.cs.11268,Removed,Removed,Low
Bus.cs.7143,Removed,Removed,Man: ...*Sigh*... Kids these days...
Bus.cs.7159,Removed,Removed,"I have to say, so far I've been quite unimpressed with the locals.$h"
Game1.cs.2776,Removed,Removed,JACKPOT WINNER!!
NPC.cs.4078,Removed,Removed,'
NPC.cs.4131,Removed,Removed,"{0} loves '{1}'. She keeps a box of it under her bed. Weird, huh?"
Chest.cs.12531,Removed,Removed,Monster in a box!
Stupefied_BuffName,Removed,Removed,Stupefied
Event.cs.1617,Removed,Removed,Of course... *whisper* Then can we go home and snuggle?$l
SpiritRod_Description,Removed,Removed,Summons a flying companion to fight by your side.
ItemDeliveryQuest.cs.13563,Removed,Removed,"FOR GIRLS ONLY: psst... I need {0}... you know what it's for. Keep it secret, okay?      -Haley"
Utility.cs.5606,Removed,Removed,Cool Guy
FarmImprovement_Guy_3,Removed,Removed,"No, thanks."
Utility.cs.5560,Removed,Removed,Stephanie
Buff.cs.473,Removed,Removed,+2 Speed
Bus.cs.7133,Removed,Removed,Lady: He's shy around strangers.
Utility.cs.5561,Removed,Removed,Farmer
Bus.cs.7148,Removed,Removed,Man: ...
Utility.cs.5256,Removed,Removed,"Welcome, everyone, to the 16th Centennial Stardew Hero Celebration!$h#$b#We've been a long time without a Stardew Hero, and I think we can all agree it's time to bestow this prestigious award on someone new!"
Bus.cs.7127,Removed,Removed,...No response.
FarmComputer_Intro,Removed,Removed,{0} Farm Analysis:
Utility.cs.5645,Removed,Removed,'Spoonface'
Sword.cs.14297,Removed,Removed,The ultimate cosmic weapon.
Utility.cs.5507,Removed,Removed,Patrick
MineShaft.cs.9578,Removed,Removed,You fell {0} levels.
Game1.cs.2949,Removed,Removed,Semitones above C3:
Game1.cs.2677,Removed,Removed,You've learned how to craft a new item: 
Utility.cs.5608,Removed,Removed,Good Guy
Buff.cs.454,Removed,Removed,-2 Speed
Utility.cs.5555,Removed,Removed,Liz
Utility.cs.5500,Removed,Removed,Desmond
WeedingQuest.cs.13826,Removed,Removed,{0}/{1} town weeds removed
Seeds.cs.14218,Removed,Removed,Rhubarb
Utility.cs.5317,Removed,Removed,"Congratulations, @! You earned it with a whopping {0} points!$h"
Qi_Double,Removed,Removed,Qi's double found a new hiding spot in town...
Sword.cs.14295,Removed,Removed,A powerful relic infused with evil energy.
Utility.cs.5632,Removed,Removed,Cat Lady
Event.cs.1595,Removed,Removed,"Well, I didn't win... but it was still satisfying to share all my hard work!"
CataloguePage.cs.10140,Removed,Removed,Demolish Buildings
Utility.cs.5619,Removed,Removed,Old Mother
Event.cs.1503,Removed,Removed,"You don't like it, huh? Bah! Kids these days... no appreciation for anything. That was expensive, and I'm not made of money, you know!"
Utility.cs.5556,Removed,Removed,Taylor
Utility.cs.5241,Removed,Removed, and has earned over {0}g in revenue.
Key To The Town_desc,Removed,Removed,"Allows access to all buildings in town, at any time of day."
FivePlagues_Slept,Removed,Removed,"While you slept all day, something damaged your crops..."
Utility.cs.5532,Removed,Removed,Susan
Utility.cs.5609,Removed,Removed,'Garbage'
TitleScreenMenu.cs.11786,Removed,Removed,New Game
Game1.cs.2956,Removed,Removed,How many would you like?
Utility.cs.5352,Removed,Removed,I'm so glad %rival didn't win.
Utility.cs.5533,Removed,Removed,Danielle
Utility.cs.5502,Removed,Removed,Bart
Utility.cs.5646,Removed,Removed,'The Brain'
CooperativeMenu.cs.10319,Removed,Removed,Host Valley
Confusion_BuffDescription,Removed,Removed,You feel dizzy...
Seeds.cs.14230,Removed,Removed,Pumpkin
Utility.cs.5512,Removed,Removed,Dale
Utility.cs.5610,Removed,Removed,Math Whiz
Utility.cs.5615,Removed,Removed,Business Major
Bus.cs.7142,Removed,Removed,"Man: What are you, some kind of bum?"
Utility.cs.5531,Removed,Removed,Jack
Utility.cs.5510,Removed,Removed,Kyle
Game1.cs.3180,Removed,Removed,Nothing happens. Sandy said something about 'infusing it with the power of Yoba'.
Utility.cs.5644,Removed,Removed,'The Duck'
Utility.cs.5657,Removed,Removed, pts.
Utility.cs.5516,Removed,Removed,Leone
MagnifyingGlass.cs.14120,Removed,Removed,Use this on your animals to see how they're doing.
Utility.cs.5546,Removed,Removed,Holly
Seeds.cs.14233,Removed,Removed,Cranberries
Game1.cs.2955,Removed,Removed,How many units of fuel do you want to buy?
CoopDweller.cs.552,Removed,Removed,{0} seems to be in a bad mood... 
FishingQuest.cs.13251,Removed,Removed,Trying to keep the art o' fishing alive... I'll pay {0}g to any fishing enthusiast who catches {1} {2}. Good luck!  -Willy
MagicMap.cs.14117,Removed,Removed,Magic Map
NameSelect.cs.3856,Removed,Removed,Band Name: 
Game1.cs.2951,Removed,Removed,Drum Sound:
Utility.cs.5577,Removed,Removed,Warlock
Bus.cs.7160,Removed,Removed,"They seem like a docile and unfashionable sort of people.$s#$b#The children look sickly, and all the young men are delinquents from what I've seen so far...$h"
CataloguePage.cs.10152,Removed,Removed,You can't build that in this location.
Buff.cs.461,Removed,Removed,-4 Speed
Utility.cs.5537,Removed,Removed,Kate
Utility.cs.6062,Removed,Removed,The pages are too faded to read
Utility.cs.5554,Removed,Removed,Brittany
Utility.cs.5595,Removed,Removed,Great-Grandpa
Bus.cs.7144,Removed,Removed,"Man: For the love of Yoba, get your filthy paws off my designer bag!"
Bus.cs.7140,Removed,Removed,Man: Get your claws off my bag.
Game1.cs.2731,Removed,Removed,Q or Enter - Open Menu
NPC.cs.4485,Removed,Removed,Farm
Seeds.cs.14239,Removed,Removed,Ancient Fruit
Utility.cs.5322,Removed,Removed,{0} was never heard from again...
Utility.cs.5308,Removed,Removed,"Thank you, Mayor, sir!$h"
CataloguePage.cs.10138,Removed,Removed,Building Upgrades
TV.cs.13143,Removed,Removed,"...If you look here, you'll see some tempurature fluctuations of low to moderate severity. Do you know what that means, folks?..."
Game1.cs.2732,Removed,Removed,Shift - Run/Walk
Utility.cs.5639,Removed,Removed,'The Meatloaf'
MapPage.cs.11168,Removed,Removed,Elliott's Cabin
Game1.cs.2666,Removed,Removed,You've learned a new cooking recipe: 
Utility.cs.5246,Removed,Removed,"Sound Effects, Writing:"
Utility.cs.5581,Removed,Removed,Herbalist
Utility.cs.5570,Removed,Removed,Slick
Utility.cs.5547,Removed,Removed,Ashley
Event.cs.1631,Removed,Removed,"Okay, this should be fun... I hope I can remember the moves this year! It's been a while...$h"
FarmInfoPage.cs.10425,Removed,Removed,Avg.<: 
Utility.cs.5528,Removed,Removed,Ben
Utility.cs.5536,Removed,Removed,Emma
Utility.cs.5351,Removed,Removed,"It's such a great honor you received, @! But you earned it."
MagicMap.cs.14118,Removed,Removed,Siphons energy from deep within the earth.
Utility.cs.5326,Removed,Removed,"...Sorry @. You did well, but you didn't accomplish enough to win.$s"
Utility.cs.5563,Removed,Removed,Fisherman
Event.cs.1022,Removed,Removed,I'm so embarrassed... sorry.$s
CataloguePage.cs.10148,Removed,Removed,Only the farm owner can demolish.
PurchaseAnimalsMenu.cs.11324,Removed,Removed,Purchased {0}
Object.cs.12861,Removed,Removed,Cooking
Seeds.cs.14227,Removed,Removed,Corn
MoneyMadeScreen.cs.3854,Removed,Removed,Total: {0}g
Utility.cs.5518,Removed,Removed,Steve
Bus.cs.7135,Removed,Removed,It doesn't look too happy in there...
MineShaft.cs.9580,Removed,Removed,Ouch!
Event.cs.1250,Removed,Removed,Against
Event.cs.1591,Removed,Removed,"It feels great to be on top! Hah!$h#$e#Nice effort, though."
Utility.cs.5541,Removed,Removed,Penny
Utility.cs.5327,Removed,Removed,"Don't be sad, @... We still love you.$h"
MultiplayerUtility.cs.12488,Removed,Removed,Your grange display has been judged. Return to Mayor Lewis for the result!
Utility.cs.5229,Removed,Removed," he's worked hard on his farm, "
Game1.cs.3093,Removed,Removed, ^^Your maximum energy level has increased.^
Utility.cs.5643,Removed,Removed,'The Nose'
NPC.cs.4434,Removed,Removed,Nghh... what is it? I'm trying to sleep.$a
Utility.cs.5616,Removed,Removed,Pony Master
Utility.cs.5640,Removed,Removed,'The Boy Wonder'
Utility.cs.5329,Removed,Removed,Better luck next time!
Seeds.cs.14224,Removed,Removed,Radish
Utility.cs.5240,Removed,Removed,"has explored the shadowy depths of the local mine, "
Utility.cs.5637,Removed,Removed,Lunch Lady
FishingQuest.cs.13238,Removed,Removed,$s#$b#Anyways... here's your reward. It's straight from the Stardew Valley Wildlife Conservation fund!
Utility.cs.5306,Removed,Removed,"%rival also moved here 2 years ago. In that time he created one of the most productive farms I've ever seen!$h#$b#...And funneled a large sum into my personal bank acc... er, I mean campaign fund!"
ItemDeliveryQuest.cs.13574,Removed,Removed,I would like a cute girl to bring me {0}.  (^_-)      -Sam
Utility.cs.5248,Removed,Removed,Special Thanks:
Farmer.cs.1925,Removed,Removed,Level Up
SoundRecorder_Description,Removed,Removed,"When recording, saves the most recent sound you hear. That sound can then be played back at will."
Bus.cs.7152,Removed,Removed,Oooo... My feet hurt from all that shopping.$s#$b#Hey. Could you ask the driver how long it'll be until we get to Stardew?
Utility.cs.5600,Removed,Removed,Banker
Utility.cs.5543,Removed,Removed,Betty
CooperativeMenu.cs.10318,Removed,Removed,Join Valley
Game1.cs.3072,Removed,Removed,Thank you!
CoopDweller.cs.550,Removed,Removed,{0} is sleeping.
FivePlagues_Rabbits,Removed,Removed,Wild rabbits are planning to eat your crops tonight. Fences should help.
Utility.cs.5865,Removed,Removed,Wallpaper applied
GrandpaStory.cs.12032,Removed,Removed,"Someday, you might find yourself in a desperate gloom..."
Farmer.cs.1935,Removed,Removed,...but you don't have any space in your toolbox or inventory.
Seeds.cs.14226,Removed,Removed,Starfruit
Utility.cs.5868,Removed,Removed,Flooring applied
Utility.cs.5574,Removed,Removed,Sailor
Event.cs.1016,Removed,Removed,I probably shouldn't have said anything...$5
WeedingQuest.cs.13817,Removed,Removed,"
 
- 300g reward"
Utility.cs.5624,Removed,Removed,Miss
FarmComputer_NumAnimals,Removed,Removed,Number Of Animals: {0}
Seeds.cs.14232,Removed,Removed,Yam
ShippingMenu.cs.11385,Removed,Removed,Done
Utility.cs.5549,Removed,Removed,Nina
Utility.cs.5631,Removed,Removed,Bashful
NPC.cs.3996,Removed,Removed,Go to sleep for the night?
