Chat_RaceStarting,The next race is starting soon...,下一場比賽即將開始……,New line from v1.6
Tomorrow,Tomorrow...,明天……,New line from v1.6
TextSignEntry,Enter sign text,輸入標牌文字,New line from v1.6
Chat_CalicoStatue_Activated,Calico Statue: {0},卡利科三花雕像：{0},New line from v1.6
Chat_GuessRacer_10,{0} is sure {1}'s gonna win!,{0}覺得{1}必勝無疑！,New line from v1.6
Chat_GuessRacer_7,{0} is cheering for {1}!,{0}為{1}歡呼喝彩！,New line from v1.6
Chat_RaceWinners_Final,and {0}!,以及{0}！,New line from v1.6
Chat_RaceSabotage_5,The little racers seem nervous about the next race...,小選手們對下一場比賽似乎有些緊張……,New line from v1.6
Chat_GuessRacer_9,{0} is betting big on {1}!,{0}在{1}身上孤注一擲！,New line from v1.6
Chat_RaceWinners_One,{0} has won the race! Congratulations {1}!,{0}贏得了比賽！恭喜{1}！,New line from v1.6
Carpenter_ChangeAppearance,Change Appearance,修改外觀,New line from v1.6
Chat_RaceSabotage_2,Maniacal laughter was heard behind Sandy's Oasis...,有人在沙蒂的綠洲後面瘋狂大笑……,New line from v1.6
Chat_HardModeSkullCaveActivated,"{0} has removed an ancient magi-seal of protection in the Skull Cavern. Tonight, powerful monsters will ascend from the deep...","{0} has removed an ancient magi-seal of protection in the Skull Cavern. Tonight, powerful monsters will ascend from the deep……",New line from v1.6
Chat_GuessRacer_1,{0} thinks {1} is going to win the race...,{0}覺得{1}會贏得比賽……,New line from v1.6
PreviousPage,Previous page,Previous page,New line from v1.6
AGO_LegacyRandomization,Use Legacy Randomization,Use Legacy Randomization,New line from v1.6
Chat_GuessRacer_2,{0} will be seeing {1} at the finish line!,{0}會在終點線為{1}加油！,New line from v1.6
Chat_GuessRacer_8,{0}'s going 'all in' on {1}!,{0}把寶押在了{1}身上！,New line from v1.6
Chat_RaceSabotage_4,The race track is looking a little slippery...,賽道看起來有點滑……,New line from v1.6
Chat_GuessRacer_3,{0} is hoping {1} pulls off a first place finish!,{0}希望{1}能勇奪第一！,New line from v1.6
AGO_LegacyRandomization_Tooltip,Make random choices in a way that often repeats patterns. Most players should keep this disabled.,Make random choices in a way that often repeats patterns. Most players should keep this disabled.,New line from v1.6
Item_CantBeUsedHere,This item can't be used here.,This item can't be used here.,New line from v1.6
Chat_GuessRacer_5,{0} is Team {1}!,{0}支持{1}！,New line from v1.6
Chat_RaceSabotage_3,The fix is in...,有黑箱作業……,New line from v1.6
Chat_RaceSabotage_1,There's a rumor that the next race is rigged...,據說有人對下一場比賽動了手腳……,New line from v1.6
Chat_RaceWinners_Many,{0} has won the race! Congratulations,{0}贏得了比賽！恭喜,New line from v1.6
Chat_RaceWinners_List,"{0},","{0},",New line from v1.6
Chat_RaceWinners_Two,{0} has won the race! Congratulations {1} and {2}!,{0}贏得了比賽！恭喜{1}和{2}！,New line from v1.6
Chat_GuessRacer_6,{0} thinks {1} is a sure bet!,{0}覺得{1}穩贏！,New line from v1.6
NextPage,Next page,Next page,New line from v1.6
Chat_HardModeSkullCaveDeactivated,"{0} has restored an ancient magi-seal of protection in the Skull Cavern. Tomorrow, it will return to normal...","{0} has restored an ancient magi-seal of protection in the Skull Cavern. Tomorrow, it will return to normal……",New line from v1.6
Chat_GuessRacer_4,{0} is rooting for {1}!,{0}為{1}加油助威！,New line from v1.6
Chat_RaceWinners_Zero,{0} has won the race!,{0}贏得了比賽！,New line from v1.6
Character_FarmFishing,Riverland Farm_Your farm is spread across several islands and scenic riverbanks. Fish are more common here than usual. You start with a fish smoker.,河邊農場_你的農場散布在幾座島嶼和風景優美的河岸之間。這裡的魚要比其他地方更多。開始時有一台燻魚機。,Riverland Farm_Your farm is spread across several islands and scenic riverbanks. Fish are more common here than usual.
UserSignoutMenu_SignInChange,A sign-in change has occurred. Sign back in or exit to the title screen.,出現了帳號更換情況，請重新登入或者回到遊戲標題畫面。,A sign-in change has occured. Sign back in or exit to the title screen.
Character_CoopHelpString,"Starting Cabins: Start with 1-{0} cabins already in place, allowing your friends to join immediately. Alternatively, you can select ""None"" and build the cabins yourself (via Robin).^^Cabin Layout: If you decide to start your farm with pre-existing cabins, you can choose between two layout styles: ""Nearby"" places all cabins near the main farmhouse, encouraging a communal farming style. ""Separate"" places the cabins far apart, allowing more room for independence.^^Profit Margin: Adjusts the profit margin (money you earn) on goods you sell. 'Normal' is the original Stardew Valley experience. More experienced and/or larger groups may wish to decrease the margin.",初始聯機小屋：開始時已有 1 至 {0} 間聯機小屋就位，可讓你的朋友立即加入。或者，你可以選擇“無”，並（通過羅賓）自己建造聯機小屋。^^聯機小屋布局：如果你決定用原本存在的聯機小屋開始你的農場，則可在兩種布局風格之間做選擇：“附近”將所有聯機小屋都放在主農舍附近，鼓勵社區型耕種風格。“獨立”將盡可能拉開聯機小屋之間的距離，提供更多的獨立空間。^^利潤率：調節你所出售商品的利潤率（你賺的錢）。“普通”是原汁原味的星露谷體驗。經驗較豐富和/或規模較大的團隊員可能會壓低利潤。,"Starting Cabins: Start with 1-3 cabins already in place, allowing your friends to join immediately. Alternatively, you can select ""None"" and build the cabins yourself (via Robin).^^Cabin Layout: If you decide to start your farm with pre-existing cabins, you can choose between two layout styles: ""Nearby"" places all cabins near the main farmhouse, encouraging a communal farming style. ""Separate"" places the cabins far apart, allowing more room for independence.^^Profit Margin: Adjusts the profit margin (money you earn) on goods you sell. 'Normal' is the original Stardew Valley experience. More experienced and/or larger groups may wish to decrease the margin."
AGO_Farmhouse,Removed,Removed,Randomize Farm House Location
Backpack_Bought,Removed,Removed,Great! You can hold up to {0} items now!
Chat_HelpCredits,Removed,Removed, - {0}: display credits
Character_FarmFishing_Unlock,Removed,Removed,You unlocked the 'Riverland' farm layout!
About_ConcernedApe,Removed,Removed,ConcernedApe on Twitter
Chat_Credits4,Removed,Removed,"[147]Mac, Linux, and console ports by Sickhead Games"
DisplayAdjustmentText,Removed,Removed,Press up/down to adjust the screen size to fit your display.
About_Chucklefish,Removed,Removed,"Chucklefish, LTD."
SaveGameMenu_Saving1.nswitch,Removed,Removed,Saving. This process can take a long time.
Chat_Credits5,Removed,Removed,[147]Localized by Playism & LocalizeDirect
About_Credit,Removed,Removed,"
= Created by ConcernedApe
< Published by Chucklefish
= Ported by Sickhead Games
< Localized by Playism & LocalizeDirect"
Character_FarmForaging_Unlock,Removed,Removed,You unlocked the 'Forest' farm layout!
Character_FarmMining_Unlock,Removed,Removed,You unlocked the 'Hill-top' farm layout!
Chat_Credits3,Removed,Removed,[147]Network Programming by Tom Coxon
SecretNote_More,Removed,Removed,...
AGO_EasyMode,Removed,Removed,Easy Mode
About_Website,Removed,Removed,Stardew Valley on the web
About_Title,Removed,Removed,    Stardew Valley
AGO_EasyMode_Tooltip,Removed,Removed,"Makes some aspects of the game easier, and reduces penalties."
Chat_ColorListExplanation,Removed,Removed,Use [color-name] in chat.
PlayerLimit,Removed,Removed,Player Limit
SaveGameMenu_Saving2.nswitch,Removed,Removed,Please do not close the software or turn off the console even if the screen is still.
Character_FarmType,Removed,Removed,Farm Type:
Chat_Credits6,Removed,Removed,[147]Published by Chucklefish
Chat_Credits1,Removed,Removed,       [87] Stardew Valley [87]
Character_FarmCombat_Unlock,Removed,Removed,You unlocked the 'Wilderness' farm layout!
Console_MP_FriendListHint,Removed,Removed,No Friend Farms Available
About_CreditExtra_Console,Removed,Removed,"
= Retail distribution by 505 Games
< Retail QA by Pipeworks Studio"
Chat_Credits2,Removed,Removed,[147]Created by Eric Barone (aka ConcernedApe)
LevelUp_Stamina_Restored,Removed,Removed,Energy Fully Restored!
Forge_InsufficientCinderShards,Removed,Removed,You don't have enough Cinder Shards.
AGO_Farmhouse_Tooltip,Removed,Removed,Your farmhouse will be placed in a different spot on the farm.
