GingerIsland_East_JungleHut,Jungle Hut,丛林树屋,New line from v1.6
GingerIsland_North_DigSite,Dig Site,挖掘场,New line from v1.6
GingerIsland_North_FieldOffice,Field Office,办事处,New line from v1.6
GingerIsland_North_Trader,Island Trader,姜岛商人,New line from v1.6
GingerIsland_North_Volcano,Volcano,火山,New line from v1.6
GingerIsland_South_Dock,Willy's Boat,威利的船,New line from v1.6
GingerIsland_South_Resort,Resort,度假村,New line from v1.6
GingerIsland_SouthEast_PirateCove,Pirate Cove,海盗湾,New line from v1.6
GingerIsland_West_BirdieShack,Birdie's Shack,贝啼的小屋,New line from v1.6
GingerIsland_West_GourmandCave,Gourmand Frog,饕餮青蛙,New line from v1.6
GingerIsland_West_House,Island Farmhouse,姜岛农舍,New line from v1.6
GingerIsland_West_QiWalnutRoom,Qi's Walnut Room,齐先生的核桃房,New line from v1.6
GingerIsland_West_Shipwreck,Shipwreck,沉船,New line from v1.6
GingerIsland_West_TigerSlimeGrove,Tiger Slime Grove,老虎史莱姆树林,New line from v1.6
