AcceptGift_(O)279,"Oh, wow... @! Are you sure you want to give this to me? It's so rare!#$b#I'll admit, my mouth is watering already...$h",哇……@！你確定要給我嗎？這個太稀有了！#$b#我承認，我已經開始饞了……$h,New line from v1.6
wonEggHunt_memory_oneyear,I'm still mad that you beat me at the egg hunt last year. You'd better start practicing...,去年的彩蛋尋寶你贏了我，我現在還是很生氣。你最好早點開始練習……,New line from v1.6
AcceptGift_(O)StardropTea,"Wow... the color is so beautiful, like an amethyst. Thanks!",哇……這顏色太好看了，像紫水晶一樣。謝謝你！,New line from v1.6
dating_Abigail,"%Abigail is blushing, but she looks happy.",%阿比蓋爾臉紅了，不過看起來很高興。,New line from v1.6
dating_Sam,"Hey, I heard you and Sam got together... He's a really good guy!$h#$e#We've been friends for a long time. You'd better be good to him, or you'll see my bad side!",哎，我聽說你和山姆在一起了……他人真的挺好的！$h#$e#我們認識很久了，你最好對他好一點，不然我就對你不客氣了！,New line from v1.6
GreenRain_2,Have you seen all the crazy trees around town? Everything looks so different... I feel like we're in a fairy world.,你看到鎮上那些離譜的樹了嗎？變化真的好大……我感覺進入了童話世界。,New line from v1.6
FlowerDance_Decline,That's flattering... but I'm gonna have to say no. Sorry.,真是受寵若驚呢……但我還是得說不行。對不起了。,New line from v1.6
AcceptGift_(O)109,"Whoa... Where'd you find this? The workmanship is fascinating...#$b#It's a little too rusty to use, but I'll add it to my collection.",哇……你是在哪裡找到的？這做工太帥了……#$b#生鏽這麼嚴重，沒辦法用了，我就收藏起來吧。,New line from v1.6
eventSeen_3,The spirits have a mind of their own...$l,精靈好像有自己的想法……$l,New line from v1.6
FlowerDance_Accept_Spouse,B... But... I wanted to dance with...$s#$b#Just kidding! Of course I'm dancing with you. I love you.$h,但……但是……我理想的舞伴是……$s#$b#開個玩笑而已！我的舞伴當然是你啊，我愛你。$h,New line from v1.6
AcceptGift_(TR)BasiliskPaw,Disgusting... I love it!$h,好噁心……不過我喜歡！$h,New line from v1.6
Wed4,"I can't trust a person who doesn't like animals...#$e#Oh, don't worry! I know you're an animal lover!$h",我不會信任不喜歡動物的人。#$e#啊，別擔心！我知道你很喜歡動物！$h,New line from v1.6
dating_Abigail_memory_oneday,...You're cute.$l,……你真可愛。$l,New line from v1.6
married_Sebastian,Congratulations on the marriage. I guess this means Sebastian won't be moving to the city like he always talked about.$6#$b#That'll be nice. I'd be kind of sad if I never saw him again. We've always been good friends.$6,祝你新婚快樂。賽巴斯汀不是一直說要搬到城裡嘛，這樣一來他就不會去了。$6#$b#就挺不錯的。假如真見不到他了，我會很難過的，畢竟我們認識這麼久了。$6,New line from v1.6
FlowerDance_Accept,"Hey, sure. Let's do it. We can be embarrassed together.$h",欸，好啊。我們一起跳吧，這樣可以一起尷尬。$h,New line from v1.6
GreenRain,"I want to go exploring, but I can tell my Mom is kind of worried. I don't want to add to her stress.",我想去探險，但是我知道我媽有點擔心。我不想增加她的負擔。,New line from v1.6
mineArea_10_oneday,I heard you've been exploring the old mines. That sounds like fun!$h#$e#...I'm working up the courage to go there myself...$s,我聽說你一直在探索舊礦井，感覺很有意思！$h#$e#……我想鼓起勇氣自己去看看……$s,New line from v1.6
AcceptGift_(O)66,"$c 0.5#Wow... it's just my color! Thanks, @!$h#Thank you! This is my favorite stone. It's so pretty.",$c 0.5#哇……我最喜歡這個顏色了！@，謝謝你！$h#謝謝你！這是我最喜歡的石頭，非常好看。,New line from v1.6
married_Sam,"Haha... I can't believe Sam is a married man, now. Who would've thought?$h#$e#Joking aside, I think he'll make a great father some day.",哈哈……誰敢相信，山姆居然結婚了？$h#$e#說正經的，我覺得他以後能當一個好父親。,New line from v1.6
wonEggHunt,"Feeling pretty good about the egg hunt, huh? Well, next year you won't be so lucky...$u",昨天贏了心情很好是吧？呵呵，明年你運氣就不會那麼好了……$u,New line from v1.6
AcceptGift_(O)119,"This makes you wonder... Thousands of years ago, there was probably a little purple-haired cavewoman who played this flute, just like me.#$b#...I'll have to wash it before pressing it to my lips, though.$h",我在想……幾千年以前，會不會也有一個紫色頭髮的女原始人吹過這支笛子，就像我一樣。#$b#……那我吹之前還是得把它洗一下。$h,New line from v1.6
eventSeen_2_memory_oneday,Sebastian mentioned that he heard strange music while having dinner the other night...#$e#I didn't tell him it was us! It seemed better to keep it a mystery.$h,有天晚上吃飯的時候賽巴斯汀說他聽到了奇怪的音樂……#$e#我沒告訴他是我們演奏的！神神秘秘的也挺好。$h,New line from v1.6
AcceptGift_(O)Book_Void,"Whoa, that's a creepy looking book... I love it!#$b#*Flip* *flip* *flip*... Ooh... It's full of monsters...$h#$b#I'll have to study this before going into the caves... Thanks!",哇，這本書看起來好嚇人……我很喜歡！#$b#（翻、翻、翻）……哇……全是怪物……$h#$b#進洞穴探險之前我得好好研究一下……謝謝你！,New line from v1.6
movieTheater,Did you hear about the new movie theater in town? I'm excited to check it out!$h,鎮上新開了一家電影院，你聽說了嗎？我超想去看看！$h,New line from v1.6
GreenRainFinished,"And just like that, everything's back to normal. It's like magic!$h",轉眼間，一切都恢復成往常一樣，簡直跟變魔術一樣！$h,New line from v1.6
eventSeen_733330_memory_oneday,"Sam and Sebastian asked me to play drums in their band... I've never played drums before, but it's actually pretty fun.#$e#You have to learn how to move your limbs to different rhythms, at the same exact time. I feel like my brain is growing.$h",山姆和賽巴斯汀邀請我去他們的樂團當鼓手……我從來沒打過鼓，不過還挺有意思的。#$e#你得學會讓手腳同時跟上不同的節奏，我感覺大腦要進化了。$h,New line from v1.6
dating_Abigail_memory_oneyear,Uh... @? We've been dating for almost a year. Is this going anywhere?$s,呃……@？我們在一起快一年了，未來怎麼辦？$s,New line from v1.6
AcceptBirthdayGift_Positive,"Hey, you remembered my birthday... Thanks, @! This is really nice!$h",欸，你還記得我的生日啊……謝謝你，@！我很喜歡這個！$h,New line from v1.6
AcceptBirthdayGift_Negative,"Hey, you remembered my birthday... Thanks, @!$h#$b#Oh, it's, uh... *sniff*... what is it?$s",欸，你還記得我的生日啊……謝謝你，@！$h#$b#呃，這個……（聞了一下）……這是什麼東西？$s,New line from v1.6
eventSeen_1_memory_oneweek,"Hey, I finally beat the first level of Journey Of The Prairie King! Watching you play helped a lot.",哎，我終於打過《草原王者大冒險》的第一關了！看你玩了一局對我幫助很大。,New line from v1.6
cc_Begin,"Don't tell anyone, but I snuck into the old community center last night... I think it's haunted!",偷偷告訴你啊，我昨晚溜進了那個破活動中心……我覺得那裡在鬧鬼！,New line from v1.6
dating_Sebastian_memory_oneday,I heard you and Sebastian started dating... I didn't realize you guys had a thing...$6,我聽說你和賽巴斯汀在一起了……我沒注意到你們倆湊在一起了……$6,New line from v1.6
AcceptGift_(O)SkillBook_4,"Hey, this is my favorite magazine! My Dad won't let me have a subscription, so I have to get it on the black market like this...$h",哎，這是我最喜歡的雜誌！我爸不讓我訂，所以我只好到私下裡偷偷買……$h,New line from v1.6
Mon8,"$query PLAYER_NPC_RELATIONSHIP current any married roommate#I remember when you first arrived in town, I was a little sad that those old woods would be turned into farmland. But now I'm really glad you moved here!$h|...Oh, @! Hi.$h#$e#Want to hang out for a while? Here! Let me read your palm. *giggle* $h",……哦，@！嗨。$h#$e#想要待一會嗎？來！讓我給你看一下手相吧。* 呵呵笑 * $h,"...Oh, @! Hi.$h#$e#Want to hang out for a while? Here! Let me read your palm. *giggle* $h"
