purchasedAnimal_Chicken_memory_oneday,"Hey, I overheard someone saying that you got your first chicken the other day.#$b#Man... I wish Grandma had chickens. I'd eat a dozen raw eggs for breakfast each morning!",哎，之前我無意中聽說你買了一隻小雞。#$b#好傢伙……要是外婆也養雞就好了，那我每天早餐都要吃一堆生雞蛋！,New line from v1.6
AcceptGift_(O)289,Whoaa... It's so heavy I could use it for bicep curls. I'll be slurping on this for a week! Hah hah!$h,哇……這麼重，都能用來練彎舉了。這個我能吃上一個星期！哈哈！$h,New line from v1.6
AcceptGift_(TR)FrogEgg,Umm... I know I'm pretty big on eggs... But this isn't what I meant...$s#$b#Oh well... Down the hatch! *gulp*$h,呃……我確實很喜歡吃蛋……可是這個蛋實在是……$s#$b#行吧……一口悶！（咕嘟）$h,New line from v1.6
AcceptGift_category_egg,"$c 0.8#Hey, thanks. Eggs are great for bulking up.#*crack*... *sluuurp*... Mmmm. Now that's what I call a snack.",$c 0.8#哦！謝謝你，蛋白質可是增肌利器。#（敲開）（吸溜）……嗯，這才夠意思嘛。,New line from v1.6
AcceptGift_(O)StardropTea,Whoa... this is great. Thanks!,哇……這個太棒了，謝謝你！,New line from v1.6
AcceptGift_book_item,"Uhhh... Reading? Yeah, um... I guess I can give it a try.$s",呃……要我讀書？那什麼……我或許可以試試。$s,New line from v1.6
dating_Alex_memory_oneday,"Well, this is a %season I'll never forget!$l",唔，我永遠不會忘記這個%season！$l,New line from v1.6
GreenRain_2,"I tried to go for a run this morning, but the plants have gone crazy! I couldn't get very far...",我早上想去晨跑，可是植物長瘋了！所以就沒跑多遠……,New line from v1.6
FlowerDance_Decline,Nah... I'm gonna ask someone else. Good luck.,算了……我去找別人問問。祝你好運。,New line from v1.6
FlowerDance_Accept_Spouse,"Okay, this should be fun... I hope I can remember the moves this year! It's been a while...$h",好吧，這應該會很有趣……希望今年我能記住舞步！有好長時間沒跳舞了……$h,New line from v1.6
AcceptBirthdayGift_Loved,"Aw yeah, that's the good stuff... Thanks for the birthday gift, @.",太好了，我超喜歡這個東西……@，謝謝你送我生日禮物。,New line from v1.6
eventSeen_288847_memory_oneweek,Hey... uh... @? I... feel a lot more 'at peace' after talking to you on the beach last week.$s#$b#Thanks for listening to me.$s,哎……那個……@？呃……上週在海灘上跟你聊過之後，我心裡輕鬆多了。$s#$b#謝謝你聽我說那些。$s,New line from v1.6
AcceptGift_(O)403,"*crunch*... Mmm... Nuts. That hits the spot. Thanks, @!",（嘎嘣）……嗯……有堅果，我可喜歡了。@，謝謝你！,New line from v1.6
FlowerDance_Accept,You beat me to it! I was about to ask you...$h#$e#I'll see you out there.,你怎麼先說了！我剛想問你……$h#$e#咱們到時候見。,New line from v1.6
GreenRain,What's going on out there? Any action?#$e#I gotta stay here with my grandparents...$s,外面怎麼了？要做什麼嗎？#$e#我就跟外公外婆待在這裡……$s,New line from v1.6
AcceptGift_(O)107,Now that's what I call an egg! Imagine the size of the omelet...,這才算是個蛋嘛！做成煎蛋卷該有多大……,New line from v1.6
dating_Alex,"%Alex gives your arm a squeeze, grinning.",%艾力克斯咧嘴笑著，捏了一下你的手臂。,New line from v1.6
cc_Bridge,"Have you been up by the lake recently? I was on a run late last night, and I noticed that the old bridge was repaired...",你最近去過湖邊嗎？我昨晚深夜跑步的時候，發現那座斷橋居然修好了……,New line from v1.6
AcceptGift_(O)442,Mmm... Duck egg... Rich and creamy. *crack*... *slurp*. Ahhhh...,嗯……是鴨蛋……黏稠又細膩。（敲開）……（吸溜）……啊……,New line from v1.6
AcceptGift_(TR)ParrotEgg,Can you eat this?$s#$b#I guess there's only one way to find out...,這個能吃嗎？$s#$b#看來只有試試才能知道了……,New line from v1.6
AcceptGift_(O)305,"Oh... um... I usually like eggs, but this one looks evil.$s",啊……呃……我挺喜歡吃蛋的，可是這個看起來有點嚇人。$s,New line from v1.6
AcceptGift_(O)928,"Hehe... Keep giving me these every day, and I'll be able to retire at thirty!$h",嘻嘻……多送我點這個，我三十歲就能退休了！$h,New line from v1.6
fishCaught_159,Heard you caught some kind of rare fish?#$b#I'm impressed. Your arms must be stronger than they look! *pinch* ... not bad!$h,聽說你釣到了一條稀有的魚？#$b#很厲害嘛，你的手臂肯定很強壯！（捏）……還不錯哦！$h,New line from v1.6
AcceptGift_(O)Book_Defense,"Aw, yeah... I've been looking for this one. It's supposed to be full of tips for bulking up. Rule number one... Eat a ton of eggs! Hah, no problem! Thanks!$h",哇，太好了……我一直在找這本書，讀完之後肯定能練成銅牆鐵壁。第一條……要多吃蛋！哈，不成問題！謝謝你！$h,New line from v1.6
AcceptBirthdayGift_Negative,"What the...? Uh, I dunno what it's like where you grew up, but to me, this is trash.$a",什麼鬼……？呃，不知道你老家那邊覺得這個怎麼樣，對我來說這就是垃圾。$a,New line from v1.6
firstVisit_BathHouse_MensLocker_memory_oneday,"I saw you checking out the bath house the other day. Trying to get in shape? Heh.#$e#Uh... you didn't go poking around in my locker, did you?$9",之前我在澡堂看見你了，你是不是在健身？哈哈。#$e#呃……你沒有翻我的置物櫃吧？$9,New line from v1.6
married_Haley,"You got Haley to marry you, huh? I always figured she was out of your league!",你居然跟海莉結婚了？我還以為你根本追不到她呢！,New line from v1.6
fishCaught_139,"I saw you catch that salmon.#$b#If you happen to make a 'salmon dinner' out of it, let me have a bite!",我看見你釣到了一條鮭魚。#$b#如果你打算做“鮭魚晚餐”，記得給我留一口！,New line from v1.6
eventSeen_288847,Uh... I'm not used to opening up like that...$s,呃……我平時不太會那樣傾訴的……$s,New line from v1.6
Sat,"My arms are really sore, but that's the sign of progress for a guy like me.#$e#I must've done a thousand push-ups yesterday.",我的手臂好酸啊，但對我這樣的人來說，這正是取得進步的標誌。#$e#我昨天肯定做了一千個伏地挺身。,"My arms are really sore, but that's the sign of progress for a guy like me.#e#I must've done a thousand push-ups yesterday."
fall_Sun,"Hey, the gridball game is on today!#$e#Sundays are pretty awesome in the fall.$u",嘿，橄球比賽就在今天！#$e#秋天的週日最棒了。$u,"Hey, the gridball game is on today!#e#Sundays are pretty awesome in the fall.$u"
winter_Sun,"Hey, the gridball game is on today!#$e#This might be my favorite day of the week.",嘿，橄球比賽就在今天！#$e#這可能是一週裡面我最喜歡的一天。,"Hey, the gridball game is on today!#e#This might be my favorite day of the week."
Fri,"Hey, what's up farmer guy?^Hey, it's farm girl. Did you get new pants? You're doing something right.#$e#Oh, I almost forgot! It's my day for doing push-ups!#$e#Every time I do push-ups I try to do one more than last time. Pretty cool strategy, huh?",嘿，怎麼啦，農家小伙兒？^嘿，原來是農家姑娘啊。你穿了新褲子嗎？這就對了。#$e#哦，差點忘了。今天是我做伏地挺身的日子！#$e#每次我做伏地挺身，都會試著比上次多做幾個。這種鍛鍊方法挺棒的吧？,"Hey, what's up farmer guy?^Hey, it's farm girl. Did you get new pants? You're doing something right.#e#Oh, I almost forgot! It's my day for doing push-ups!#e#Every time I do push-ups I try to do one more than last time. Pretty cool strategy, huh?"
Wed_01_03,Uh... never mind.,啊……算了。,Uh... nevermind.
Tue,"The beach is a cool place to hang out and soak up some rays.#$e#You gotta spend some time in the sun or else you'll get all pale.#$e#*sigh*... I wish there were more girls in this town, know what I mean?$s^Hey, do you wanna hang out with me at the beach some time? Do you have a bikini?",海灘是個值得一玩的好地方，在那裡還能做個日光浴。#$e#你得時常曬曬太陽，要不然膚色就會變得蒼白。#$e#*唉* ……真希望鎮上能多些女孩子，你明白我的意思吧？$s^嘿，有空跟我去海灘玩玩啊？你有比基尼泳衣嗎？,"The beach is a cool place to hang out and soak up some rays.#e#You gotta spend some time in the sun or else you'll get all pale.#$e#*sigh*... I wish there were more girls in this town, know what I mean?$s^Hey, do you wanna hang out with me at the beach some time? Do you have a bikini?"
Fri4,"Hey, @. I'm glad you stopped by.#$e#I'm not ashamed to say that I love my grandma!#$e#Now Grandpa, on the other hand...#$e#Just kidding.$h",嘿，@。很高興你能來。#$e#我敢光明正大地說我愛我奶奶！#$e#至於我爺爺嘛……#$e#說笑呢。$h,"Hey, @. I'm glad you stopped by.#e#I'm not ashamed to say that I love my Grandma!#$e#Now Grandpa, on the other hand...#$e#Just kidding.$h"
