wonGrange,"Pierre's trying to play it cool, but he's seething about losing to you at the Stardew Valley Fair.",皮耶爾之前在星露谷集市上輸給你，他裝作不在意，其實還耿耿於懷呢。,New line from v1.6
GreenRain,I've never seen green rain before... It must not be too dangerous if you made it here!,我第一次見到綠色的雨……你能安全到這裡來，看來不是特別危險！,New line from v1.6
houseUpgrade_1,"$y 'I heard you got a new kitchen! Think you'll be doing a lot of cooking?_I plan to!_It's a good skill to have. And with all those fresh ingredients on your farm, you'll be sitting pretty!_Nah, it's just for looks_I see. Well, don't forget to eat right... nutrition is important.'",$y '我聽說你有了個新廚房！你會經常做飯嗎？_我正有此意！_會做飯可是很實用的，你還有農場上的新鮮食材，條件可謂是得天獨厚！_沒有，只是撐個門面。_好吧，不過還是要健康膳食……營養是很重要的。',New line from v1.6
AcceptGift_(O)StardropTea,Ooohh... this is nice. I'll save it for a quiet day in the sunroom.,哦哦……這個太棒了，我要在日光房安安靜靜地坐著喝。,New line from v1.6
cropMatured_815,I noticed you're growing tea on your farm. Make sure to bring me a cup!$h,我看到你在農場裡種了茶葉，記得給我帶一點啊！$h,New line from v1.6
eventSeen_719926,Are you feeling relaxed? I bet...,你覺得放鬆了嗎？我覺得肯定是……,New line from v1.6
AcceptGift_(O)16,"Oh, you've been foraging! Thank you!#$b#I'll make a spicy cocktail sauce with this. That'll put some hair on Pierre's chest.$h",哦，你在採集是吧！謝謝你！#$b#我就用這個做一個辣的蘸醬，皮耶爾吃了肯定會覺得精神百倍。$h,New line from v1.6
achievement_15,"Judging by the savory smells wafting from your place, I can tell you've been busy in the kitchen!$h",你家總是飄來香味，我想你在廚房忙得不亦樂乎吧！$h,New line from v1.6
GreenRain_2,"Ah, the special rain is back! This year, I'm going to make the most of it!#$e#This calls for a cup of green tea!$h",啊，特別的雨水又來了！今年我要大展身手！#$e#先來一杯綠茶！$h,New line from v1.6
married_Abigail,I'm so happy for you two! Welcome to the family!$h,我真為你們倆高興！歡迎加入這個家庭！$h,New line from v1.6
AcceptBirthdayGift_Negative,"Oh... is that... a birthday gift? I see... well, thanks for stopping by.$a",呃……這個是……生日禮物？哦……好的，謝謝你過來。$a,New line from v1.6
dating_Abigail_memory_oneday,Abby told me that you and her are seeing each other. That's sweet!,我聽阿比說你們在一起了，真好啊！,New line from v1.6
AcceptBirthdayGift_Positive,"Thanks, sweetie. That's very kind of you to remember my birthday.$h",謝謝你，親愛的，你能記得我生日真是太好了。$h,New line from v1.6
married_memory_oneweek,"Ah, the newlywed. So, how was the honeymoon?#$e#I see. Well, I guess the farm would wither if you took time away...",哎呀，新婚夫婦，你們蜜月怎麼樣？#$e#這樣啊，好吧，我想如果你們離開太久，農場上的作物確實都要枯萎了……,New line from v1.6
movieTheater_memory_oneweek,It's fun to have a movie theater in town. I want to go see a western!,鎮上有個電影院真不錯，我想去看西部片！,New line from v1.6
Tue,I've seen wild horseradish in the forest.#$e#Foraging can be a fun way to earn some cash. Or you can use what you find as gifts or food.,我在樹林裡見過野生山葵。#$e#採集山產是賺錢的好方法。你也可以把你找到的東西當作禮物送人或者自己留著吃了。,I've seen wild horesradish in the forest.#$e#Foraging can be a fun way to earn some cash. Or you can use what you find as gifts or food.
Sat6,"#$1 Caroline12#When we first moved here, I took a while to settle down... I wasn't ready for the domestic life.#$e#Pierre's a bit conventional... but he's a good man. He's ambitious, but he always puts his family first.",#$1 Caroline12#我們剛搬到這裡的時候，我花了些功夫才安頓下來……我對於家庭生活還沒有做好準備。#$e#皮耶爾有點傳統……但他是個好人。他也有雄心壯志，但他總把家庭放在第一位。,"#$1 Caroline12#When we first moved here, I took a while to settle down... I wasn't ready for the domestic life.#$e#Pierre's a bit traditional... but he's a good man. He's ambitious, but he always puts his family first."
Sat4,Abby's always had a strange interest in the occult. I'm sure it's just a phase...,阿比蓋爾對怪力亂神有著詭異的興趣。我不知道她是從哪裡學來的這些東西……,Abby's always had a strange interest in the occult. I'm not sure where she gets it from...
