Fri8,"I should save up and buy a computer...#$e#Maybe I can find a girlfriend on the 'internet'...$s#$e#What? Don't judge me! Not everyone is a cool, attractive, socially-adept farmer, you know!$u#$e#What's a guy like me supposed to do? *Groan*$s",我應該存錢買台電腦……#$e#在“網路”上說不定能找到女朋友……$s#$e#什麼？你別看不起我！又不是所有人都長得帥，有魅力，善於社交，還有自己的農場的！$u#$e#我這種人到底要怎麼辦啊？哎喲……$s,New line from v1.6
divorced_Emily,I've been feeling strangely hopeful lately.,最近我莫名感覺自己有點希望。,New line from v1.6
GreenRain,"It's situations like this where a person's true character is put to the test.#$e#I'll keep Em... I mean, I'll keep everyone safe from the toxic rain!",這種情況才是真正考驗一個人有沒有勇氣。#$e#我會保護艾……那什麼，我會保護大家不要淋到有毒的雨水！,New line from v1.6
AcceptGift_(O)StardropTea,"You're giving this... to me? I don't think I deserve it, but.. thank you.",這個是……要送給我的？實在是太貴重了……謝謝你。,New line from v1.6
mineArea_40,"Ah, I can tell from the scratch marks on your pickaxe that you've reached a deeper layer of the mines.#$e#If it starts getting difficult to break stones, you'll want to upgrade your pickaxe. I can help.",啊，看你鎬頭上的劃痕，想必你已經到過礦井深層了。#$e#如果石頭越來越難敲碎，建議你升級一下鎬頭，我可以幫你。,New line from v1.6
eventSeen_101_memory_oneweek,"Did Emily say anything about our date the other day?#$b#Wait, don't tell me... I'm better off not knowing. Maybe I can still salvage my dignity.$s",艾米麗有提到我們前幾天的約會嗎？#$b#等等，還是別說了……我還是不要知道了，這樣還能挽回一點尊嚴。$s,New line from v1.6
Mon8,"I hate to say it, but sometimes I'm glad my father forced me to become a blacksmith. At least I have a profession.#$e#If I didn't have work to do, I'd probably spend all day just sitting around feeling sorry for myself.$s",我不得不承認，有時候我還挺慶幸我父親當初逼我當鐵匠，現在我至少有一份生計。#$e#假如我連可以做的事都沒有，我大概只好整天無所事事，不停地感到後悔。$s,New line from v1.6
GreenRain_2,"I feel bad admitting it, but sometimes I wish there was a real disaster, not just some dumb green rain.#$b#Something to shake everything up, you know?#$b#Not that I want people to get hurt...#$b#I just want to feel alive... To feel like I have a purpose...",有時候我真希望來一場貨真價實的天災，而不是這個破綠雨——我知道這想法很糟糕。#$b#得是那種，驚天動地級別的。#$b#我不是想要有人受傷……#$b#我只是想要有活著的感覺……有人生的目標……,New line from v1.6
Sun8,"I don't know if people realize this, or care, but I do take a lot of pride in my work.#$e#I mean... When I was a boy I didn't really dream of becoming a blacksmith. But that's what I am. And I want to be the best blacksmith I can be.",我其實對自己的工作很自豪，不過可能沒人意識到，也沒人在意。#$e#我跟你說……我小時候的夢想不是當鐵匠，可是現在我成為鐵匠了，而且我想當最好的鐵匠。,New line from v1.6
mineArea_121,"Interesting. There's tiny iridium flakes on your pickaxe... you've been going to the desert caves, huh?#$e#I've always wanted to smelt with iridium. It's not easy to come by.",有意思，你的鎬頭上有銥礦石的碎屑……你是不是去了沙漠的洞穴？#$e#我一直想要用銥來熔煉，可惜不容易弄到。,New line from v1.6
AcceptBirthdayGift_Negative,"Is this a birthday gift? It's, uh... an interesting choice. Well I appreciate that you remembered me, anyway.",是給我的生日禮物嗎？這個，呃……很耐人尋味，不過你能記得，我還是很感激。,New line from v1.6
married_Emily,%Clint is looking at the ground and won't say anything to you.,%克林眼睛往下看，不肯跟你說話。,New line from v1.6
Sat10,"How are your tools holding up?#$b#If they ever need repairs, just come by my shop. I guarantee these tools for life!",你的工具狀態怎麼樣？#$b#如果需要修理的話，直接來我店裡，我給你終身保修！,New line from v1.6
GreenRainFinished,Well that was a dud. And here I thought it was finally my chance to be a hero. Oh well... Back to the grindstone.,雷聲大雨點小啊，我還以為總算能當一回英雄了。唉……繼續做事吧。,New line from v1.6
dating_Emily,I... um... heard that you and Emily are together. Congratulations.$s,呃……我聽說你跟艾米麗在一起了，恭喜你。$s,New line from v1.6
Thu8,I heard Emily has a friend who lives in the desert. Do you know anything about her?#$e#I wonder if she's single...$s,我聽說艾米麗有一個朋友住在沙漠，你了解她嗎？#$e#不知道她是不是單身呢……$s,New line from v1.6
AcceptGift_(O)SkillBook_3,"Oh, interesting... These books aren't very easy to come by in the valley.#$b#Looks like there's a lot of good tips in here. Thanks, @.",嗯，很有意思……這書在星露谷可不容易弄到。#$b#裡面好像有很多實用的建議，謝謝你，@。,New line from v1.6
AcceptBirthdayGift_Positive,"I don't usually get birthday gifts. This actually means a lot, @. Thank you.",一般不會有人送我生日禮物。@，我很感動，謝謝你。,New line from v1.6
summer_Thu,Removed,Removed,Business has been slow lately.#$e#You should upgrade your tools. I could use the cash.
summer_Wed6,Removed,Removed,"Oh, hi @! Sorry If I look a little messy. I've been working at the furnace all morning.$h#$e#So, did you need anything, or do you just want to visit?"
summer_Mon4,Removed,Removed,"Be glad you're a farmer, @. It's nicer to work outdoors than by a hot furnace all day.#$e#I'm only a blacksmith because my father pushed me into it."
