dating_Maru,"Yes, Maru told me the news. I can't say I'm thrilled about it, but maybe you'll prove me wrong.$u",嗯，瑪魯告訴我了，我不算太高興，不過希望你能讓我刮目相看。$u,New line from v1.6
firstVisit_Desert,I heard you visited Calico Desert recently. How fascinating! I'm sure you observed many unique life forms on your trip.,聽說你最近去了卡利科沙漠，好有意思！你在旅途中肯定看到了許多獨特的生物吧。,New line from v1.6
AcceptBirthdayGift_Positive,A present!... with optimal timing. Today is the anniversary of my birth. Thank you!$h,是禮物！……送的時機恰到好處，今天可是我出生的紀念日，謝謝你！$h,New line from v1.6
questComplete_104_memory_oneday,"Checking up on the melon research? Yes, I... uh... 'analyzed' it, and it certainly has an optimal macronutrient profile...",你想問甜瓜研究的事情是吧？我……呃……我“分析”過了，它的宏量營養素含量確實恰到好處……,New line from v1.6
married_Sebastian,"Congratulations on the marriage. Robin's been crying since the wedding. 'Tears of joy', as she calls it! A most peculiar concept...#$e#Hmm, now that the basement is unoccupied, I might have to expand the laboratory...$u",祝你們新婚快樂。婚禮之後羅賓一直在哭，她還說是那是太高興了！真是古怪……#$e#唔，既然地下室沒人住了，我是不是可以擴建一下實驗室……$u,New line from v1.6
AcceptBirthdayGift_Negative,A present!... with optimal timing. Today is the anniversary of my birth.$h#$b#Let's see what it is... $h#$b#...Oh.$s,是禮物！……送的時機恰到好處，今天可是我出生的紀念日。$h#$b#我來拆開看看……$h#$b#……啊。$s,New line from v1.6
GreenRain,"Don't mind me, @. I'm just collecting some samples. This may be a once-in-a-lifetime opportunity!$7#$e#Erm... If you see my wife, can you tell her I'm okay?$7",@，不用管我，我就採集一些樣本。這可是千載難逢的機會啊！$7#$e#呃……如果你遇到我老婆，麻煩你跟她說我沒事。$7,New line from v1.6
eventSeen_65_memory_twoweeks,Don't forget to check that farm cave! There's bound to be something useful in there by now.,別忘了去看農場洞穴！肯定已經出現有用的東西了。,New line from v1.6
AcceptGift_(O)107,"Wow, an intact dinosaur egg! This is an extremely rare specimen. Now, if only it could be incubated...",哇，這是完好無缺的恐龍蛋！這個標本可是極其罕見，要是能孵化出來的話……,New line from v1.6
AcceptGift_(O)StardropTea,"Wow, this is a rare substance. I'll have to take it to the lab for... uh... further analysis.",哇，這可是罕見的物質，我得帶回實驗室……呃……進一步分析。,New line from v1.6
purchasedAnimal_Dinosaur,"Say that again!? You successfully incubated a dinosaur egg? This is unprecedented!$5#$e#Here, take my coffee, I'm all worked up now... I can't drink any more. [253]",我沒聽錯吧？！你成功孵化了恐龍蛋？簡直是史無前例！$5#$e#來，這杯咖啡就給你了，我現在興奮得不得了……不能再喝了。[253],New line from v1.6
GreenRain_2,"The rain appears to be harmless, so I'm taking less precaution this year.",這場雨似乎是無害的，所以今年就不用那麼小心翼翼了。,New line from v1.6
married_Maru,"*sigh*... @, I've come to accept that it's time for my 'little girl' to become a woman. You have my blessing.$s",唉……@啊，我家的小女孩長成了大姑娘，我已經接受了，你們要好好的。$s,New line from v1.6
eventSeen_65_memory_oneweek,"$y 'How's that cave experiment coming along? Has it produced anything of value yet?_Yes_Ah! That means the conditions must be more suitable than I originally theorized... hmm..._No_Well, keep checking on it every now and then. I'm sure those little guys will yield something eventually.'",$y '洞穴的研究有沒有進展？產生有用的東西了嗎？_有_哦！說明那裡的條件比我推測的還要合適……唔……_沒有_那你經常去檢查一下吧，最終肯定會產出一些東西的。',New line from v1.6
Resort_Shore,"*crunch*... whoops, there goes an endangered crab species...$s#$b#...#$b#Oh, never mind. It was just the empty shell! I can sleep tonight.",（嘎吱）……哎呀，這種螃蟹要瀕臨滅絕了……$s#$b#……#$b#哦，只是個空殼子，那沒事了！我今晚能安心睡了。,"*crunch*... whoops, there goes an endangered crab species...$s#$b#...#$b#Oh, nevermind. It was just the empty shell! I can sleep tonight."
summer_Sat,"Hmm... If strigolactone levels could be increased, would it have a proportional effect on mycorrhizal growth?$u#$b#Oh! Sorry. I was pondering some data and I didn't notice you there.#$e#Do you need anything?",嗯……如果獨角金內酯的水準可以提升，會對菌根生長產生影響嗎？$u#$b#噢！抱歉。我在思考一些數據，沒注意到你。#$e#有什麼事嗎？,"Hmm... If strigolactone levels could be increased, would it have a proportional effect on mycorhizal growth?$u#$b#Oh! Sorry. I was pondering some data and I didn't notice you there.#$e#Do you need anything?"
