AcceptBirthdayGift_Positive,"Oh! I've read about this tradition... it's a 'birthday gift', isn't it? Hmm, very interesting...",啊！我在書上看到過這個傳統……這個是“生日禮物”吧？唔，很有意思……,New line from v1.6
AcceptBirthdayGift_Negative,"Oh! I've read about this tradition... it's a 'birthday gift', isn't it?#$b#So, is it part of the tradition to give out garbage like this?",啊！我在書上看到過這個傳統……這個是“生日禮物”吧？#$b#所以送別人垃圾也是一個傳統？,New line from v1.6
GreenRain,I can't see the color green very well.#$b#I guess it's part of living underground for so long.,我不太能分辨出綠色。#$b#可能是因為在地下待久了。,New line from v1.6
fishCaught_161,"Oh, you caught an Ice Pip? They're energetic little fish, despite the frigid environment they live in. My people avoid the frozen areas, though... too cold!",哦？你釣到冰柱魚了？這種小魚生活在嚴寒的環境，但很有活力。我們族是不會去那種地方的……太冷了！,New line from v1.6
firstVisit_Caldera,"You found the legendary Dwarvish Forge? Incredible... I've never seen it, myself.#$e#The machinery is so old, none of my people understand how it works. But it's definitely Dwarvish technology.",你找到傳說中的矮人鍛造台了？太牛了……我自己都沒見過。#$e#那個機器太古老了，我們族已經沒有人能理解它的原理了，不過能確定是矮人的技術。,New line from v1.6
fishCaught_158,"Oh, you caught a Stonefish? I know them very well. We sometimes keep them as pets.",哦？你釣到了石頭魚了？我很熟悉的，我們有時候會把它們當寵物養。,New line from v1.6
AcceptGift_(O)StardropTea,*sniff*... is this milk? *sip*... hmm... tastes good.,（聞了一下）……這是牛奶嗎？（喝了一口）……唔……挺好喝。,New line from v1.6
firstVisit_IslandNorth,"If you enter the volcano on Ginger Island, you might encounter others like me. Don't be alarmed! We're peaceful with humans.",如果你進入姜島上的火山，可能會遇到我們族的人，不用驚慌！我們對人類很友好。,New line from v1.6
AcceptGift_milk_item,"Ah, 'milk'... *slurp*... How interesting. Remind me, again... where exactly does this juice come from?#$b#...!!! *sploosh*",啊，是“牛奶”……（哧溜）……真有趣。我又忘了……這個飲料是從哪裡來的？#$b#……！！！（稀哩嘩啦）,New line from v1.6
fishCaught_162,"Oh, you caught a Lava Eel? Very good! Lava Eel fishing is a big part of our culture. They're considered a delicacy!",哦？你釣到岩漿鰻魚了？很好啊！我們族也有釣岩漿鰻魚的傳統，這種魚很好吃！,New line from v1.6
mineArea_121,"You know, you're pretty good at mining, for a human.",我跟你說，你作為一個人類，採礦技術已經很強了。,New line from v1.6
