AcceptGift_(O)154,"Agh, it's still wriggling! Get that abomination away from me!$6 [154]",噫，怎麼還在蠕動！快把這破東西拿走！$6 [154],New line from v1.6
AcceptGift_forage_item_beach,"Ah, you've been doing some beach combing... A fine hobby! Thank you.",啊，你是在趕海吧……這個愛好很不錯啊！謝謝你。,New line from v1.6
AcceptGift_(O)StardropTea,"Ah, what a gift! The aroma alone is inspiring...",啊，這禮物真好！只是聞到香氣我就很激動了……,New line from v1.6
married_Elliott,"You've plucked Pelican Town's finest flower... Now, you must care for it with all your heart.",你摘下了鵜鶘鎮最俊俏的一朵花……接下來你可要全心全意地呵護它。,New line from v1.6
AcceptGift_book_item,"Ah, a book... Yes, perhaps the prose within these pages will offer a new insight. Thank you.",是書啊……真不錯，這裡面的文字或許能讓我有新的靈感，謝謝你。,New line from v1.6
dating_Elliott_memory_oneday,%Elliott whispers a sweet secret into your ear.,%艾略特在你耳邊輕聲說了一個甜甜的秘密。,New line from v1.6
GreenRain_2,"Ah, yet another unique day in the valley. Stimulating, to say the least!",哎，星露谷又迎來獨特的一天——何止是激動人心！,New line from v1.6
FlowerDance_Decline,Excuse me... not today.$s,抱歉啊……今天不是時候。$s,New line from v1.6
eventSeen_40_memory_oneday,I had a good time at the saloon the other day... Though my liver is not quite so enthusiastic...,那天在酒吧玩得挺開心的……不過我的肝有點受不了……,New line from v1.6
FlowerDance_Accept_Spouse,"Yes... could I refuse that soft, kind face? The touch of spring-time's sweet embrace?",是的……我怎能拒絕那溫柔、慈祥的面容？春天般的甜美擁抱？,New line from v1.6
AcceptGift_(O)814,"Ah, a bottle of fine ink. A writer can never have too much... and it's quite expensive! Thank you!$h",這墨水可真是上乘，作家肯定要家中常備……這應該很貴吧！謝謝你！$h,New line from v1.6
wonIceFishing,"Well, if it isn't the town's number one ice fisher! That was truly an impressive performance.$h#$e#I never stand a chance, but I always participate just to be sporting.",哎呀，這不是鎮上數一數二的冰釣高手嗎？你的表現真是太厲害了。$h#$e#我根本贏不過你，不過為了運動精神我還是會一直參加。,New line from v1.6
FlowerDance_Accept,Of course... it would be an honor! I look forward to it.$h,當然可以……我很榮幸！期待與你共舞。$h,New line from v1.6
purchasedAnimal_Duck,Did you know? A duck's feather makes for an excellent quill.,你知道嗎？鴨子的羽毛非常適合做羽毛筆。,New line from v1.6
eventSeen_39,"You've been very helpful... Now, I must think...",謝謝你幫我忙……我得好好構思了……,New line from v1.6
GreenRain,"Let's not get in a tizzy, now... Gus! I propose a round of drinks to settle the nerves!%noturn",可不要慌了神……格斯！為了鎮定一下，我提議喝上一輪！%noturn,New line from v1.6
AcceptGift_(O)444,This will make a beautiful quill! I feel inspired already...$h,這個做成羽毛筆肯定很漂亮！我已經開始文思泉湧了……$h,New line from v1.6
dating_Elliott,I only wish I had given you a bouquet first!$l,要是我先把花束給你就好了！$l,New line from v1.6
AcceptBirthdayGift_Positive,I'm honored that you would remember my birthday! Thank you!$h,你還記得我的生日我很榮幸！謝謝你！$h,New line from v1.6
AcceptBirthdayGift_Negative,"Another year gone by, another gray hair... I suppose this gift can commemorate my decline.$s",又過了一年，又一根白髮……這個禮物也許可以作為我衰老的紀念。$s,New line from v1.6
AcceptGift_(O)155,"Agh, it's still wriggling! Get that abomination away from me!$6 [155]",噫，怎麼還在蠕動！快把這破東西拿走！$6 [155],New line from v1.6
firstVisit_ElliottHouse,Ah... please excuse the mess in my cabin. I wasn't expecting anyone to enter!,啊……我屋子裡很亂，不好意思，我沒想到會有別人進來！,New line from v1.6
SquidFest,It's rare to see so many people at the beach. All for the love of squid!,看到這麼多人到海灘來，有點稀奇。大家都很喜愛魷魚嘛！,New line from v1.6
