FlowerDance_Accept,"Yes, I'd love to dance with you, @!$h#$e#Now I'm excited... This is going to be a lot of fun!",好啊，我可以跟你跳舞！$h#$e#我有點興奮……感覺會很開心！,New line from v1.6
divorced_Haley,Haley is too proud to be heartbroken over the divorce... Or at least to show it.$3,海莉自尊心太強，離婚了也沒有很傷心……至少她沒表現出來。$3,New line from v1.6
eventSeen_101_memory_oneweek,"My outing with Clint was pretty fun!#$b#Although, he spilled a root beer all over himself within ten minutes of getting there, and then barely said a word the rest of the night.$3",之前和克林出去玩挺開心的！#$b#不過他剛到那裡十分鐘就把麥根沙士灑了一身，然後一整晚都很沉默。$3,New line from v1.6
AcceptBirthdayGift_Negative,"Oh, you remembered my birthday! Thanks, @! That's really ni--$h#$b#...*sniff*...*sniff*... what is that smell?$s#$b#... What is this...?$s",啊，你還記得我的生日！@，謝謝你！你——$h#$b#……（聞了兩下）……什麼味道？$s#$b#……這是什麼東西……？$s,New line from v1.6
married_Shane,"Well, now that you're married, I assume Shane won't be coming to the Saloon as much!#$e#That's probably a good thing, but it's always a little sad to lose a regular...$s",唔，既然謝恩跟你結婚了，他之後就不太會來酒吧了吧！#$e#其實挺好的，不過少了些人氣還是有點遺憾……$s,New line from v1.6
dating_Emily,%Emily has a big smile on her face.,%艾米麗笑得很開心。,New line from v1.6
married_Haley,That was a beautiful wedding... I'm really happy for you and Haley!$h,你們的婚禮好浪漫……你跟海莉在一起，真是太好了！$h,New line from v1.6
FlowerDance_Accept_Spouse,"Of course, my love. I've been looking forward to this!$h",當然好呀，寶貝。我期待這一刻很久了！$h,New line from v1.6
AcceptGift_(TR)ParrotEgg,"Oh, good, it's still warm... Poor thing, where's it's mother? *Whisper* ...I'll be your mother, don't worry... Poor baby.$s#$b#I'm glad you gave this to me, @. I'll take very good care of it.",啊，幸好還有點溫度……可憐的小傢伙，它的媽媽怎麼了？（柔聲說）……別擔心，媽媽在這裡……太可憐了。$s#$b#@，你送我這個我很開心，我會好好照顧它的。,New line from v1.6
AcceptGift_(O)68,"$c 0.5#Oh, wow... Thank you! This color perfectly captures my mood today.$h#The warm, soothing energy of this stone helps us re-center our thoughts... It's actually just what I needed on a day like this. Thanks!",$c 0.5#哇……謝謝你！這個顏色很符合我今天的心情。$h#這塊寶石散發著溫暖舒緩的能量，可以讓人重新集中思緒……今天能收到這個真是太合適了，謝謝你！,New line from v1.6
eventSeen_4081148,"Hey, I saw you at Sam's show. It was fun!$h#$e#The city smelled pretty bad, though.$s",哎，你也去看山姆的演出了吧，真好看！$h#$e#就是城裡感覺好髒。$s,New line from v1.6
FlowerDance_Decline,I'm very sorry... but I've already agreed to dance with someone else.$u,很抱歉……我已經答應與別人共舞了。$u,New line from v1.6
AcceptGift_(O)70,"$c 0.5#That's funny, I had a dream that you would give me a piece of jade today!$h#Ooh, it's jade! This is supposed to attract wealth... And who couldn't do with a few extra coins in the pocket?$h",$c 0.5#我昨晚夢見你會送我一塊翡翠，真有意思！$h#哎，這是翡翠吧！據說翡翠能招財……誰會跟錢過不去呢？$h,New line from v1.6
dating_Emily_memory_oneday,"We're going to have a lot of fun together, I just know it.$h",我們在一起會很開心的，肯定會。$h,New line from v1.6
AcceptGift_(O)StardropTea,"Wow, thank you! I've heard that if you drink this before bed you'll have vivid dreams.",哇，謝謝你！我聽說如果你睡前喝這個，晚上做夢會感覺身臨其境。,New line from v1.6
purchasedAnimal_Sheep,"Now that you have a sheep, you'll be able to make cloth! That'll open up a whole new world of tailoring possibilities. Just wait and see.",有了綿羊之後，就能製作布料了！然後就可以打開縫紉世界的柵欄門，拭目以待吧。,New line from v1.6
AcceptGift_(O)64,"$c 0.5#Wow, look at that color! It matches perfectly with my outfit.$h#Oh, this is perfect... I've been feeling a little sluggish lately. Rubies are great for energizing the spirit!",$c 0.5#哇，這個顏色！跟我的衣服很搭。$h#哎，這可太好了……最近我有點怠惰，有了紅寶石肯定能振奮起來！,New line from v1.6
eventSeen_2123343_memory_oneday,I won't forget our camping trip any time soon...$l,那天的露營我會一直記得的……$l,New line from v1.6
fall_15,"$d bus#I'm visiting Sandy today. We're best friends!#$e#I'm really happy that the bus is repaired.|*Sigh*... If only that old bus were fixed, I would've visited my friend Sandy today...$s",$d bus#我今天要去找沙蒂玩，我們超級要好的！#$e#幸好巴士已經修好了。|唉……假如那輛破巴士修好了，我今天肯定就去找我的朋友沙蒂玩了……$s,New line from v1.6
GreenRain,"There must be a meaning behind this... Nature is trying to tell us something.$3#$e#What, though? I can't tell... It's hard to read. I feel a strong presence, though...$3",這背後肯定有什麼深意……大自然在向我們傳遞信號。$3#$e#具體是什麼呢？我分辨不出來……實在太難懂了。不過，我感受到一個強大的存在……$3,New line from v1.6
eventSeen_463391,Nothing is more sad than an injured animal...$s,小動物受傷實在太糟心了……$s,New line from v1.6
GreenRain_2,Can you feel it? The forest is singing! The trees are dancing with joy!,你感受到了嗎？森林在歌唱！大樹在歡快地跳舞！,New line from v1.6
AcceptGift_(O)66,"$c 0.5#Oh, it's beautiful, @! I hope you didn't put yourself in too much danger to get this.$h#Ah, an amethyst! This will protect me on those late nights working at the Saloon.",$c 0.5#哇，@，這個好漂亮！但願你找它的時候沒有冒著太大的危險。$h#哎，這是紫水晶吧！希望我去酒吧工作到深夜的時候，它能保護我。,New line from v1.6
AcceptGift_(O)62,"$c 0.5#It's so smooth! When I hold it... I can feel the energy of all the mermaids in the sea. Thank you!#Thank you! I'm gonna put this under my pillow, and hopefully I'll dream about the ocean.",$c 0.5#好光滑啊！拿著的時候……我能感受到來自大海裡美人魚的力量。謝謝你！#謝謝你！我要放在枕頭下面，晚上說不定能夢到大海呢。,New line from v1.6
eventSeen_471942,Hello @. I had a feeling I'd be seeing you today.,@，你好，我有預感今天會碰到你。,New line from v1.6
eventSeen_11_memory_oneweek,Have you ever tried cooking without a recipe? It's kind of liberating.#$b#And who knows... you might discover something amazing!,你試過不按照食譜做菜嗎？會感覺很自由。#$b#而且……說不定會發現不得了的東西！,New line from v1.6
AcceptBirthdayGift_Positive,"Oh, you remembered my birthday! Thanks, @! That's really nice of you.$h",啊，你還記得我的生日！@，謝謝你！你有心了。$h,New line from v1.6
AcceptGift_(O)60,"$c 0.5#Oh!... Heheh... I know exactly why you gave me this stone today. Very interesting...#Wow, it's beautiful! This color makes me think of all the spiritual power within the forest... Can you feel that wood energy?",$c 0.5#啊！……嘿嘿……我知道你今天為什麼送我這塊寶石了，真有意思……#哇，好漂亮！這個顏色讓我想到了森林中的靈力……你能感受到裡面蘊藏著樹木的力量嗎？,New line from v1.6
winter_Sat,"Do you know how to cook 'Bean Hotpot'?#$e#I like that dish quite a bit.$h%revealtaste:Emily:207#$e#It's hard to get fresh ingredients in the winter, huh?",你會做“豆類火鍋”嗎？#$e#我很喜歡那道菜。$h%revealtaste:Emily:207#$e#不過在冬天想要獲得新鮮的食材很難啊，是不是？,"Do you know how to cook 'Bean Hotpot'?#$e#I like that dish quite a bit.$h%revealtasteEmily207#$e#It's hard to get fresh ingredients in the winter, huh?"
fall_Sun6,"There's so many invisible barriers holding us back. Why can't people learn to let go and explore their true potential?#$e#Me? Well, you know what they say... 'You can't cage a wild Junimo'.",有很多無形的壁壘阻礙了我們前進的步伐。為什麼人們不能學會放下包袱、迎接自由呢？#$e#我嗎？你知道他們是怎麼說的嗎…………“你無法將野生的祝尼魔關進籠子裡”。,"There's so many invisible barriers holding us back. Why can't people learn to let go and celebrate freedom?#$e#Me? Well, you know what they say... 'You can't cage a wild Junimo'."
Wed8,"$query PLAYER_NPC_RELATIONSHIP current any married roommate#He, @.#$e#I always knew we would become good friends. It was written in the stars!|Hi, @.$u#$e#I always knew we'd become close like this...",@，你好啊。$u#$e#我就知道我們會成為親密無間的朋友……,"Hi, @.$u#$e#I always knew we'd become close like this..."
danceRejection,Removed,Removed,I'm very sorry... but I've already agreed to dance with someone else.$u
