GreenRain,"George, dear... Is this the end? It's been a good life, but I'd like to see Alex find his way before departing...$s%noturn",喬治，老頭子……末日來了嗎？我一生過得挺好的，假如能看到艾力克斯出息的那一天，我就死而無憾了……$s%noturn,New line from v1.6
cropMatured_591,Home-grown tulips make for a lovely springtime gift.,春天送別人一枝自家種的鬱金香，那是極好的。,New line from v1.6
AcceptGift_(O)StardropTea,"Oh, you're giving this to me? Thank you so much, dear. This is a really special gift!",啊，這個是送給我的嗎？親愛的，謝謝你啊，這個禮物很特別！,New line from v1.6
cc_Complete,It's lovely to have the old community center back. We have so many memories from the old days... It's a special place.,活動中心能恢復真是太好了，以前可喜歡待在那裡了……對我們來說意義非凡。,New line from v1.6
GreenRain_2,The flowers seem to love this rain...,這場雨下來，花應該會長得更好……,New line from v1.6
divorce,"Next time you marry, make sure it's the right one...$s",下次結婚的時候，你一定要找到真愛啊……$s,New line from v1.6
married,"I'm very happy for you, dear.$h#$e#Seeing young people in love is heartwarming for old grannies like me.",親愛的，我真為你高興。$h#$e#看到年輕人相愛，我這個老婆婆心裡暖洋洋的。,New line from v1.6
GreenRainFinished,"Oh, my dear... I'm so glad everything ended up okay. And my flowers look healthier than ever!",我的天啊……大家沒事真的太好了。我的花好像還長得更好了！,New line from v1.6
AcceptGift_(O)170,"Thank you, dear. I've been looking everywhere for my reading glasses...#$b#My, my! They've become filthy...",親愛的，謝謝你，我找了半天都沒找到我的老花鏡……#$b#哎呦喂！怎麼弄這麼髒……,New line from v1.6
AcceptGift_forage_item_beach,"Thank you, dear. This brings back such sweet memories...",親愛的，謝謝你。這讓我想起了美好的時光……,New line from v1.6
winter_Thu,Today I'm baking cookies. They're shaped like little winter stars.$h#$e#Maybe I'll tell you my recipe one of these days.,今天我要烤餅乾，形狀像是小小的冬日之星。$h#$e#之後有機會我可以把做法告訴你。,New line from v1.6
