divorced_once,"Hmmph... took the easy way out, huh?#$e#People these days treat marriage like a television set... If you get bored, just change the channel! Back in my day... *grumble*",哼……遇到困難就退縮了是吧？#$e#這年頭，結婚就跟看電視一樣……要是厭倦了，換個頻道就完事了！我年輕的時候啊……（發牢騷）,New line from v1.6
eventSeen_18_memory_oneweek,"I may seem out of touch, but when you've been around for as long as I have, you learn a thing or two about the ways of life. It's called 'wisdom'.#$b#Young people don't understand the big picture. How could they?",你看我可能跟不上時代，但你要是到我這個年紀，就能對人生看得透徹了。這就叫“智慧”。#$b#年輕人根本看不清大局。他們哪來這個水平？,New line from v1.6
WinterStar_GiveGift_After,"You don't like it, huh? Bah! Kids these days... no appreciation for anything. That was expensive, and I'm not made of money, you know!",你不喜歡是吧？呵！現在的年輕人……什麼都不懂得珍惜。我又不是什麼有錢人，買這個可貴了！,New line from v1.6
GreenRain,"There, there, honey... Don't you worry.%noturn#$b#Even if it is poisonous, I breathed in more noxious gas in one minute back in the ol' coal mines... And I'm still kickin'!",親愛的，沒事的，沒事的……別操心了。%noturn#$b#即使有毒，我當初在煤礦裡待一分鐘，吸到的毒氣都比這多……我不還是活得好好的！,New line from v1.6
AcceptGift_(O)StardropTea,Hmm... *sip*... ahhh... Tastes just like Mama's tuna casserole! Delicious!,唔……（喝了一口）……啊……這是我媽媽做的鮪魚砂鍋的味道！好喝！,New line from v1.6
GreenRain_2,Looks like the young folks will have to do some extra weeding after this one...Heheh...$h,這場雨下完就要除草，年輕人有得好忙了……嘿嘿……$h,New line from v1.6
married_Alex,...Hmmph.^I'd like to become a great-grandpa before I croak. Think you can make that happen?,……哼。^我入土之前讓我當個曾爺爺，你看行不行？,New line from v1.6
eventSeen_502969_memory_oneweek,"I dunno what you did, but those raccoons haven't been back since last week!",上週之後那個浣熊就再也沒來了！不知道你做了什麼。,New line from v1.6
