eventSeen_3206194,"Hey, you really pulled through with those eggs. The omelet turned out great, thanks to you!",哎，你送來的蛋真是幫了大忙，能做出完美的煎蛋卷，你是大功臣！,New line from v1.6
GreenRainFinished,"I'm glad that's over. Running the saloon is enough to worry about, I don't need exotic weather in my life!",幸好都結束了，開酒吧的事情已經很多了，可別給我整什麼詭異天氣了！,New line from v1.6
divorced_once,"Hey, I'm sorry to hear about the break-up...$s#$e#If you need company, you're always welcome at the Saloon.",哎，聽說你離婚了，我很遺憾……$s#$e#歡迎多來酒吧，這裡有人陪你。,New line from v1.6
cropMatured_256,Lewis tells me your tomatoes have ripened. That's great news!#$b#...Just imagine what the culinary world would be like without tomatoes...,路易斯跟我說你種的番茄已經成熟了，那真是太好了！#$b#……假如美食界沒有番茄，那可太慘了……,New line from v1.6
AcceptGift_category_cooking,"*sniff*... Ah. Exquisite cuisine. You know what I like, @.$h",（聞了一下）……啊，真是美味佳餚。@，你很懂我喜歡的東西嘛。$h,New line from v1.6
married,"Hey @, just want to say that I'm happy for you and %spouse.",你好啊，@，希望你和%spouse能過得開心。,New line from v1.6
GreenRain,I saw the weather report last night. It really gave me a scare!$s#$e#Are there monsters out there? What's happening?,我昨晚看了天氣預報，給我嚇了一跳！$s#$e#外面有怪物嗎？發生什麼事了？,New line from v1.6
AcceptGift_(O)StardropTea,"Oh wow, thank you! I'm tempted to drink all of it, but I'm going to save some for the saloon. I bet I could make an interesting cocktail with this!",哇，謝謝你！我很想一下子喝完，不過還得留一點給酒吧，我肯定能用這個做出一款獨特的雞尾酒！,New line from v1.6
GreenRain_2,*sniff*... These rains have a particular smell. Have you noticed? Almost like freshly minced herbs...,（聞了一下）……這場雨有一股特別的味道，你聞到了嗎？像是剛切碎的藥草……,New line from v1.6
dating_Emily_memory_oneweek,Emily has a real pep in her step lately... I wonder why? *wink*,艾米麗最近精神得不得了……你們怎麼了？（眨眨眼）,New line from v1.6
eventSeen_502969,"It's important to me that people can eat healthy, delicious meals. Unfortunately, in today's world, that's not so easy for everyone.",大家能吃上健康美味的飯菜，這是我重要的心願，很遺憾這對一些人來說還是一件奢侈的事情。,New line from v1.6
divorced_twice,"Another failed marriage? Well, it happens. Guess I'll be seeing you at the Saloon more often...$s",又經歷了一次失敗的婚姻嗎？唉，有些事情確實無法避免。感覺之後會經常在酒吧見到你了……$s,New line from v1.6
Thu8,"Pam comes into the saloon almost every night and drinks way too much beer.#$e#Ah well, I shouldn't pass judgment on my customers.",潘姆每晚都來酒吧喝很多啤酒。#$e#哦對了，我不該過多談論顧客的事。,"Pam comes into the saloon almost every night and drinks way too much beer.#$e#Ah well, I shouldn't pass judgement on my customers."
Saloon,Welcome to the Stardrop Saloon! Can I get you anything?,晚安。需要點什麼？,Good evening. Can I get you anything?
Saloon4,"Hi there, @. Make yourself at home.",晚安。請別拘束。,Good evening. Make yourself at home.
