FlowerDance_Accept,"Oh... you want to dance with *me*, do you?$13^Oh? Sure! I'll dance with you!#$b#Hehe... of course. I'd love to be your partner.$h^We'll have a great time!$h#$e#Hmm... I admire your confidence. Most guys are too shy to ask me.^You look so pretty today!$h",啊……你是想邀請本小姐跳舞嗎？$13^啊？好呀！我可以跟你跳舞！#$b#嘻嘻……當然可以，我很樂意做你的舞伴。$h^我們玩個痛快吧！$h#$e#唔……你挺自信的，我很欣賞。其他男生太害羞了，都不敢邀請我。^你今天真的好漂亮！$h,New line from v1.6
AcceptBirthdayGift_Negative,Gross! You got me this on my birthday? What's wrong with you!$a,好噁心！我生日你就送我這個？你在搞什麼東西！$a,New line from v1.6
married_Emily,"Well, I guess this makes you my 'brother-in-law', huh? That's funny to think about.^Hey, I guess we're kind of like sisters now!$h",所以你現在是我的姐夫是吧？想想還挺有趣的。^哎，我們這樣就能算姐妹啦！$h,New line from v1.6
eventSeen_13_memory_oneweek,%Haley greets you with a smile. You notice that she's wearing her Great-Grandma's bracelet.,%海莉對你笑了一下。你注意到她戴著曾祖母的手鐲。,New line from v1.6
AcceptGift_(O)88,"$c 0.8#Is that... coconut? I love this!$h#Mmm.... coconuts remind me of warm, sunny days at the beach. When I hold one, I feel like I'm there... even when it's raining.",這個是椰子吧？我超喜歡的！$h#$b#讓我想起了在海灘上玩的時候，天氣溫暖，陽光明媚，拿著這個感覺身臨其境……,New line from v1.6
cropMatured_421,"My name means 'field of hay', but I like to imagine it as a meadow full of sunflowers...",我的名字意思是“乾草地”，但我更喜歡把它想像成開滿向日葵的草地……,New line from v1.6
divorced_Emily,"Things didn't work out between you and Emily, huh? Well... It happens.#$e#It *is* kind of awkward that you're both still living in this tiny town, though.",看來你跟艾米麗合不來啊？唉……也是常有的事。#$e#而且住在小鎮上抬頭不見低頭見的，確實挺尷尬。,New line from v1.6
FlowerDance_Accept_Spouse,"*sigh*... My days of being Flower Queen are over... so it's a bittersweet dance for me.$s#$b#But, yes...",*唉* ……我是花女王的時代已經結束了……所以對我來說這是一次苦樂參半的舞蹈。$s#$b#但是，是的……,New line from v1.6
AcceptBirthdayGift_Liked,"Awwwww, you got me a birthday gift? Well, I really like it!$h",哇，你給我準備生日禮物了？我很喜歡！$h,New line from v1.6
FlowerDance_Decline,Ew... No.,額……不。,New line from v1.6
dating_Haley_memory_oneyear,"So, what's the idea here... am I just going to be your 'girlfriend' forever...?$7",所以你想怎麼樣……要我就這麼一直當你的“女朋友”嗎？$7,New line from v1.6
AcceptGift_(O)StardropTea,"For me? Ooooh... I can't decide if I should drink it, or use it as shampoo...",送我的？欸……不知道是應該喝了，還是用來洗頭髮……,New line from v1.6
eventSeen_12_memory_oneweek,"Wow, looks like someone's read the latest issue of 'Super Fashion Girl'... muddy boots are totally in right now!$h",哇，好像有人讀過了最新一期的《超級時尚女孩》……沾了泥巴的靴子現在超流行！$h,New line from v1.6
married_Emily_memory_oneweek,"Is Emily settling into the farm life?#$e#You know, I was starting to wonder if Emily would ever get married...",艾米麗適應農場生活了嗎？#$e#我跟你說，我之前還在想艾米麗會不會就不結婚了……,New line from v1.6
dating_Haley_memory_oneday,You look really handsome today.$l^You look really pretty today.$l,你今天真的好帥。$l^你今天真的好漂亮。$l,New line from v1.6
eventSeen_11_memory_twoweeks,Did you see last night's episode of 'Tears'? *sob*... I can't believe Kyle and Amy broke up...$s,你看昨晚播的那集《淚水》了嗎？嗚嗚……卡爾和埃米居然分手了……$s,New line from v1.6
AcceptGift_(O)421,"Wow, they're beautiful! These are my absolute favorite.$h",哇，好漂亮啊！我最喜歡這個了。$h,New line from v1.6
AcceptBirthdayGift_Loved,"*gasp*... You got this for me? Wow, @, this is the best birthday gift ever!$h",嘶……這是送我的嗎？哇，@，這是我收到的最棒的生日禮物！$h,New line from v1.6
eventSeen_14,"It was fun taking pictures, but I had to shower for two hours to get the mud out of my hair!$h",拍照真的很開心，但是後來我洗了兩個小時的澡才把頭髮裡的泥巴洗乾淨！$h,New line from v1.6
GreenRain,"I don't think I've ever set foot in this place. It's actually kind of cozy!$h#$e#Oh, I'm not worried about the rain. I'm sure it'll pass.",我好像還沒來過這裡，還挺舒服的！$h#$e#啊，我不是很擔心這場雨，肯定會停的。,New line from v1.6
GreenRain_2,"Wake me up when there's a pink rain... Or better yet, a pink cake rain!",假如下粉色的雨再叫醒我吧……能下粉色的蛋糕雨那就更好了！,New line from v1.6
dating_Haley,I was waiting for you to ask me that.$l,我一直在等你約我呢。$l,New line from v1.6
eventSeen_11_memory_oneweek,"The other day, Emily baked something called a 'squirrel loaf'...$u#$e#How'd it taste? Um... well, if my tail was a little bushier I probably would've loved it.$h",前幾天，艾米麗烤了一個東西，她說叫“松鼠麵包”……$u#$e#味道嗎，呃……如果我真有毛茸茸的尾巴，或許會喜歡吧。$h,New line from v1.6
eventSeen_12_memory_twoweeks,"My parents sent another postcard... I guess they're in the middle of a cruise down the Gem Sea Coast.#$e#They said me and Emily could join them at any point, but let's be honest... who wants to go on vacation with their parents?",我爸媽又寄來了一張明信片……估計他們在坐郵輪經過寶石海岸。#$e#他們說我和艾米麗隨時都可以去，但說實話……誰想跟父母一起度假呢？,New line from v1.6
winter_9,"Hmm. What brand is your shirt?#$e#Oh. Um, never mind.",唔，你的襯衫是什麼牌子的？#$e#噢。呃，沒什麼。,"Hmm. What brand is your shirt?#$e#Oh. Um, nevermind."
Introduction,"Oh... you're that new farmer boy, aren't you?^Oh... You're that new farmer girl, or whatever. Aren't you?#$e#Huh? Oh... I'm Haley.#$e#Hmm... If it weren't for those horrendous clothes you might actually be cute.^Hmm... If it weren't for those horrendous clothes you might actually be pretty... Actually, never mind.$h",噢……你就是那個新來的農夫吧？^噢……你就是那個新來的農場姑娘吧？#$e#扇貝？噢……我是海莉。#$e#嗯……要不是你那身衣服，你應該還挺可愛的吧。^嗯……要不是你那身衣服，你應該還挺漂亮的吧。……呃，別介意。$h,"Oh... you're that new farmer boy, aren't you?^Oh... You're that new farmer girl, or whatever. Aren't you?#$e#Huh? Oh... I'm Haley.#$e#Hmm... If it weren't for those horrendous clothes you might actually be cute.^Hmm... If it weren't for those horrendous clothes you might actually be pretty... Actually, nevermind.$h"
Resort_Towel,Getting the perfect tan is an art form...#$e#It's kind of like toasting a marshmallow... you have to rotate the body just right.$h,要曬成完美的棕褐色皮膚是一門藝術活……#$e#有點像烤棉花糖……你旋轉身體的節奏得剛剛好。$h,Getting the perfect tan is an artform...#$e#It's kind of like toasting a marshmallow... you have to rotate the body just right.$h
danceRejection,Removed,Removed,Ew... No.
