eventSeen_58_memory_fourweeks,"I don't know why I was ashamed about being in dance aerobics class. My legs have become so strong, I should feel as bold as a lion!",我之前為什麼要對參加有氧健身課感到害羞呢……我現在腿部肌肉強壯了很多，感覺自己勇猛無比！,New line from v1.6
dating_Harvey,I've never felt like this before...$l,我是第一次產生這樣的感覺……$l,New line from v1.6
AcceptGift_(O)StardropTea,You're giving me this? I'm honored. Thank you!,你要送我這個嗎？我很榮幸，謝謝你！,New line from v1.6
eventSeen_571102_memory,I've never told anyone about my airplane hobby before... I guess I just feel comfortable talking to you.,我之前從來沒跟別人說過我對飛機感興趣……不過跟你說的時候還是挺輕鬆的。,New line from v1.6
GreenRain_2,"The first time this happened, we were all worried that the rain might be dangerous.#$b#But what if it's actually healthy for the body? Who knows... The plants seem to respond well to it, at least.",第一次下這種雨的時候，我們都擔心會很危險。#$b#可是說不定這雨水反而有益健康呢？天知道……至少植物都長勢很好。,New line from v1.6
FlowerDance_Decline,"Oh! I'm sorry... I, er... have plans to ask someone else.$s",噢！不好意思……我，呃……打算邀請別人。$s,New line from v1.6
married_Maru,"Congratulations on your marriage, @. Maru's already informed me that she'll continue to work at the clinic, which is a relief!",@，祝你新婚快樂。瑪魯已經跟我說了她會留在診所工作，我聽到的時候真是鬆了一口氣！,New line from v1.6
Sat10,*Sigh*... I'm starting to feel kind of old...#$e#The older you get the more memories you're burdened with. It can be overwhelming.$s#$e#I think I'll stay younger with you around.$l,唉……我開始感覺自己有點老了……#$e#年紀越大，記著的事情就越多，有可能會不堪重負。$s#$e#有你在的時候，我有種變年輕的感覺。$l,New line from v1.6
FlowerDance_Accept_Spouse,"I've been looking forward to it all afternoon! You look radiant in the fresh spring air, my love.$l",我都等了一個下午了！在春天清新的氣息中，你真是光芒四射啊，親愛的。$l,New line from v1.6
FlowerDance_Accept,Oh! You... want to dance with me?$4#$b#...Yes. I'd love to!$h,啊！你……你想跟我跳舞嗎？$4#$b#……好的，我非常願意！$h,New line from v1.6
eventSeen_56,"As a small town doctor, you can't help but form a personal connection with your patients. That can be both good and bad...",作為小鎮醫生，總會不可避免地與病人建立起個人聯繫，這既有好處也有壞處……,New line from v1.6
GreenRain,"I brought some medical supplies, just in case. Be careful out there!",我帶了一些醫療用品以防萬一，出門的時候小心點！,New line from v1.6
AcceptGift_(O)432,It's for me? Thank you! This will be fantastic drizzled on some pasta.$h,是送給我的嗎？謝謝你！這個淋在義大利麵上肯定很好吃。$h,New line from v1.6
dating_Harvey_memory_oneday,"I've been thinking about you so much, I can hardly do my work.$l",我想你想得都快沒辦法工作了。$l,New line from v1.6
dating_Maru_memory_oneday,Maru's been unusually cheerful lately... I hear you may have something to do with that.,瑪魯最近特別興奮……聽說跟你有關係。,New line from v1.6
eventSeen_571102_memory_oneweek,"As a doctor, you can only do so much to help your patients...#$e#I've made the mistake of getting too emotionally involved in the past... I won't let that happen again...$s",作為醫生，能為病人做的只有這麼多……#$e#我以前犯過過度共情的錯誤……以後再也不會了……$s,New line from v1.6
AcceptGift_(O)348,"For me? What a gift! This looks fantastic!$h#$b#You know, on a physiological level, I wouldn't advise the consumption of alcohol...#$b#But there's no denying the benefit of kicking back and enjoying a glass of fine Stardew Valley wine!$h",給我的嗎？這個禮物很不錯！$h#$b#呃，從生理學的角度來講，我不是很建議喝酒……#$b#不過不可否認，偶爾放鬆一下小酌一杯，還是有好處的！$h,New line from v1.6
eventSeen_58_memory_oneweek,"Well now that you know my secret, I might as well give you an update... I was significantly less winded after aerobics class this week!",既然你都知道我的秘密了，那我再跟你說說……這週的有氧健身課上完，我已經不怎麼喘了！,New line from v1.6
eventSeen_58_memory_twoweeks,"I got such a good workout during aerobics class, I think I can treat myself to some pasta primavera tonight...$h",有氧健身課的效果真是太好了，我覺得今晚可以獎勵自己一頓蔬菜義大利麵……$h,New line from v1.6
eventSeen_56_memory_fourweeks,I've been working on an 'animal checklist' for a few years now. I want to observe every species living in the valley!,這幾年我一直在製作“動物清單”——我想觀察星露谷裡的每一種生物！,New line from v1.6
eventSeen_56_memory_twoweeks,"I tried making my own pickles one time...$s#$e#Um, let me put it this way... The frogs we dissected in high school smelled like roses in comparison...",我嘗試過自己做泡菜……$s#$e#呃，這麼說吧……跟那個比起來，我們高中解剖的青蛙簡直是沁人心脾……,New line from v1.6
AcceptBirthdayGift_Positive,Oh! Thank you very much! I didn't expect anyone to know it was my birthday today.$h,啊！非常感謝！我沒想到會有人知道今天是我的生日。$h,New line from v1.6
AcceptBirthdayGift_Negative,"Oh! It's a... well, it's something. I didn't expect anyone to know it was my birthday today.",啊！這個……呃，聊勝於無吧。我沒想到會有人知道今天是我的生日。,New line from v1.6
married_Harvey,This is the happiest moment of my life...$l,我是第一次產生這樣的感覺……$l,New line from v1.6
fall_Sat,When you eat certain foods you'll perform better.#$e#Eating a 'Farmer's Lunch' will give you the nutrition you need to water and harvest crops better!,常吃某些食物對身體有好處哦。#$e#吃“農場主的早午餐”可以讓你獲取更均衡的營養，滿足你澆灌和收割作物時的體力需求！,When you eat certain foods you'll perform better.#$e#Eating a 'Farmer's Brunch' will give you the nutrition you need to water and harvest crops better!
Thu8,"$query PLAYER_NPC_RELATIONSHIP current any married roommate#As a doctor, I'm well aware of the benefits of home-cooked food. But I'm so busy, I have a hard time bringing myself to cook.$s|It's a lot of work, being a doctor. I don't eat as well as I should.$s#$e#If I didn't live alone I think it would be easier.$l",醫生有很多工作。很難好好吃上飯。$s#$e#如果我不是單身的話應該會好得多。$l,"It's a lot of work, being a doctor. I don't eat as well as I should.$s#$e#If I didn't live alone I think it would be easier.$l"
Tue8,"$query PLAYER_NPC_RELATIONSHIP current any married roommate#Don't overwork yourself, @. Doctor's orders!#$e#If our farmers get sick, where will we get our food? We need you!$h|Don't overwork yourself, @. Doctor's orders!#$e#Your health is important to me.$l",不要過度勞累，@。這是醫囑！#$e#你的健康對我來說很重要。$l,"Don't overwork yourself, @. Doctor's orders!#$e#Your health is important to me.$l"
