AcceptBirthdayGift_Positive,"Wow, a birthday present! I love it!$h",哇，是生日禮物！我很喜歡！$h,New line from v1.6
married,*sigh*... I hope I can get married some day.$u,唉……希望有朝一日我也能結婚。$u,New line from v1.6
AcceptBirthdayGift_Negative,A birthday present? Oh... I don't like this.$s,是生日禮物嗎？啊……我不喜歡。$s,New line from v1.6
GreenRain,I'm scared...$s,我好害怕……$s,New line from v1.6
AcceptGift_alcohol_item,Umm... I'm not supposed to drink this. Isn't it for adults?$s,呃……這個不是大人喝的嗎？我還不能喝。$s,New line from v1.6
AcceptGift_(O)103,"Oh, a little dolly! She's kind of dirty, but I'll give her a bath. Thanks!$h",啊，是個娃娃！有點髒嘛，我要給它洗個澡。謝謝你！$h,New line from v1.6
eventSeen_3910975,...Is Shane going to be okay?$s,……謝恩沒事吧？$s,New line from v1.6
AcceptGift_(O)StardropTea,Are you sure? It smells so good! I'll only drink a thimbleful a day.$h,確定要給我嗎？好香啊！那我每天喝一丁點。$h,New line from v1.6
AcceptGift_doll_item,"Oh, I like him! He'll fit right in with my other friends.$h",啊，這個好好玩！跟我的朋友們放在一起肯定很合適。$h,New line from v1.6
married_Shane,I hope Shane will still come and see me...$s,我希望謝恩還會過來陪我……$s,New line from v1.6
GreenRain_2,I hope the rain doesn't turn my dress green...$s,希望雨水不要把我的裙子變成綠色……$s,New line from v1.6
eventSeen_3910975_memory_oneweek,I had a nightmare that the house was on fire...$s,我做了個噩夢，夢見家裡著火了……$s,New line from v1.6
AcceptGift_coffee_item,Oh... Aunt Marnie doesn't let me drink coffee yet...$s,啊……瑪妮阿姨還不讓我喝咖啡……$s,New line from v1.6
AcceptGift_(TR)FairyBox,"Wow, it's so pretty! And there's a fairy inside? *giggle*... I can hear her singing. She'll be my secret friend.$h",哇，好漂亮！裡面還有仙女？哈哈……我聽到她在唱歌了，我要偷偷跟她做好朋友。$h,New line from v1.6
eventSeen_3910974,"*giggle* ...look, I've got real bunny-jewel slippers!$h",嘻嘻……快看，我有正版的兔子寶石拖鞋啦！$h,New line from v1.6
cropMatured_595,"$y 'Um... Have you ever seen a fairy?_Yes_Wow! I wanna see one, too.$h_No_...Me neither.$s'",$y '呃……你見過仙子嗎？_見過_哇！我也想看看。$h_沒見過_……我也沒有。$s',New line from v1.6
movieTheater,Aunt Marnie says I'm not old enough to see a movie by myself...$s,瑪妮阿姨說我還太小，不能一個人看電影……$s,New line from v1.6
Sun10,Did you know Shane's my godfather? He was a friend of my parents.$s#$e#...they died. *sniff*$s,你知道嗎？謝恩是我的教父。他是我父母的朋友。$s#$e#……他們都去世了。*啜泣*$s,Did you know Shane's my godfather? He was a friend of my parents.$s#$e#...they died.*sniff*$s
Sat8,"You're always so nice to me, Mr. @.$h^You're always so nice to me, Ms. @.$h#$e#Grown-ups are usually mean and boring, but you're different.",你總是這麼好， @$h先生^你總是這麼好， @女士。$h#$e#大人們總是刻薄又無聊，但是你不會。,"You're always so nice to me, Mr. @$h^You're always so nice to me, Ms. @.$h#$e#Grown-ups are usually mean and boring, but you're different."
