pamHouseUpgradeAnonymous,"Did you see Pam's new house? Boy... I wish I had that kind of money... I'd love to get the kitchen remodeled, at least...$s",你看到潘姆的新房子了嗎？好傢伙……要是我也有這麼多錢就好了……好歹能把廚房重新裝修一下……$s,New line from v1.6
cc_Bus,They say the bus is back up and running. I'm sure Pam is happy about that...#$b#I heard she'd been drinking more after losing her job... so hopefully this helps.,她們說巴士修好了可以開了，潘姆肯定很高興。#$b#我聽說她失業之後喝得更兇了……希望能有所好轉吧。,New line from v1.6
fall_Mon6,I should count my blessings more often. We have a good life here. Some people don't have enough food to eat.$s,我應該多珍惜福氣的，畢竟我們已經過得很好了，有些人還是缺衣少食。$s,New line from v1.6
eventSeen_58,"I've been doing aerobics class with the ladies every week...#$b#Recently, someone new joined the class, but he made us all swear we wouldn't reveal his identity!",我每週都跟她們一起上有氧健身課……#$b#最近來了個新人，不過他讓我們發誓不能透露他的身份！,New line from v1.6
GreenRain,Are you alright? We've never seen anything like this before...$s#$e#I wish my husband was here. He'd know exactly what to do.$s,你沒事嗎？我們以前從來沒見過這種情況……$s#$e#要是我老公在就好了，他肯定知道該怎麼辦。$s,New line from v1.6
eventSeen_3102768,"Penny's a sweet girl. She's been Vincent's teacher for a while now, and he really loves her.",佩妮是個溫柔的孩子。她當文森的老師有一段時間了，文森很喜歡她。,New line from v1.6
eventSeen_3910975,*whisper* Did you hear about Shane? That's so terrible... I hope he's doing okay.$s,（低聲說）你聽說謝恩的事了嗎？太慘了……希望他能緩過來。$s,New line from v1.6
AcceptGift_(O)StardropTea,"Ah... You sure you want to give away such a precious item? Well, thank you!",啊……你確定要送這麼珍貴的東西嗎？好吧，謝謝你！,New line from v1.6
dating_Sam_memory_oneday,I heard about you and Sam. Hopefully he won't cause you any trouble!$h,我聽說你跟山姆在一起了，但願他不會給你惹麻煩！$h,New line from v1.6
GreenRain_2,Vincent got up early to go play in the rain. I just hope they're right about it being completely harmless!,文森一大早就跑到雨裡玩去了，但願他們說這場雨完全無害是真的！,New line from v1.6
pamHouseUpgrade,"Wow... I heard what you did for Pam... Boy, I wonder what she did to get in your good graces like that?$s#$e#...I wish I had that kind of money to throw around...$s",欸……我聽說你幫了潘姆……好傢伙，她做了什麼讓你對她這麼好？$s#$e#……要是我也有這麼多錢可以揮霍就好了……$s,New line from v1.6
eventSeen_94,Thanks again for bringing that fish! It was some of the best we've had in a while.,上次你帶來的那條魚，真的很感謝！那是我們最近嚐到的最美味的魚了。,New line from v1.6
eventSeen_101,"Poor Clint... they say he's head-over-heels for Emily, but I've heard she only thinks of him as a friend...",克林太慘了……她們說他對艾米麗那是愛慘了，但我聽說艾米麗只把他當朋友……,New line from v1.6
married_Sam,I'm so happy for you and Sam. I think you two are the perfect match!#$e#I never thought I'd say it... but I'll miss those awful noises from Sam's guitar...$s,你跟山姆結婚了我很開心，我覺得你們倆特別般配！#$e#沒想到會有機會說出來……山姆彈的那些轟隆隆的噪音，我還是會想念的……$s,New line from v1.6
fall_Thu,"Maybe I've spoiled the boys a bit. They've never had to do any chores.#$e#I guess I want them to be able to enjoy their childhood while they still can. Well, Sam's basically a man now, though.#$b#I hope he hasn't grown up to be lazy. That won't do.$s#$e#Being a parent isn't very easy.",也許是我有點寵壞孩子了。他們從來不做事。#$e#我是想在他們小的時候給他們一個好的童年。不管怎樣，山姆現在長大成人了。#$b#希望他不要變得懶惰。太懶惰可不行。$s#$e#做父母真不容易啊。,"Maybe I've spoiled the boys a bit. They've never had to do any chores.#$e#I guess I want them to be able to enjoy their childhood while they still can. Well, Sam's basically a man now, though.#$b#I hope he hasn't grow up to be lazy. That won't do.$s#$e#Being a parent isn't very easy."
Thu,"So you're a farmer, huh? Interesting.#$e#I've never met a farmer before.#$e#Maybe some day you can teach me how to grow vegetables.$h",你是位農夫，是吧？有意思。#$c .5#我第一次認識農夫。$k#$e#也許以後你可以教我怎麼種菜。$h,"So you're a farmer, huh? Interesting.#$c .5#I've never met a farmer before.$k#$e#Maybe some day you can teach me how to grow vegetables.$h"
