Fri4,"I oughta take up fishing. It would give me something to do, keep my hands busy.",我得學學釣魚了，這樣能有事可做，不至於閒著。,New line from v1.6
Wed10,"To be alive is a special gift, and it comes and goes in the blink of an eye... never lose sight of that.",生命本身就是特別的禮物，它說來就來，說走就走……永遠不要忘記這一點。,New line from v1.6
eventSeen_100_memory_oneday,"My apologies for the other day.#$e#I don't want any special treatment. I just want to be a normal person, like everyone else.",那天的事情非常抱歉。#$e#我不想被特殊對待，我只是想當一個普通人，跟大家一樣。,New line from v1.6
AcceptGift_(O)StardropTea,"For me? Well, that's unexpected... But I won't say no. Thanks!",這是送我的嗎？呃，有點意外……不過給我吧，謝謝你！,New line from v1.6
Sun4,"You've got a routine to keep you busy, huh? That's a good thing.#$e#Too much freedom can be stifling. We all benefit from having some structure in our lives.",你有一套固定的勞作流程是吧？那挺好的。#$e#太自由了反而會很壓抑，每天按部就班是有好處的。,New line from v1.6
GreenRain_2,"Heh... The rain is a blessing. A reminder that there will always be forces greater than anything conceived of by man.#$e#That's actually a comfort, @.",哎呀……下這場雨是一件好事，能提醒我們山外有山，天外有天。#$e#@啊，這反而能讓人放心下來。,New line from v1.6
Tue6,I feel like I'm settling back in pretty well. It's nice to have a friend in town.$h,我覺得我適應得挺好的，有朋友在鎮上我很開心。$h,New line from v1.6
AcceptGift_(O)Book_Bombs,"Well, I can't read Dwarvish, but it's an interesting collector's item. Thank you.",哎，我看不懂矮人語，不過拿來收藏也挺有意思，謝謝你。,New line from v1.6
married_Sam,It makes a father proud to see his boy become a man. You have my heartfelt blessing.$h,能看到兒子成長為一個男人，作為父親我很自豪。希望你們以後能越過越好。$h,New line from v1.6
