Sat4,"I'd love to see more of the outside world, but it wouldn't be safe for me.$s",我很想去外面的世界看看，但對我不是很安全。$s,New line from v1.6
8_*,A 1000 year war between my people and the dwarves recently ended. There's still a lot of resentment on both sides.,我們和矮人之間的千年戰爭最近終於結束了。不過彼此之間依然互相憎恨。,New line from v1.6
4_*,"...Have you encountered others like me, in the mines? I'm sorry if they were hostile towards you. You see, we've learned to fear humans... there have been too many... unpleasant encounters.#$e#You haven't... slain any of my friends, have you?",……你有沒有在礦井裡面遇到其他像我這樣的傢伙？如果他們不太友好，我向你道歉。我們已經學會畏懼人類了……畢竟……有太多不愉快的遭遇。#$e#你……沒有殺過我的朋友吧？,New line from v1.6
AcceptBirthdayGift_Positive,"Oh, a gift to remember the day that I hatched! Thank you!$h",哇，這是我孵化日的紀念禮物嗎！謝謝你！$h,New line from v1.6
18_*,I try not to make too much noise down here. Imagine if the townspeople heard my weird sounds coming from the sewer drain...,我待在這裡會盡量保持安靜的。假如鎮上的人聽到下水道裡傳來我奇怪的聲音……,New line from v1.6
SpouseStardrop,I wanted to give you this as a 'thank you' for letting me live here with you.$h,我想送你這個，作為你允許我和你一起住的謝禮。$h,New line from v1.6
AcceptBirthdayGift_Negative,Oh... is this what you call a 'birthday present'? I don't understand humans...$s,啊……你們說的“生日禮物”就是這種東西嗎？我不是很懂人類……$s,New line from v1.6
GreenRain,The flow of water has been unusually strong today... what's going on up there?,今天水的流速特別快……地上發生什麼事了？,New line from v1.6
AcceptGift_(O)StardropTea,Is that Stardrop Tea? Thank you! One drop makes my room smell good for the whole day.,這是星之果茶嗎？謝謝你！只要滴上一滴，我的屋子就能香上一整天。,New line from v1.6
Sat8,"I'll never know what it's like to be human... but talking to you, I feel like I understand it a little.",我永遠不會明白作為人類是什麼感受……不過跟你聊天之後，我多少理解了一點。,New line from v1.6
15_*,"Please keep my location a secret. If the dwarves knew of me, they'd surely send an assassin.",請不要向別人洩露我的位置。如果矮人知道了，他們肯定會派殺手來的。,New line from v1.6
AcceptGift_(O)879,"A gift of lovely perfume? Oh, @... I'm blushing, but you probably can't notice...$4",這瓶好聞的香水是要送給我嗎？哎呀，@……我都臉紅了，不過你可能看不出來……$4,New line from v1.6
AcceptGift_(O)Book_Void,"Hey, look! All my friends are in here!$h#$b#Wait a minute, is that me...?$7",哎，快看！我朋友在這裡都有！$h#$b#等等，這是我嗎……？$7,New line from v1.6
AcceptGift_(O)308,"This smells delicious! I'll eat half, and use the other half to moisturize my body...$h",好香啊！這樣吧，一半我用來吃，另一半我用來塗保濕……$h,New line from v1.6
eventSeen_691039,"...I'm a little bruised, but I'm okay.",……我有點擦傷，不過沒事。,New line from v1.6
