dating_Leah_memory_oneday,Please don't feel like you have to spend all your time with me now that we're dating... I know you're a busy person!,雖然我們談戀愛了，但你也不用整天跟我待在一起……我知道你很忙的！,New line from v1.6
FlowerDance_Accept,You want to dance with me? Yes!$h#$e#I was wondering if you'd ask me...$h,你想和我跳舞嗎？好啊！$h#$e#我一直在想你會不會邀請我……$h,New line from v1.6
married_Shane,"I'm happy that Shane's in such a good place. I've never seen him smile so much!#$e#With his love for chickens, I'm sure he'll fit right in on %farm Farm!$h",謝恩過得這麼好，我很高興。我從沒見過他笑得這麼開心！#$e#他這麼喜歡養雞，肯定很適合待在%farm農場！$h,New line from v1.6
eventSeen_584059_memory_oneday,"If my art continues to sell online like it has, I'll be able to keep making art forever. That's always been my dream.",如果我的作品在網路上能維持現在的銷量，我就能一直創作了。這是我長久以來的夢想。,New line from v1.6
AcceptGift_(O)169,Oh! Thank you! This one has an interesting shape...$h,啊！謝謝你！這根的形狀有點奇特……$h,New line from v1.6
Fri8,"Do you ever wonder what it's like to be a different person?#$e#Do our thoughts manifest in a similar way, or is it radically different?#$e#Don't mind me, I think about weird things sometimes...$h",你有沒有想過，假如變成另一個人會是什麼感覺？#$e#我們的思想是表現出類似的模式，還是截然不同？#$e#不用管我，我偶爾會想一些奇奇怪怪的事情……$h,New line from v1.6
FlowerDance_Accept_Spouse,Finally! I was starting to get worried you wanted to dance with someone else!$h,嚇我一跳！我還以為你是想和別人跳舞呢！$h,New line from v1.6
eventSeen_54_memory_oneday,I'm still fuming about the picnic... what a weirdo!$a#$b#Let's never talk about... that person... ever again.$s,想起野餐的事情我就窩火……真是個怪人！$a#$b#我們以後別再提起……那個人了。$s,New line from v1.6
married_Elliott,Elliott's a real romantic... I'm sure your days will be filled with poetry!$h,艾略特真的很浪漫……你的生活肯定會充滿詩意！$h,New line from v1.6
FlowerDance_Decline,I'll be honest. I don't want to dance with you.$u,我就直說了。我不想跟你跳舞。$u,New line from v1.6
AcceptGift_(O)430,"Hey, where'd you find that? *sniff*... Mmm... This will be perfect, grated over a fresh pasta. Thank you!$h",哎，這是在哪裡找到的？（聞了一下）……嗯……磨碎了撒在義大利麵上肯定很好吃，謝謝你！$h,New line from v1.6
Fri6,"Sometimes, a strange feeling comes over me. My head becomes totally empty... and I feel completely at peace, even blissful.#$e#Hey, now! It has nothing to do with drinking wine!$h",有時候我會陷入一種奇怪的感覺，大腦一片空白……感覺特別平靜，甚至有點幸福。#$e#喂！這跟喝酒沒關係！$h,New line from v1.6
AcceptGift_(O)StardropTea,"Oh, wow... I had a sip of this stuff when I was a kid, and I've never forgotten the taste.",哇……我小時候喝過一口這個，味道我到現在還記得。,New line from v1.6
eventSeen_53_memory_oneday,I sold enough art at that show to get by for another year... that's all I needed!,我在藝術展上賺到的錢夠我再用一年了……有這些我就很滿足了！,New line from v1.6
fall_Sun4,One thing I love about this place is that there are beautiful waterfalls.#$e#Do you ever spend time watching them? It's soothing...,這個地方吸引我的一個原因就是有很多漂亮的瀑布。#$e#你有沒有停下來觀賞過？讓人有放鬆的感覺……,New line from v1.6
summer_Fri4,Do you ever walk out into the forest... Pause... And simply enjoy the beauty of nature?#$e#It's easy to forget how incredible this world actually is...,你有沒有試過走進森林……駐足……然後單純地感受大自然的美好？#$e#人們很容易會忘記這個世界有多麼神奇……,New line from v1.6
GreenRainFinished,I guess everyone in town was scared of that strange rain? I had no idea... I just thought it was incredible!$h,鎮上的大伙是不是都被奇怪的雨嚇到了？我的話……我反而覺得這場雨太好了！$h,New line from v1.6
AcceptGift_(O)196,"$c 0.8#This looks delicious... Thank you! There's nothing quite like a fresh, wild salad.$h#Oh, wow, @! This is exactly what I was craving! How'd you know?$h",$c 0.8#看起來好好吃……謝謝你！新鮮的沙拉最健康了。$h#哇，我正好想吃這個！@，你怎麼知道的？$h,New line from v1.6
GreenRain,"Where did all these plants come from? It's a surprise, but I'm not complaining...",這些植物是從哪來的？有點驚喜，我覺得還挺好的……,New line from v1.6
summer_Sat4,"One Summer, it was so hot during the night that I got out of bed and jumped into the river!#$e#I hope no one saw me!$h",有一年夏天，晚上實在太熱了，我只好爬起來出門扎進了河裡！#$e#但願沒人看見！$h,New line from v1.6
dating_Leah,I had a feeling you would ask me...$l,我之前有預感你會來約我……$l,New line from v1.6
GreenRain_2,Imagine if this rain lasted all summer... The plants would take over the entire valley!,假如這場雨下一整個夏天……星露谷裡肯定會長滿植物！,New line from v1.6
AcceptGift_(O)200,"Mmm... Back in the city, the veggies never tasted this fresh. I love it!$h",嗯……以前吃城裡的蔬菜，哪裡有現在這麼新鮮，我很喜歡！$h,New line from v1.6
AcceptBirthdayGift_Positive,"Hey, thanks a bunch, @! This makes my birthday feel special.$h",哎，@，謝謝你！這個生日我過得很難忘。$h,New line from v1.6
winter_Sun4,"You should take a whole day off, now and then.#$b#Not only is it good for the soul, but in the long run, you'll actually be more productive!",你應該每隔一陣子休息一兩天。#$b#不僅對精神有好處，而且長遠來看，整體的做事效率其實會提升！,New line from v1.6
Wed8,"$query PLAYER_NPC_RELATIONSHIP current any married roommate#It must be satisfying to harvest a whole field of crops, huh? You're basically creating food out of nothing!$h|Hi @! I was just thinking about you and your farm.#$e#I was imagining how good it must feel to harvest a big bunch of crops.$h#$e#Wouldn't it be nice to have help, though?$l",嗨，@！我剛剛還在考慮你農場的事情呢。#$e#有這麼大一塊地，收穫起來一定感覺不錯吧。$h#$e#不過如果有人能幫你就好了。$l,"Hi @! I was just thinking about you and your farm.#$e#I was imagining how good it must feel to harvest a big bunch of crops.$h#$e#Wouldn't it be nice to have help, though?$l"
Sun8,"If you ever find any interesting looking driftwood, I could use it.#$e#It would be special that you gave it to me.",如果你有找到樣貌有趣的漂流木的話，我可能會用的著。#$e#從你那裡得到這樣的禮物真的很特別。$l,"If you ever find any interesting looking driftwood, I could use it.#$e#It would be special that you gave it to me.$l"
Sat8,"$query PLAYER_NPC_RELATIONSHIP current any married roommate#I've thought about growing some crops, but I think I'd feel bad having to clear out all the wild plants to make space.|Farming sounds so fun. I want to try it, someday.$l",種田聽起來好有趣啊。我以後也想試試。$l,"Farming sounds so fun. I want to try it, someday.$l"
danceRejection,Removed,Removed,I'll be honest. I don't want to dance with you.$u
