wonGrange,"Congrats on winning that grange display competition.#$e#Hehe... Just between you and me, I think Pierre needed a bowl of humble pudding!$h",恭喜你在農莊展覽中獲勝。#$e#嘿嘿……我私底下跟你說哦，我覺得是該挫一挫皮耶爾的銳氣！$h,New line from v1.6
GreenRain,"I just got off the phone with the Governor... Apparently this rain is supposed to be completely harmless. Just an unusual phenomenon of nature.#$b#Still, some of the townsfolk are panicking, which is never good...",我剛剛打電話跟州長確認了……據說這場雨是完全無害的，只是大自然的一種奇異現象。#$b#不過鎮上還是有居民感到恐慌，這就不太好了……,New line from v1.6
married_twice,"Congratulations once again, @.",@，再次祝賀你。,New line from v1.6
AcceptGift_(O)StardropTea,"I've sampled many teas in my life, but none are quite so rare and special as this. Thanks!",我品嚐過很多不同的茶，但還是這個茶最珍貴、最特別。謝謝你！,New line from v1.6
cropMatured_276,"Nothing says 'Fall' quite like a pumpkin, don't you think?",看到南瓜成熟，就有“一葉知秋”的感覺了，是不是？,New line from v1.6
divorced_once,The divorce paperwork is all squared away. Sorry that things didn't work out...,離婚手續已經辦理好了。你們的事情不順利，我很遺憾……,New line from v1.6
GreenRain_2,I guess we can expect these unusual rains every year. I think everyone is a little calmer knowing that it's just part of nature.,我估計這種奇怪的雨每年都會下了。大家意識到這只是大自然的現象之後應該也鎮定了很多。,New line from v1.6
cropMatured_24,"Hey, I was doing my nightly rounds, and noticed that your first parsnip was ready. Congratulations!",哎，我昨晚路過出貨箱，發現你的第一批歐防風已經成熟了，祝賀你！,New line from v1.6
movieTheater,All the young people seem happy about the new movie theater.#$e#A thriving theater will be good for the local economy. I just hope there's nothing objectionable in those modern pictures!,年輕人好像都挺喜歡電影院的。#$e#電影院生意好的話，對本地經濟也有好處。我就希望這些新興電影裡面不要有大家反感的內容！,New line from v1.6
married,"Congratulations, @. This is a big step forward for you and %spouse. You've really grown some roots in this town!",@，這是你和%spouse向前邁出的重要一步，祝賀你們。你也算是在這個小鎮上扎根了！,New line from v1.6
AcceptBirthdayGift_Negative,"Ah, you remembered the old mayor's birthday... what's this?$h#$b#Um... well you know what they say, 'it's the thought that counts'.",嚯，你還記得我這個老鎮長的生日啊……這是什麼東西？$h#$b#呃……這個嘛，心意到了就行了。,New line from v1.6
GreenRainFinished,"Well, that was quite the excitement for our little town! I'm just relieved that everyone is okay.$h#$e#If this ever happens again, I think we'll all be a little more relaxed. It's not the end of the world!",哎，也算是讓我們的小鎮躁動了一番！幸好大家都沒事。$h#$e#假如再發生一次的話，大家應該會從容不少——這又不是世界末日！,New line from v1.6
cropMatured_254,"Those melons have been looking real good over at %farm farm!$h#$b#You know, that was one of your Grandpa's favorite crops back in the day.",%farm農場的甜瓜長勢很好啊！$h#$b#哈哈，當時你爺爺可喜歡種甜瓜了。,New line from v1.6
cc_Bridge,"Somehow, that old bridge to the quarry is now repaired.#$b#I'm shocked... It must've taken a whole team to fix that thing!#$b#Who could've done that?",通往採石場的斷橋莫名其妙修好了。#$b#我挺吃驚的……這得來一整隊人，才能修好吧！#$b#會是誰做的？,New line from v1.6
AcceptBirthdayGift_Positive,"Ah, you remembered the old mayor's birthday. That's very thoughtful of you. And it's a nice gift!$h",嚯，你還記得我這個老鎮長的生日啊。你有心了，這個禮物我很喜歡！$h,New line from v1.6
divorced_twice,"Another divorce? C'mon, @... you should be a little more careful who you decide to marry in the future...$u",又來離婚？@啊……你以後選擇結婚對象的時候還是謹慎一點吧……$u,New line from v1.6
summer_Sun,"Say, are you growing any blueberries on your farm?#$e#I do enjoy a fresh blueberry.%revealtaste:Lewis:258",你有沒有在你的農場裡種藍莓呢？#$e#我是真的很喜歡新鮮的藍莓。%revealtaste:Lewis:258,"Say, are you growing any blueberries on your farm?#$e#I do enjoy a fresh blueberry.%revealtasteLewis258"
fall_Wed2,Every Wednesday I have buckwheat waffles and coffee for breakfast. It's a little tradition I observe to keep the bachelor life interesting.$h,每週三早上我都要吃蕎麥華夫餅配咖啡。這是我為了讓單身的日子更有趣些而定下的規矩。$h,Every Wednesday I have buckwheat waffles and coffee for breakfast. It's a little tradition I keep to keep the bachelor life interesting.$h
