eventSeen_8357109,"The water here comes from glaciers high up in the mountains.#$e#I traveled to the source once, just to pay my respects to the water.",這裡的水來自山頂上的冰川。#$e#我曾經去過一次水源，為了向水表示敬意。,New line from v1.6
GreenRainFinished,How did the moss harvest go? Hehe... My bed is a lot softer now.,你的苔蘚採集得怎麼樣？嘿嘿……拜其所賜，我的床蓬鬆多了。,New line from v1.6
AcceptGift_(O)Book_Trash,I don't usually read books... But this one is right up my 'alley'... Thank you!$h,我不太看書……不過這本正合我“口味”……謝謝你！$h,New line from v1.6
married,"I thought about tying the knot, once. But now, I'm happily married to the wind rustling in the leaves, and the frogs croaking under the silver moon.",我以前考慮過結婚，不過現在有風吹過樹葉沙沙作響，皎潔的月光下有青蛙呱呱叫，我也算有伴了。,New line from v1.6
AcceptGift_(O)774,"Let me see... it looks perfect. You're a good student, @.$h",我看看……這個做得特別好。你學得很快啊，@。$h,New line from v1.6
GreenRain,All these strange trees will be gone tomorrow... it's one of the mysteries of nature.,這些奇怪的樹明天就會全部消失……這就是大自然的奧秘。,New line from v1.6
AcceptGift_(O)166,"No, thank you. I have no desire for money... In fact, I think it's cursed. [166]",不用了，我不需要錢……要我說，那可是萬惡之源。[166],New line from v1.6
AcceptGift_(O)StardropTea,"This means a lot to me, @. I'll save it for a quiet day in the tent. Thank you!",@，你送我這個我真的很高興，我會找一天坐在帳篷裡安靜品嘗。謝謝你！,New line from v1.6
AcceptGift_category_greens,That's a good find! I'm always happy when eating wild food. Thank you.,這個東西真不錯！吃野生採集的東西我總是很高興。謝謝你。,New line from v1.6
GreenRain_2,I've already gathered enough moss for the entire year. How about you?,我收集了很多苔蘚，夠用一年了，你呢？,New line from v1.6
winter_Mon4,"After you've truly unplugged from the modern way of life, you'll start to really enjoy the simple things... like the sun, a ripe fruit, or finding a stick with the exact shape you were looking for.",真正脫離現代的生活方式之後，你會開始喜歡上樸素的東西……比如陽光、熟透了的水果，有時還能正好找到一根形狀奇特的木棍。,New line from v1.6
DumpsterDiveComment,Find anything good?$h,找什麼好東西沒？$h,New line from v1.6
movieTheater,"Movie theater? Hmm... for me, the slow procession of nature is all the drama I need.",電影院嗎？唔……對我來說，大自然的萬物變遷就是最好的演出了。,New line from v1.6
mineArea_80,Very few people have gone as deep into the mines as you have.,很少有人能像你這樣到達礦井這麼深的地方。,New line from v1.6
AcceptGift_category_fish,"Ah, that looks fresh. I'll be eating good tonight!$h",啊，看起來很新鮮。今晚能飽餐一頓了！$h,New line from v1.6
Sat4,"I have everything I need to survive, and more. Nature plays a wonderful tune if you can only learn to listen.",我具備生存所需的一切能力，甚至更多。如果你能學著去聆聽，就能聽見大自然發出的美妙旋律。#$e#我也會花很多時間在讀書上。我待在星露谷的原因之一就是鎮上的大圖書館。,"I have everything I need to survive, and more. Nature plays a wonderful tune if you can only learn to listen.#$e#I also spend a lot of time reading. One of the reasons I stopped in the valley was for the great library."
summer_Mon,#$1 LinusHeron#I saw a heron wading gracefully through the morning mist. Such are the treasures of a quiet life.$k#$e#It's so easy to get caught up in the noise of modern life. Your best years will pass you by in a formless blur. That's why you've got to learn to slow down. ,#$1 LinusHeron#今早有些起霧，我看見一隻鷺鳥優雅地踏著霧氣飛去。這大概就是小鎮生活的好處之一吧。$k#$e#人們總是十分容易地被城市的喧囂影響。匆匆忙忙地過了不知所以的幾十年。所以說，還是慢一點，悠然一點生活更好。 ,#$1 LinusHeron#I saw a heron wading gracefully through the morning mist. Such are the treasures of a quiet life.$k#$e#It's so easy to get caught up in the noise of modern life. Your best years will pass you by in a formless blur. That's why you'v got to learn to slow down. 
