GreenRain,You're not worried about this rain? That does put me at ease a little...#$e#I just hope the cows tucked themselves in...$s,你好像不是很擔心這場雨？那我就稍微安心一點了……#$e#但願牛都躲好了，沒有亂跑……$s,New line from v1.6
gotPet_memory_oneday,I'm sure %pet will be a little shy at first. It takes a while for an animal to get comfortable in a new setting.,%pet一開始肯定會有點怕生，動物適應新環境總是需要一段時間的。,New line from v1.6
AcceptGift_(O)StardropTea,"Wow, thanks a million, @. I won't forget this!",哇，@，太感謝你了。我會一直記在心裡的！,New line from v1.6
gotPet_memory_oneyear,I just remembered... it's been about a year since you adopted %pet. I bet you two have grown really close by now!,我突然想起來……你收養%pet已經有一年了吧，我猜它應該已經很親近你了！,New line from v1.6
GreenRain_2,The animals seems to enjoy this rain... I think it's putting extra nutrients into the grass.,動物好像還挺喜歡這場雨的……可能是因為它讓草料的營養增加了。,New line from v1.6
gotPet,I think you'll love having a little friend on the farm with you.,我相信農場上有了小動物陪伴你會很開心的。,New line from v1.6
Fair_Judged,"Well, I didn't win... but it was still satisfying to share all my hard work!",嗯，雖然我沒有贏……但能和大家一起分享我辛勤勞作的成果，這也不錯！,New line from v1.6
married_Shane,I'm glad Shane's moving to your farm... he can keep the family tradition alive!,謝恩搬到你的農場上去，我很高興……或許他可以把家族傳統傳承下去！,New line from v1.6
AcceptGift_(O)SkillBook_0,"Thanks, @. I always like to have a copy of the Almanac around. It's pretty accurate!$h",@，謝謝你，我一直想要一本年曆，裡面寫的都很準！$h,New line from v1.6
GreenRainFinished,"Well, looks like we all got scared for nothing... The rain was totally harmless!",哎，感覺根本沒必要害怕嘛……這場雨根本沒什麼害處！,New line from v1.6
Fair_Judged_PlayerLost_PurpleShorts,"That was some strange-looking purple lettuce in your grange display!$h#$b#I swear, it looked just like Mayor Lewis' special und... $3#$b#Oh!... heh... never mind!$4",你的農莊展覽格子裡放了些樣子很奇怪紫色生菜啊！$h#$b#等等，這看起來像極了路易斯鎮長的內……$3#$b#噢！……嘿嘿……沒事！$4,New line from v1.6
gotPet_memory_oneweek,Has little %pet settled in yet? It's such a nice property for a pet to explore.,%pet它適應了嗎？那個地方寵物肯定很喜歡探索。,New line from v1.6
structureBuilt_Stable,"Oh, you got a horse? That's so wonderful! Horses are amazing animals.$h",哦？你買了一匹馬？那真是太好了！馬兒是很了不起的動物。$h,New line from v1.6
Fair_Judging,"Well, here goes nothing...",那麼，姑且一試吧……,New line from v1.6
dating_Shane_memory_oneweek,"Shane seems a lot more positive and hopeful, lately.#$b#I'm so happy you moved here, and that you two get along so well!$h",謝恩最近明顯變得積極樂觀了。#$b#幸好你搬到了這裡，還跟他相處得那麼好！$h,New line from v1.6
Tue,"$query PLAYER_NPC_RELATIONSHIP any Shane married roommate#Now that Shane's gone, I'm going to have teach Jas how to care for the chickens.|My nephew Shane has been staying at my place the last few months.#$e#He helps me out with the chickens, so I'm not complaining.",我的侄子謝恩已經在我這待了幾個月了。#$e#不過他會幫我養雞，所以也沒什麼可抱怨的。,"My nephew Shane has been staying at my place the last few months.#$e#He helps me out with the chickens, so I'm not complaining."
Fri4,Removed,Removed,#$1 marnieLike#I think someone in town has taken a liking to me. *teehee*$k$h#$e#I would be so lonely if Shane ever moved out.
