Sat4,Some people say 'magic isn't real'... but have they ever stopped and really thought about magnetism?,有些人認為魔法全是假的……不知道他們有沒有意識到存在磁場這麼個東西？,New line from v1.6
AcceptGift_(O)337,"Oh, wow! That's a rare element. It's theorized that all the iridium in our world comes from meteorites...$h",哇！這可是稀有的元素，有人推測世界上所有的銥都來自隕石……$h,New line from v1.6
eventSeen_9_memory_oneweek,"How's your hand feeling?#$b#Let me see it... Hey, it looks all better!$h",你的手怎麼樣了？#$b#我看看……哦，已經好多了！$h,New line from v1.6
AcceptGift_(O)StardropTea,Mmm... How does it taste so good? This is really a great gift.,嗯……為什麼會這麼好喝？我很喜歡這個禮物。,New line from v1.6
eventSeen_9,I should've spent more time on that piece before showing you...$s,那個機器我應該多打磨一陣子再給你看的……$s,New line from v1.6
GreenRain_2,This is a rare opportunity to study a unique phenomenon... every moment counts!,難得有這麼寶貴的機會可以研究罕見的現象……一點時間都不能浪費！,New line from v1.6
FlowerDance_Decline,I'm flattered! But... No.,我受寵若驚！但是……不行。,New line from v1.6
FlowerDance_Accept_Spouse,Of course... *whisper* Then can we go home and snuggle?$l,當然……*低聲說*那麼我們可以回家膩在一起了嗎？$l,New line from v1.6
AcceptGift_(O)336,"Ah, pure gold... It's not the strongest material, but it has some really useful properties!$h",啊，純金……這種材料並不是最堅硬的，不過有很多有用的性質！$h,New line from v1.6
married_Sebastian,"Hey, I guess we're brother and sister now!$h^Hey, I guess we're sisters now!$h#$e#I'm glad that Sebastian found a way out of the basement...#$e#I wish you two all the best!",哎，你現在也算是我哥了！$h^哎，你現在是我嫂子啦！$h#$e#賽巴斯汀終於能離開地下室，我很高興……#$e#祝你們一帆風順！,New line from v1.6
FlowerDance_Accept,"Heh... sure! Suddenly, the dance sounds a lot more fun.$h",欸……好啊！感覺舞會更加有意思了。$h,New line from v1.6
GreenRain,"I want to go collect samples with my dad, but my Mom is insisting we stay here...",我想跟我爸一起去採集樣本，可是我媽非得要我跟她待在這裡……,New line from v1.6
Fri6,"My Dad is very logical, and my Mom is very intuitive. That difference leads to conflict, sometimes...$s",我爸很講邏輯，而我媽總是憑直覺，所以有時候會吵架……$s,New line from v1.6
dating_Maru_memory_oneday,Mmm... I'm having a hard time focusing on my work today.$l,唔……我今天根本沒辦法集中注意力做事。$l,New line from v1.6
Thu4,"Sometimes, when I'm looking into space with my telescope, I get struck with this eerie feeling... Like we aren't meant to see this.#$e#It's silly, I know...$h",我用望遠鏡觀察太空的時候，偶爾會突然有種詭異的感覺……這可能不是允許我們看到的東西。#$e#聽起來很扯，是不是……$h,New line from v1.6
AcceptGift_(O)122,"Ooh, this is exciting! I'll deconstruct it and see if I can reverse-engineer the technology.$h",哇，這可太好了！我要把它拆開，看看能不能對裡面的技術做逆向工程。$h,New line from v1.6
dating_Maru,"Ummm... Don't break the news to my Dad, okay? I'll handle it.",呃……你別去跟我爸說，好嗎？我會處理的。,New line from v1.6
AcceptGift_(O)910,"Ahh! Be careful with that! Are you touching it with your bare hands?$9#$b#... Sorry... hehe... With proper handling, this will be perfect for an exotic machine I'm building.",喂！小心點！你怎麼可以直接用手拿？$9#$b#……不好意思……嘻嘻……我在造一台奇妙的機器，這個只要處理得當，就能派上大用場。,New line from v1.6
Sat2,"It's really satisfying when you can repair something yourself, instead of just throwing it away.",東西壞掉了能自己修好，不用買新的，就很有成就感。,New line from v1.6
Sat6,"If you think about the human body, it's hard to believe that somehow, it all just 'works'.",一旦仔細想想人體的組成，就會覺得人能動起來這一點很不可思議。,New line from v1.6
AcceptBirthdayGift_Positive,"Hey, what's this, a birthday gift? It's great! Thanks for remembering me!$h",哇，這是給我的生日禮物嗎？我很喜歡！謝謝你記得我的生日！$h,New line from v1.6
AcceptBirthdayGift_Negative,"Hey, what's this, a birthday gift? It's... uh, well, it's a gift! Thanks for remembering me, anyway.",哇，這是給我的生日禮物嗎？我……呃，那什麼，我沒說錯！還是謝謝你記得我的生日。,New line from v1.6
Sat8,"You know, I was thinking... even with all the technology in the world, nothing beats having a real human friend.",我在想……即使世界上科技這麼發達了，還是比不上有一個真實的人類朋友。,New line from v1.6
summer_Wed2,Is it just me or did it suddenly get really hot?#$e#I guess it's just me.,感覺天氣突然變熱了，是我的錯覺嗎？#$e#大概是我的錯覺吧。,New line from v1.6
AcceptGift_(O)787,"This will be perfect for powering my latest project! Thanks, @!$h",這個正好可以給我的新項目提供電力！謝謝你，@！$h,New line from v1.6
married_Harvey,You always seemed far too healthy to be at the clinic so often... Now it's all starting to make sense...,我還在想，你身體這麼好，為什麼總是來診所……原來是這樣……,New line from v1.6
married_Penny,"Hey, congratulations!$h#$b#I remember the first time Penny told me she had feelings for you...#$b#She was all shy about it, but I knew right away it was serious... she wouldn't say something like that if she didn't mean it!",哎，恭喜你！$h#$b#我還記得當時佩妮跟我說她喜歡你……#$b#她當時可害羞了，我馬上就知道她是認真的……不然她可不會把那種話說出口！,New line from v1.6
Wed8,"I'm glad to have a job at the clinic... I feel like I'm helping people in town.#$e#Dr. Harvey? He's nice, but not really my type...",我週二和週四會去哈維的診所上班。#$e#他人很好，但不是我喜歡的類型……,"I work at Harvey's clinic on Tuesdays and Thursdays.#$e#He's nice, but not really my type..."
Resort_Towel,*gasp*... It's a solar eclipse!$3#$b#Oh... never mind. It's just your body blocking the sun.,嘶……是日食！$3#$b#噢……沒事了。只是你的身子擋住了太陽而已。,*gasp*... It's a solar eclipse!$3#$b#Oh... nevermind. It's just your body blocking the sun.
event_robot_explain1,"...$s#$b#You have a point, I did program her to act human... but her neural net is so complex, I can't be sure consciousness didn't emerge on its own.$8#$b#Furthermore, isn't it a little arrogant to assume that human-like consciousness is the only worthwhile vessel of existence? Computer brains are different than ours, but that doesn't mean we can disregard them.$8",……$s#$b#你說得有道理，我的確編寫了她的程序，想讓她表現得更像人類……但她的腦神經反應網如此複雜，無法判定她的自我意識是不是通過自身形成的。$8#$b#況且，難道只有人類的思維才配擁有自我意識嗎？雖然機器人的大腦構造與我們截然不同，那也不代表我們就應該這樣不尊重、不認可他們啊。$8,"...$s#$b#You have a point, I did program her to act human... but her neural net is so complex, I can't be sure conciousness didn't emerge on its own.$8#$b#Furthermore, isn't it a little arrogant to assume that human-like consciousness is the only worthwhile vessel of existence? Computer brains are different than ours, but that doesn't mean we can disregard them.$8"
fall_Mon8,You should come visit me at the clinic tomorrow. I work from 10 a.m. to 4 p.m.$h,你明天應該來診所看我。我的上班時間是早上10點到下午4點。$h,You should come visit me at the clinic Tomorrow. I work from 10 a.m.to 4 p.m.$h
summer_Wed4,"Penny and I have been doing a seasonal book club.#$b#It's just the two of us, but it's still fun to discuss what we're reading!",是我的錯覺嗎，還是氣溫突然升高了？#$e#大概是我的錯覺吧。,Is it just me or did it suddenly get really hot?#$e#I guess it's just me.
