GreenRainFinished,"Well, I guess the end-times haven't come just yet, kid...#$e#Ah well, back to the ol' nine to five...",哎，大概末日還沒到吧，孩子……#$e#唉，繼續朝九晚五吧……,New line from v1.6
wonIceFishing,"Alright, alright... you beat me fair and square at the fishing event, kid.#$e#Hmm... maybe my problem was using that beer-battered mushroom as bait...$u",好吧……孩子，釣魚比賽你確實堂堂正正贏了我。#$e#唔……我可能不應該用啤酒麵糊炸蘑菇當魚餌……$u,New line from v1.6
structureBuilt_Fish Pond,"Heard you got a fish pond built... Heh, I grew up with a fish pond.#$b#You can raise just about anything in one of those... But some of the fancier fish are real fussy!",聽說你建了一個魚塘……嚯，我可是在魚塘旁邊長大的。#$b#幾乎什麼魚都可以養在裡面……但是有些稀有的魚挑剔得很！,New line from v1.6
GreenRain,It's a sign from the Almighty... We're doomed...%noturn$s,這是上帝的信號……我們要完蛋了……%noturn$s,New line from v1.6
AcceptGift_(O)StardropTea,"Well I'll be darned... I never expected to get a gift like this. You made my day, kid!",我滴個乖乖……我沒想到會收到這樣的禮物。孩子，我很高興！,New line from v1.6
pamHouseUpgrade_memory_oneweek,"I'm loving the new house. Thanks again, kid!$h",我很喜歡新房子，孩子，真心謝謝你啊！$h,New line from v1.6
GreenRain_2,"I think these rains are a show of force... a warning.#$b#You could say it's from nature, from Yoba, whatever you like... but that's what I think.#$e#What I mean is, we can't get too cocky. Or else, instead of a green rain, maybe we'll have a blood-red rain... See what I mean?",我覺得這場雨是在宣示力量……是一種告誡。#$b#至於是來自大自然還是來自由巴，這就隨便你怎麼想了……反正我覺得是這樣。#$e#說白了就是咱們不能太狂妄，不然下的可能不是綠雨而是血雨了……懂我意思嗎？,New line from v1.6
married_Alex,"So, you married the Mullner boy, huh?#$b#Will you be takin' that smelly old dog with ya, too?",所以你真的跟莫爾納家的小伙子結婚了？#$b#那條臭烘烘的老狗你也帶過去嗎？,New line from v1.6
divorced_Penny,Penny came home crying... what'd you do to her?$3,佩妮哭著回家了……你對她做了什麼？$a,New line from v1.6
married_Penny,"I'll really miss that girl...$s#$b#You treat my Penny good, now. You hear me?$u",我很想念我的女兒……$s#$b#你對我家佩妮要好好的，聽到沒有？$u,New line from v1.6
