FlowerDance_Accept,"Oh... with me? Yes, of course!$h#$b#...Will you take the lead, though? I'm nervous...$12",欸……跟我嗎？當然可以啊！$h#$b#……那個，你能不能帶著我一點？我有點緊張……$12,New line from v1.6
eventSeen_35_memory_oneweek,"$y '@, what do you think... should a person be judged by their actions, or by their intentions?_Actions_Hmm... but don't we all make mistakes sometimes?$s_Intentions_Mmhmm... But what if you intend to do good, yet your actions cause harm?$s_Both_That's true... I guess it doesn't have to be one or the other. It might depend on the situation, too.'#$b#I was just wondering what you thought...",$y '@，你覺得……一個人，應該看他的做法，還是看他的想法？_做法_唔……但是人做事情難免會犯錯吧？$s_想法_唔……但萬一你的想法是好的，做法卻傷害到別人了呢？$s_都要看_確實……也許不一定要非此即彼，有時候還是要綜合具體情況考慮。'#$b#只是問問你的看法，沒別的意思……,New line from v1.6
AcceptBirthdayGift_Negative,"For my birthday? That's so kind of you! Let me unwrap it...$h#$b#...What!?$12#$b#...Oh, I see. It's a cruel joke.$s#$b#Silly me, I should've known better...$s",給我的生日禮物嗎？你對我真好！我拆開看看……$h#$b#……怎麼回事？！$12#$b#……唉，好吧。原來是個刻薄的玩笑。$s#$b#我真傻，我早該明白的……$s,New line from v1.6
Fri8,"I shouldn't complain so much about chores... some people in the world are really struggling, and here I am complaining about doing dishes...$s",我不該整天因為做家務而發牢騷……世界上還有人在水深火熱之中，我卻在這抱怨洗碗的事情……$s,New line from v1.6
eventSeen_34_memory_oneweek,I've been teaching Jas and Vincent about Dwarvish Archaeology...#$b#Jas is curious about the origins of the Dwarves... but Vincent is mainly interested in dwarvish weapons!$h,我平時在給潔絲和文森講矮人考古學……#$b#潔絲對矮人的起源很好奇……文森倒是對矮人武器感興趣！$h,New line from v1.6
FlowerDance_Accept_Spouse,"I accept!$h#$b#*whisper* Thanks for going through with the formalities, dear.",我接受！$h#$b#*低聲說*你這事情辦的很正規，謝謝了，親愛的。,New line from v1.6
eventSeen_35_memory_twoweeks,"I've been reading a book about the ocean. It accounts for most of the area of the world, and yet we hardly know anything about it!",我最近在讀一本講海洋的書。這個世界大部分地方都是海洋，我們卻幾乎對它一無所知！,New line from v1.6
AcceptGift_ancient_item,Wow... this looks really old. I'll have to ask Gunther about it. Thank you!$h,哇……這是個古董吧，我得拿去給岡瑟看看。謝謝你！$h,New line from v1.6
FlowerDance_Decline,"Oh... No, thanks.$s",噢……不用了，謝謝。$s,New line from v1.6
dating_Maru_memory_oneday,"Hi, @. Maru told me the news... I'm happy for you two!$h",哎，@，瑪魯跟我說了……你們倆在一起我很開心！$h,New line from v1.6
dating_Penny_memory_oneday,"Suddenly, the world looks a lot more beautiful, don't you think?",我感覺世界突然明亮了，你呢？,New line from v1.6
AcceptGift_(O)StardropTea,Mmm... it's so fragrant. I'm going to love this.,嗯……好香啊，我很喜歡。,New line from v1.6
AcceptGift_book_item,"Thank you! I'm almost finished with a book right now, but I'll read this one next!$h",謝謝你！我現在讀的書馬上就看完了，接下來我就看這本！$h,New line from v1.6
eventSeen_34_memory_twoweeks,"Vincent has been asking me about slugs for weeks... so I prepared a whole lesson on them. They're actually pretty interesting!#$e#Whenever I see a banana slug, I feel like it's a sign of good luck.",文森這幾個星期一直在問我鼻涕蟲的問題……所以我準備給他們上一節關於鼻涕蟲的課。鼻涕蟲還挺有趣的！#$e#每次看到香蕉鼻涕蟲的時候，我就感覺要走好運了。,New line from v1.6
dating_Penny_memory_twoweeks,"I never thought my life would be more exciting than a novel, but it sure feels that way right now!$h",我一直覺得人生不可能像小說那樣精彩，可是現在真的有那種感覺了！$h,New line from v1.6
dating_Penny,I... I don't know what to say. I'm so happy...$l,我……我太開心了，都要語無倫次了……$l,New line from v1.6
eventSeen_34_memory_fourweeks,"I'm teaching the kids about art history this week.#$b#It can be a little dry for the kids, so I'm having them learn by drawing a picture in the predominant style of each century.#$b#It's really been a hit!$h",我這星期在給孩子們講藝術史。#$b#孩子們可能會覺得有點枯燥，所以我就讓他們用每個世紀的主流風格畫一幅畫。#$b#他們真的很喜歡！$h,New line from v1.6
AcceptBirthdayGift_Positive,For my birthday? That's so nice of you! It's a great gift.$h,給我的生日禮物嗎？你對我真好！我很喜歡。$h,New line from v1.6
AcceptBirthdayGift_Loved,"Oh! Is this for me? For... for my birthday?$3#$b#*sniff*... Sorry.$s#$b#I'm... just not used to such kindness...#$b#... I love it, though. It's perfect. Thank you so much.",啊！這是給我的嗎？算是……生日禮物？$3#$b#（吸鼻子）……抱歉。$s#$b#我就是有點……沒習慣別人對我這麼好。#$b#……呃，我超喜歡這個，真的。非常感謝你。,New line from v1.6
GreenRain,Are you alright? We're all wondering what's going on...$3,你沒事吧？我們都搞不清楚發生什麼事了……$3,New line from v1.6
GreenRain_2,This strange weather is a good opportunity to get the kids interested in nature!$h,這種奇怪的天氣可以讓孩子們對大自然產生興趣！$h,New line from v1.6
married_Sam,"Congratulations, @. Sam's a lot of fun, I'm sure you'll never have a dull moment!",@，祝賀你。山姆人很有風趣，你跟他在一起不會無聊的！,New line from v1.6
married_Maru,"That was a beautiful wedding. I know Maru will make you very happy, she's a great person.",你們的婚禮好浪漫。瑪魯人特別好，你跟她在一起肯定會很幸福。,New line from v1.6
dating_Penny_memory_oneweek,"I'm trying to finish this book, but I keep getting distracted thinking of you.$l",我想看完這本書，可我總是分心想起你。$l,New line from v1.6
eventSeen_36_memory_oneweek,"Oh, pardon this bandage on my hand...$s#$b#I went over to Maru's the other day and she showed me a new gadget of hers. The darn thing charred my palm!$s",啊，你說我手上的繃帶啊……$s#$b#前幾天我去了瑪魯家，她給我看了她的新發明，那破東西把我手掌給燒了！$s,New line from v1.6
Fri2,Removed,Removed,If you dig in the dirt you can find some interesting things.#$e#One time I found a really old piece of pottery. I brought it to Gunther and he said it was over a thousand years old.
danceRejection,Removed,Removed,"Oh... No, thanks.$s"
