GreenRain,"Gahh, no customers! Any more of this 'green' rain, and my ledger will be in the 'red'!$s",唉，顧客都不來了！這“綠”雨要是再下下去，我這店裡就全是“赤”字了！$s,New line from v1.6
eventSeen_4,Abigail's going through a rebellious phase... I get it.#$e#She'll wise up when she has to make her first mortgage payment!$h,阿比蓋爾還在叛逆期……我懂的。#$e#等她到了要還貸款的年紀就會醒悟了！$h,New line from v1.6
AcceptGift_(O)StardropTea,"Wow, I can't believe you'd give this to me. It must've cost you a fortune! Thanks!",哇，你居然要送我這個，肯定很貴吧！謝謝你！,New line from v1.6
eventSeen_3102768_memory_oneday,"How can I possibly compete with Joja?$s#$e#Their pockets are so deep, they can just sell at a loss until little guys like me are out of business... then they'll jack up their prices!$s",這讓我怎麼跟 Joja 競爭？$s#$e#他們財大氣粗，可以先虧本銷售，搞倒我這種小本生意……然後再抬高價格割韭蔥！$s,New line from v1.6
summer_Wed2,"$d joja#Running the shop is one of the most important things in my life, but sometimes you just need a day off...|Now that Joja is gone, I feel a responsibility to keep the shop open seven days a week. People need groceries!",$d joja#開店是我生活的重心，但有時候還是得休息一天的……|Joja 已經不在了，所以我覺得有責任一週七天都開著店，畢竟大伙都要來我這買東西！,New line from v1.6
AcceptGift_(O)Book_PriceCatalogue,Gripping! Fascinating! It's the perfect book for me!$h,實在是激動人心！我太需要這本書了！$h,New line from v1.6
Fair_Judged_PlayerWon,I can't believe I lost...$s,真不敢相信，我竟然輸了……$s,New line from v1.6
GreenRain_2,"Glad to see you, @. What's a little toxic rain when you have seeds to buy?$h#$e#I'm just kidding. The rain seems to be completely harmless.",@，你好啊，為了買種子，一點有毒的雨有什麼好怕的，是不是？$h#$e#我開玩笑的，這場雨好像完全無害。,New line from v1.6
eventSeen_3102768_memory_oneweek,"I'm determined to keep my shop running until the bitter end.$s#$b#Morris and his cronies will have to drag me out from behind the counter, kicking and screaming!$h",我下定決心了，不到破產絕不關店。$s#$b#莫里斯那幫人即使費九牛二虎之力，也別想把我從櫃臺後面拖出去！$h,New line from v1.6
married,"Well, now that you have dual incomes, I expect you'll be purchasing twice as many seeds, right?$h#$b#Haha... I'm only joking.... *ahem*...",嗯，既然你現在有雙份收入了，種子也該買雙倍了，對吧？$h#$b#哈哈……我就開個玩笑……咳咳！……,New line from v1.6
GreenRainFinished,"Well, I'm glad things are back to normal. Seems like it was all overblown... just like everything.",嗯，幸好一切都重回正軌了。感覺事情是被過分誇張了。,New line from v1.6
Fair_Judging,"Hey, good luck.",嘿，祝你好運。,New line from v1.6
Fair_Judged_PlayerLost,"It feels great to be on top! Hah!$h#$e#Nice effort, though.",屹立在頂點感覺可真棒啊！哈！$h#$e#努力總算是有成果了。,New line from v1.6
married_Abigail_memory_oneday,"Hello, er... my son?$s^Hello, er... daughter?$s",你好，呃……我的女婿？$s^你好，呃……女兒？$s,New line from v1.6
winter_Thu,#$1 pierreDin#I'm going to surprise Caroline tonight with dinner and a bottle of Stardew Red. Don't tell anyone!$k#$e#Hi. In the mood for a little shopping?,嗨。要買點東西嗎？,Hi. In the mood for a litle shopping?
summer_Wed,"$d joja#I'm so glad to have a day off from work.|Now that Joja is gone, I feel a responsibility to keep the shop open seven days a week. People need groceries!",今天終於不上班了，真開心。,I'm so glad to have a day off from work.
winter_Wed,"$d joja#Finally... a day of relaxation.|Now that Joja is gone, I feel a responsibility to keep the shop open seven days a week. People need groceries!",#$1 pierreDin#我今晚要用燭光晚餐和星露紅酒，給卡洛琳一個驚喜。可別告訴其他人！$k#$e#總算能休息一天了。,"#$1 pierreDin#I'm going to surprise Caroline tonight with dinner and a bottle of Stardew Red. Don't tell anyone!$k#$e#Finally, a day of relaxation."
Wed4,"#$1 pierre1#*sigh*... No matter how well the business does, it's never enough to satisfy my desire for success. What's wrong with me? Maybe I'm just bored with domestic life.$s#$e#When I was younger I always had something interesting to do... now I find myself just wasting time whenever I'm not at work.$s",年輕的時候，總是有好多有意思的事想做……現在老了，店裡放假時我也只是散散步、消磨消磨時間。$s,When I was younger I always had something interesting to do... now I find myself just wasting time whenever I'm not at work.$s
Wed6,"$d joja#Some day I'm going to open a new shop in the city and make a killing.#$e#Unfortunately, business is so slow I can hardly save any money...$s|Business has been pretty good since JojaMart closed down.",#$1 pierre1#*唉* ……不管生意有多好，總感覺還是滿足不了我的成功欲。我到底是怎麼回事？大概還是對這過於平淡的生活產生了厭倦吧。$s#$e#總有一天，我會去大城市裡開一家新店，然後舉世聞名！#$e#不過，小鎮裡的生意再怎麼好，也還是不景氣，也存不了多少錢呢……$s,"#$1 pierre1#*sigh*... No matter how well the business does, it's never enough to satisfy my desire for success. What's wrong with me? Maybe I'm just bored with domestic life.$s#$e#Some day I'm going to open a new shop in the city and make a killing.#$e#Unfortunately, business is so slow I can hardly save any money...$s"
