married_Sebastian,"Oh, don't worry... these are tears of joy. I know Sebastian will be very happy on %farm Farm!$h",啊，不用擔心……我這是太高興了。我相信賽巴斯汀在%farm農場肯定會很幸福的！$h,New line from v1.6
divorced_Sebastian,Sebastian's back in the basement... what happened between you two?$s,賽巴斯汀又回地下室去了……你們發生什麼事了？$s,New line from v1.6
structureBuilt_Slime Hutch,*phew*... Building that slime hutch was a lot of work... I'll need a day at the spa to recuperate!$h,呼……造史萊姆屋可真是個大工程……我得泡一天溫泉恢復一下！$h,New line from v1.6
structureBuilt_Fish Pond,"I mentioned to Willy that you got a new fish pond. He seemed really happy about it.#$e#Apparently, he raised crabs when he was a young man. Called it a 'time-honored tradition'.$h",我跟威利說你造了新的魚塘，他好像很高興。#$e#他年輕的時候好像養過螃蟹，他自稱是“歷史悠久的傳統”。$h,New line from v1.6
divorced_Maru,Maru was crying through the night... We're all devastated...$s,瑪魯哭了一晚上了……我們都心疼得不行……$s,New line from v1.6
AcceptGift_(O)StardropTea,Wait a sec... you're giving me this? What a special treat! Thank you.,等等……你要送我這個嗎？這個禮物太特別了！謝謝你。,New line from v1.6
structureBuilt_Coop,That's probably the sturdiest coop I've ever built. Hope you get a lot of use out of it!,這個欄捨我修得可結實了，希望你能充分利用！,New line from v1.6
structureBuilt_Coop_memory_oneweek,How's that new coop treatin' ya? I'll be excited to meet your new animals!,新建的欄舍怎麼樣？如果能看看你養的新動物就好了！,New line from v1.6
GreenRainFinished,I hope Demetrius is happy with the 'samples' he collected. Seems like his little science project is more important to him than his own wife. Hmmph.$6,希望德米對採集到的“樣本”還滿意吧，感覺他的那什麼科學研究比老婆還重要，哼。$6,New line from v1.6
structureBuilt_Shed,"So, what are your plans with the new shed? The possibilities are endless!",好了，你想用這個小屋做什麼呢？生活有無盡可能！,New line from v1.6
structureBuilt_Stable_memory_oneweek,"So, have you been riding your new horse around town?#$b#I imagine you're pretty sore, but you'll get used to it soon.$h",你騎馬在鎮上逛過了嗎？#$b#一開始可能會腰酸背痛，不過很快就會適應的。$h,New line from v1.6
houseUpgrade_2,What are you going to do with all that new space in your house?#$e#Or perhaps I should call it... your 'mansion'?$h,新的房間你打算用來幹什麼呢？#$e#你這也算是住上豪宅了吧！$h,New line from v1.6
houseUpgrade_3,"So, are you getting into the aged wine business? I've heard it's very lucrative... if you have the patience.",怎麼說，你打算開始陳釀嗎？聽說可以賺大錢……前提是你要有耐心。,New line from v1.6
GreenRain,That man is insane! Why does he have to go out there? We have no idea if this rain is dangerous!$u%noturn,那傢伙瘋了吧！他幹什麼非得出去？這場雨危不危險我們還不知道啊！$u%noturn,New line from v1.6
GreenRain_2,"There's all kinds of good wood out there today. Better get chopping, huh?",今天外面長出了很多上好的木材，是不是該去砍一砍了？,New line from v1.6
AcceptGift_(O)Book_Woodcutting,"What's this... 'Woody's Secret'? ... Um, what kind of book is this, @?$6#$b#Oh, it's about woodcutting! Hahaha... Oh yeah, I'm going to love this. Thanks!$4",這是什麼……《阿木的秘密》？……呃，@，這是什麼書啊？$6#$b#嗐，是伐木的書啊！哈哈哈……哎，我肯定愛看的，謝謝你！$4,New line from v1.6
structureBuilt_Barn_memory_oneweek,Are you satisfied with the new barn? I'm sure you'll raise some very happy livestock in there!,新建的畜棚還滿意嗎？牲畜待在裡面肯定會很開心！,New line from v1.6
AcceptGift_(O)SkillBook_2,"Ah, 'Woodcutter's Weekly'... I was hoping to get my hands on the newest issue! They've got all the latest techniques in here!#$b#From one woodcutter to another... Thank you.$h",啊，是《樵夫周刊》……我一直想要最新一期的！裡面有很多最新的技巧！#$b#砍樹可是一門技術活……謝謝你。$h,New line from v1.6
married_Maru,"We'll all miss having Maru around the house, but I'm sure we'll still see her often!",瑪魯不在家裡了，我們很想念，不過我相信還是可以經常見面的！,New line from v1.6
houseUpgrade_1,It was fun working on your house. That might be some of the finest construction I've ever done!$h#$e#I hope you're enjoying the new kitchen.,修你的房子還是挺開心的，我可是使出了十成功力！$h#$e#希望你喜歡新的廚房。,New line from v1.6
summer_Mon,"Wood is a wonderful substance... it's versatile, cheap, strong, and each piece has its own unique character!",木材是一種很棒的東西，它的用途很多，便宜又結實，每一塊都具有獨特的性質。,"Wood is a wonderful substance... it's versatile, cheap, strong, and each piece has it's own unique character!"
