married_Sebastian,"Wow, I can't believe you and Sebastian got hitched. Times really are changing...$u#$e#Eh, it's alright, I'm sure he'll still have time to hang out.",哇，真不敢相信你跟賽巴斯汀結婚了，確實難以預料啊……$u#$e#沒事沒事，我相信他還是有時間出來玩的。,New line from v1.6
FlowerDance_Accept,"Oh... with me? Hehe... Yeah, sure. Sounds fun!$10",啊……跟我嗎？嘿嘿……好啊。感覺會很有趣！$10,New line from v1.6
AcceptBirthdayGift_Negative,"Hey, hey, hey! You rememb--$h#$b#...*sniff*...*sniff*... what's that gnarly smell...?$8#$b#...Oh.$5",哦哦哦哦！你還記——$h#$b#……（聞了兩下）……這是什麼怪味……？$8#$b#……啊。$5,New line from v1.6
eventSeen_4081148_memory_oneday,"Even with all the practice we did, I made a bunch of mistakes on stage... I hope no one noticed.$s#$e#It's kind of nerve-wracking to be in front of everyone!$h",我們練習了很久，在台上我還是失誤了好幾次……但願沒人注意到。$s#$e#在這麼多人面前表演還是很緊張的！$h,New line from v1.6
AcceptGift_(O)206,Aw yeah... Pizza time!$h,啊哈……該吃披薩了！$h,New line from v1.6
FlowerDance_Accept_Spouse,"Aw, I gotta put on that dorky suit again? I thought now that we're married... Well, alright.$s",哦，我又得穿上那件傻乎乎的西裝嗎？我想既然我們已經結婚了……唔，那好吧。$s,New line from v1.6
eventSeen_733330_memory_oneday,"If... I mean when... my Dad gets back, I wonder if he'll be the same as I remember him?$s",如果我爸回來……我是說到等他回來的時候……還會跟我記得的他一樣嗎？$s,New line from v1.6
firstVisit_Sewer,"Heheh... So you've been to the sewer, huh? I've snuck down there a few times myself. It's pretty creepy.#$e#How could I tell? Hmm... let's just say... 'the nose knows'.$h",嘿嘿……你去過下水道了吧？我自己也偷偷下去過幾次，有點嚇人。#$e#我怎麼看出來的？呃……這個嘛……有味道的呀。$h,New line from v1.6
FlowerDance_Decline,Hmm... I dunno. Maybe next year.$s,嗯……我不知道。不如明年吧。$s,New line from v1.6
dating_Sebastian,I heard you and Sebastian are going out... he better still be coming to band practice every week!,聽說你跟賽巴斯汀在一起了……我看他每週還來不來樂團練習！,New line from v1.6
AcceptGift_(O)StardropTea,Whoaa... Hold on... this is for me? I never expected this! Thank you! ,哇……等等……這是給我的？太驚喜了！謝謝你！,New line from v1.6
dating_Sam_memory_oneday,I couldn't sleep last night. I was imagining all the things we're gonna do together.$10,我昨晚睡不著，一直在想我們將來會一起做的事情。$10,New line from v1.6
eventSeen_45,I better lay low for a while. I wouldn't want to get on Mayor Lewis' bad side!,我還是避避風頭吧，我可不想再惹到路易斯鎮長了！,New line from v1.6
GreenRainFinished,Seems like there's no damage to anything... That was a strange one. How are you holding up?,好像全都完好無損……這場雨好奇怪。你沒事吧？,New line from v1.6
dating_Sam,"Um... So, can I get a kiss now?$l",唔……現在可以親一下了嗎？$l,New line from v1.6
eventSeen_45_memory_oneweek,"Wouldn't it be cool if the town had a skate park, though?#$b#Now, how to convince Mayor Lewis...$s",我在想，要是鎮上建一個滑板場就好了。#$b#要怎麼說服路易斯鎮長呢……$s,New line from v1.6
GreenRain,Whaa! Is it acid? Will it burn through the roof and sizzle us alive?$8#$b#I gotta keep my little brother safe!$7,哎呀！下酸雨了嗎？會不會把屋頂腐蝕穿了，然後活活燒死我們？$8#$b#我得保護好我弟弟！$7,New line from v1.6
summer_Thu6_2,Sometimes I can hear my Dad pacing down the hallway at night.$s#$b#...But he won't tell us what's troubling him.,有時候我會在晚上聽到我爸在走廊裡來回踱步。$s#$b#……可他就是不肯告訴我們他在煩惱什麼。,New line from v1.6
GreenRain_2,You notice how warm this rain is? It feels alive...,你感覺到了嗎？這場雨挺暖和的，似乎有種生機……,New line from v1.6
married_Abigail,"Hey, what's the big idea? You took my drummer!$8#$b#Haha, just kidding... Congrats!$h",喂，你這是什麼意思？你搶走了我的鼓手！$8#$b#哈哈，跟你開玩笑的……新婚快樂！$h,New line from v1.6
AcceptBirthdayGift_Positive,"Hey, hey, hey! You remembered! Now that's what I'm talking about!$h",哦哦哦哦！你還記得啊！這就對了嘛！$h,New line from v1.6
fall_Mon2,I like taking walks in the forest this time of year. The temperature is so comfortable.#$e#...$h,每年的這個時候，我都喜歡在林中漫步。這種溫度實在太舒服了#$e#……$h,I like taking walks in the forest this time of year. The temperature is so comfortable#$e#...$h
Resort_Towel_2,"Maybe I should learn to play the ukulele.#$e#Abby on the congas and Sebastian on the steel drums... 'The Pelicans of Paradise'...$s#$e#What's the matter, you look worried.$h",我是不是該學一下烏克麗麗……#$e#阿比在打康加鼓，賽巴斯汀在打鋼鼓……“天堂的鵜鶘”……$s#$e#怎麼了，你看起來憂心忡忡的。$h,"Maybe I should learn to play the ukelele.#$e#Abby on the congas and Sebastian on the steel drums... 'The Pelicans of Paradise'...$s#$e#What's the matter, you look worried.$h"
summer_Thu6_1,Removed,Removed,Sometimes I can hear my Dad pacing down the hallway at night.$s#$b#...But he won't tell us what's troubling him.
danceRejection,Removed,Removed,Hmm... I dunno. Maybe next year.$s
