AcceptGift_(O)418,"Ahh... even in winter, Stardew Valley has beautiful flowers.",啊……星露谷即使在冬天也能種出美麗的花朵。,New line from v1.6
married_Emily,How'd the big day go? Emily came up a while ago and told me all about your plans.#$b#I'll have to come visit you two on the farm sometime!,你們的婚禮怎麼樣？艾米麗之前跑過來跟我說了你們的事情。#$b#之後一定要去農場上看看你們倆！,New line from v1.6
AcceptGift_(O)18,"Oh, wow! Nothing says 'spring' like a Stardew Valley daffodil!$h",哇！看到黃水仙就讓我想到了星露谷的春天！$h,New line from v1.6
GreenRain,I heard there's a rare weather event in the valley.#$e#I wish it rained here sometimes...$s,聽說星露谷出現了罕見的天氣。#$e#假如這裡也能下雨就好了……$s,New line from v1.6
AcceptGift_(O)StardropTea,"Wow, that's so rare... I can't believe you're giving this to me! Thanks, honey!",哇，這個太少見了……你居然要送給我嗎？親愛的，太感謝了！,New line from v1.6
AcceptGift_(O)402,*sniff*... Mmm... sweet peas have the most wonderful smell.,（聞了一下）……嗯……香豌豆的味道最好聞了。,New line from v1.6
Wed8,"Isn't it expensive, coming to the desert so often like you do?#$e#You must really like to see me, huh? Hmmm... $h||*sigh*... I do miss the beautiful flowers of Stardew Valley...$s",像你這樣經常跑來沙漠不是花費很大嗎？#$e#你一定是很喜歡來見我，對吧？嗯…… $h,"Isn't it expensive, coming to the desert so often like you do?#$e#You must really like to see me, huh? Hmmm... $h"
Thu2,That shady-looking guy in the back? I'm really not supposed to talk about it.#$e#Anyway... what's the weather like in the valley?,房間後面的那個可疑的傢伙？我不想多管閒事。#$e#話說……山谷裡的氣候怎麼樣？,That shady-looking guy in the back? I'm really not supposed to talk about it.#$e#Anyway... what's the weather like in the valley
