FlowerDance_Accept,"Oh yeah? ... Alright, I will.#$b#Heh... maybe this festival isn't so bad.$h",啊？……好吧，可以的。#$b#唔……這個節日好像也沒那麼糟糕。$h,New line from v1.6
AcceptBirthdayGift_Negative,"Uhh... well, I appreciate the thought.",呃……行吧，你的心意我領了。,New line from v1.6
AcceptGift_(O)575,Is that obsidian? This is exactly what I've been looking for... I'm gonna see if I can shape it into a dagger.$h,這是黑曜石吧？我正好想要一塊……我想試試把它削成一把匕首。$h,New line from v1.6
fall_Tue10,I've always felt like an underdog. But the challenge will just make me stronger.,我一直感覺人生很失敗，但是挑戰會讓我變得更強大。,New line from v1.6
AcceptGift_(O)Book_Defense,"What are you trying to say... I need to work out?$s#$b#Well, I'm more of a 'nimble' guy... Maybe I'll read the first half.$h",你這是什麼意思……想讓我鍛鍊嗎？$s#$b#唔，我不想變那麼壯實……我就隨便翻翻看吧。$h,New line from v1.6
AcceptGift_(TR)FrogEgg,"Hey, that's a frog egg! I'll see if I can get it to hatch. Thanks!$h",哎，這是青蛙蛋吧！我要試試能不能孵出來，謝謝你！$h,New line from v1.6
winter_Mon8,Do you ever think back on your old self with shame and embarrassment?#$e#I guess it's just part of growing up.,你回憶往事的時候會不會感到悔恨、羞愧？#$e#也許這就是成長的一部分。,New line from v1.6
FlowerDance_Accept_Spouse,Ugh... do we have to? Alright.,呃……我們非得這樣做嗎？那好吧。,New line from v1.6
AcceptGift_(O)236,You brought me soup? That's really nice of you.$h#$b#This one brings back a lot of memories...,你給我帶了湯？我很喜歡。$h#$b#這讓我想起了很多往事……,New line from v1.6
summer_Wed10,Why am I grinning? I guess I've been unusually happy lately...$l,我為什麼在笑？感覺我最近一直很開心，真奇怪……$l,New line from v1.6
eventSeen_4081148,"The show went well. I was kind of nervous beforehand, but once we went up on stage I just kinda got into the zone.",之前的表演很順利。開始前我有點緊張，但上台之後我就進入狀態了。,New line from v1.6
FlowerDance_Decline,No... There's someone else I want to dance with.,不……我想跟別的人跳舞。,New line from v1.6
dating_Sebastian,Don't make fun of me... but I've never been in a relationship like this before.$l^Don't make fun of me... but I've never really had a girlfriend before.$l,我從來沒有談過這樣的關係……你不要笑我啊。$l^我從來沒有交過女朋友……你不要笑我啊。$l,New line from v1.6
AcceptGift_(O)StardropTea,"Hey, thank you. I'll drink this when the sky gets dark.",哎，謝謝你，等天黑了我就喝。,New line from v1.6
summer_Tue4,"I'm looking forward to the cold, damp season. Channeling my inner toad, I guess.$h",我很期待寒冷潮濕的季節——也許我上輩子是一隻青蛙。$h,New line from v1.6
AcceptGift_(O)227,"$c 0.8#I really love this. How did you know?$h#Mmm... once you get used to eating raw fish, it becomes really addictive.",$c 0.8#我超喜歡這個，你怎麼知道的？$h#嗯……一旦你習慣了吃生魚，就會很上癮。,New line from v1.6
AcceptBirthdayGift_Positive,"Oh, really? I wasn't expecting this. It looks great, though. Thank you.$h",哇，真的嗎？沒想到你會給我這個，不過看起來很不錯，謝謝你。$h,New line from v1.6
summer_Wed6,"If you're depressed, everything seems stupid. But if you're feeling positive, then even the most mundane things will make you happy.#$e#How do you stay positive long term? I have no idea.#$e#...Maybe I'll figure it out some day.",情緒低落的時候，看什麼都覺得很蠢；情緒高漲的時候，多麼平淡的東西都會讓你感到開心。#$e#怎麼才能一直保持樂觀呢？我不懂。#$e#……也許有一天我會明白。,New line from v1.6
dating_Sebastian_memory_oneday,Hey... you look great.$l#$e#I've been thinking about you all day...$l,哎……你很好看。$l#$e#我一整天都在想你……$l,New line from v1.6
GreenRain,"My mom's freaking out, but I'm actually kind of enjoying this. I bet the frogs are going wild out there!$h#$e#I'm gonna stay here to try and keep her calm, though.",我媽嚇壞了，我倒是挺喜歡現在這樣的。外面的青蛙肯定都興奮得不得了！$h#$e#我還是待在這裡讓她冷靜下來吧。,New line from v1.6
GreenRain_2,I was hoping this weather would come back. It makes me appreciate the summer a little more.,我之前一直希望這種天氣再來一次，會讓我對夏天更有希望。,New line from v1.6
dating_Sebastian_memory_oneyear,"Hey... It's been a year since we started dating, remember?$h#$e#It's been the best year of my life...$l",哎……還記得嗎？我們一年前在一起的。$h#$e#這是我人生最美好的一年了……$l,New line from v1.6
AcceptGift_(O)305,"$c 0.8#Whoa... This egg speaks to me... I'll put it on my desk. Thanks!$h#Hmm... I wonder, if I put this under my pillow, will it hatch? Hehe... only one way to find out.$h",$c 0.8#哇……這個蛋好像能跟我說話……我就放在桌子上吧，謝謝你！$h#唔……如果我把它放在枕頭下面，能不能孵出小雞？嘿嘿……試試就知道了。$h,New line from v1.6
firstVisit_Railroad,I'm glad the path to the railroad tracks is open again.#$b#I like going up there when I feel like being alone.#$e#...Which is often.,又能到鐵路那裡去了，我很開心。#$b#我有的時候想要獨處，就喜歡到那裡去。#$e#……不是有的時候，是經常。,New line from v1.6
married_Maru,"Demetrius has been all wound up because of the wedding, it's been pretty tense around the house.",迪馬崔斯在婚禮前一直很焦慮，搞得家裡也很緊張。,New line from v1.6
summer_Mon6,"Everyone is so happy when it's sunny out...#$e#Different people like different things, I guess.||Most people like the sun, huh?#$b#I guess you do need a minimum amount of vitamin D...",外面太陽高照的時候大家都很開心……#$e#看來是青菜蘿蔔各有所好吧。,"Everyone is so happy when it's sunny out...#$e#Different people like different things, I guess."
Tue6,"Sam's really outgoing, so when we hang out he does most of the talking.#$b#That's fine with me!||Imagine if Sam was as reserved as I am... we'd hang out and never say a word.$h||Some people are talkers, others are listeners. I'm more of a listener.",我喜歡你的新靴子！$h^你今天的髮型很好看。$h#$e#你想要出去逛逛嗎？,I like your new boots!$h^Your hair looks nice today.$h#$e#Do you want to hang out for a while?
Thu8,"$query PLAYER_NPC_RELATIONSHIP current any married roommate#Hey... How are things going on the farm?#$e#Same old routine, huh? Yeah, I know a thing or two about that...|Could you picture me living on a farm?#$e#It seems ridiculous, but I have been thinking about it lately.",你能想像我這樣的人住在農場裡嗎？#$e#雖然很荒唐，但最近我一直在考慮著。,"Could you picture me living on a farm?#$e#It seems ridiculous, but I have been thinking about it lately."
winter_Sat,The frogs aren't very happy in winter.#$e#Poor little guys.$s||I wonder what the frogs do in winter? Do they just become frozen and then thaw out in spring?,青蛙們冬天可就不爽了。#$e#真是可憐的小傢伙。$s,The frogs aren't very happy in winter.#$e#Poor little guys.$s
Wed10,I dunno where I'd be without you... probably in a ditch somewhere.$l,呃……你還是單身的，對吧？#$e#只是好奇而已！$l,"Um... You're single, right?#$e#Just wondering!$l"
Wed2,"Sam is probably my only friend in this town.#$e#Well, Abby is nice too, but...$h#$e#Umm.. never mind.",山姆也許是我在鎮上的唯一朋友。#$e#阿比蓋爾也不錯，但是……$h#$e#呃……算了。,"Sam is probably my only friend in this town.#$e#Well, Abby is nice too, but...$h#$e#Umm.. nevermind."
summer_Sat,"I hope we're not having mushroom casserole tonight...$s||Oh no, is it cave carrot tacos night? ...*groan*$s",但願今晚不要又吃蘑菇燉鍋……$s,I hope we're not having mushroom casserole tonight...$s
event_garage2,Okay... Never mind then.$9,好吧……那算了。$9,Okay... Nevermind then.$9
summer_Fri,"Oh, hey. *yawn*... sorry.",哦，嘿。*哈欠*,"Oh, hey. *yawn*"
summer_Wed8,Removed,Removed,Why am I grinning? I guess I've been unusually happy lately...$l
danceRejection,Removed,Removed,No... There's someone else I want to dance with.
