FlowerDance_Accept,Um... sure.#$e#I'd better stop eating...,呃……好啊。#$e#我還是別再吃了……,New line from v1.6
Sat10,Your farm seems like a great place to raise chickens.$h,你的農場看起來很適合養雞。$h,New line from v1.6
Fri8,Buh... Can you imagine how disgusting my liver must look?$s#$e#My body feels twenty years older than it should...$s,唉……我的肝肯定已經糟糕透了吧？$s#$e#我感覺身體已經老了二十歲了……$s,New line from v1.6
FlowerDance_Accept_Spouse,Dance? Hoo-boy. Okay... let me chug a few more of these first...,跳舞？好呀。等我一下，我先多吃幾個……,New line from v1.6
AcceptBirthdayGift_Liked,"Oh, is it my birthday? That's right... I almost forgot. Thanks.",啊，今天是我生日嗎？對哦……我差點忘了。謝謝你。,New line from v1.6
FlowerDance_Decline,...No.$s,……不。$s,New line from v1.6
Mon6,"I'll be honest, I still can't understand why you'd want to be friends with me.||Life isn't fair, and I can't help but feel bitter about it.",說實話，我還是不太理解為什麼你要和我交朋友。||人生很不公平，我忍不住會產生怨恨。,New line from v1.6
AcceptGift_(O)StardropTea,Heh... thanks. Tastes just like beer.,哦……謝了。味道跟啤酒差不多嘛。,New line from v1.6
Tue8,"We should go to a Tunnelers game some time. When I go by myself, I usually drink way too much beer.",我們哪天一起去看隧道隊的比賽唄，我一個人去總是會喝太多。,New line from v1.6
eventSeen_3910975,"Sorry you had to see me like that, @...$s",@，讓你看到我那副樣子實在抱歉……$s,New line from v1.6
AcceptGift_(O)203,"Oh, you made it? *squish*... Um... *smack*... I think I'll stick to frozen pizza. But thanks.",哦，這是你做的？（捏）……呃……（啪）……我覺得我還是吃冷凍披薩吧。謝謝你。,New line from v1.6
eventSeen_3910975_memory_oneweek,I'm trying to cut back on the drinks... it's not going to be easy.,我在努力少喝酒了……但是感覺不會很輕鬆。,New line from v1.6
AcceptBirthdayGift_Loved,"Oh, is it my birthday? I was hoping I'd forget.#$b#This is actually really nice, though. Thank you.$h",啊，今天是我生日嗎？我都快忘了呢。#$b#我真的很喜歡這個。謝謝你。$h,New line from v1.6
dating_Shane,"I... wasn't really expecting this, after all I've put you through...",我……我沒想到之前對你那樣，你還會不計前嫌……,New line from v1.6
GreenRain,"I don't have to go into work today, so I'm not complaining...",今天不用去上班了，所以我沒什麼怨言……,New line from v1.6
GreenRain_2,"Oh, there's some kind of weird weather today? I didn't notice.",啊，今天天氣很奇怪嗎？我沒注意。,New line from v1.6
Fri10,My body hurts a lot less since I cut back on the booze.#$e#But it still feels like I'm always teetering on the edge...$s,自從我開始減少喝酒，身體就沒那麼疼了。#$e#但我感覺還是一直在危險的邊緣……$s,New line from v1.6
Tue10,I need to keep it together for Jas' sake. I don't want to be a bad role model for her.||I'm kind of like a father figure to Jas. I just hope I haven't let her down too much.$s,為了潔絲，我怎麼說都要控制住自己。我不想成為她的壞榜樣。||我對潔絲畢竟還算是一個父親的身份，但願她沒有對我太失望。$s,New line from v1.6
eventSeen_611944_memory_oneweek,"Have you tried the new Joja Bubblerito? I ate two in one sitting yesterday, that was a mistake...",新出的 Joja 泡泡玉米煎餅你嚐過了沒？我昨天連吃了兩個，結果很後悔……,New line from v1.6
dating_Shane_memory_oneday,I think I might be the luckiest guy in the world... $h,我可能是世界上最幸運的人了……$h,New line from v1.6
Sun4,"Hmm... it's %time. Should I throw a frozen pizza in the microwave, or should I wait?$u||If the Tunnelers win, I'll knock back a cold one to celebrate.#$e#If they lose? I'll have a cold one to drown my sorrows.",嗯…… 現在是%time。我是往微波爐裡扔個冷凍披薩呢，還是繼續等？$u,"Hmm... it's %time. Should I throw a frozen pizza in the microwave, or should I wait?$u"
Mon4,Hey. Sorry if I came off as rude when we first met.#$e#It takes me a while to warm up to strangers.||It's a lot of effort to be friends with someone. It's easier to just be alone.,嘿。如果你覺得我們初次相見時我太粗魯的話，我道歉。#$e#我這人比較怕生。,Hey. Sorry if I came off as rude when we first met.#$e#It takes me a while to warm up to strangers.
Sun,"I'm busy, can't you tell?||...I don't feel like talking to anyone.",我忙著呢，你看不出來嗎？,"I'm busy, can't you tell?"
Sat8,"I've really grown attached to Marnie's chickens.$h||A chicken will never let you down. Humans, on the other hand...",我和瑪妮的雞建立了很深的感情呢。$h,I've really grown attached to Marnie's chickens.$h
Thu6,"Buh... Where's the Joja Cola?||Why try? Life's just a roll of the dice.#$e#When they rolled mine, the dice fell off the table.",但……Joja可樂呢？,Buh... Where's the Joja Cola?
Mon2,I hardly know you. Why are you talking to me?||What's the point of talking to me? I don't want any friends.,我和你完全不熟。你為什麼要和我說話啊？,I hardly know you. Why are you talking to me?
danceRejection,Removed,Removed,...No.$s
