GreenRain,Mom! I wanna go outside and play!%noturn,媽媽！我想出去玩！%noturn,New line from v1.6
AcceptGift_(O)StardropTea,Wow! It's so sweet! Mmmmm....,哇！好甜！唔……,New line from v1.6
GreenRain_2,%Vincent is covered in moss.,%文森全身都是苔蘚。,New line from v1.6
AcceptBirthdayGift_Negative,A birthday present? Oh... this isn't very fun.$s,是生日禮物嗎？啊……好像沒什麼意思。$s,New line from v1.6
AcceptGift_alcohol_item,*sniff*... what is this? It smells awful... Mommmm!!!$s,（聞了一下）……這是什麼？好難聞……媽媽！！！$s,New line from v1.6
married_Sam,Don't take my Sammy away!$s,不許搶走我的山姆哥哥！$s,New line from v1.6
AcceptGift_(TR)FrogEgg,*Squish* *squish* ... Ewww! Can I have it? Can I have it? Yaaay!$h,（捏了兩下）……好噁心！能給我嗎？快給我吧？好耶！$h,New line from v1.6
AcceptBirthdayGift_Positive,"Is that a birthday present? Can I open it now?#$b#Oh, wow! This is exactly what I wanted! Yayayaya!$h",是給我的生日禮物嗎？我能現在就拆開嗎？#$b#哇！我正好想要這個！好耶！$h,New line from v1.6
