married,"Giving up the bachelor life, eh?^Giving up the single life, eh?#$b#Just don't forget to make time for fishing...",哦，你脫單了啊？^哦，你脫單了啊？#$b#不過別把釣魚荒廢了……,New line from v1.6
fishCaught_163,"By the stem o' me pipe... You actually caught 'the Legend'. I never thought I'd see the day...$h#$b#Well, lad, you've done it... You're the best fisherman this valley's seen in a long time...$h^Well, miss, you've done it... You're the best angler this valley's seen in a long time...$h",謝天謝地……你竟然釣到“傳奇之魚”了，我沒想到能在有生之年看到……$h#$b#嗯，小伙子，你成功了……你是星露谷難得一見的釣魚好手……$h^嗯，小姑娘，你成功了……你是星露谷難得一見的釣魚好手……$h,New line from v1.6
summer_21,"How's the Derby treatin' ya so far?#$b#I've found plenty o' Golden Tags, meself... but it's not over yet!",你比賽的情況怎麼樣？#$b#我已經拿到不少黃金標籤了……但是還要繼續！,New line from v1.6
Fair_Judging,I don't have high hopes of winning... the fish look nice but they don't exactly smell great...$s,我沒對獲獎寄予厚望……魚看起來不錯，但味道不太好……$s,New line from v1.6
Fri4,"I'm a simple man... when my pipe is full, I'm happy. When my pipe is empty... well, then I just fill 'er up again.$u",我這人很容易滿足……菸斗滿了我就開心，菸斗空了……嗯，我就再把它塞滿。$u,New line from v1.6
fishCaught_775,"Ah, so you finally snagged the Glacierfish... That's one of the slipperiest fish I've ever encountered!#$e#How many tries did it take ya?",啊，你終於逮到冰川魚了……這可是我見過的最滑頭的魚！#$e#你試了多少次？,New line from v1.6
AcceptGift_(O)SkillBook_1,"Ah, 'Bait And Bobber'... Every angler ought to have a subscription, but it costs a pretty penny. Taught me a lot of good fishin' tips over the years. Thanks!$h",啊，《魚餌和浮漂》……喜歡釣魚的都應該訂一本，我看了這麼多年，學會了很多釣魚技巧，就是定價有點貴。謝謝你！$h,New line from v1.6
summer_19,"Tomorrow is the annual Trout Derby... Aye, it's a freshwater enthusiast's dream!#$e#Anglers from all over the world will be here to catch our beautiful Rainbow Trout...#$e#I'd better see you out there, lad!$h^I hope to see you out there!$h#$e#For the next two days, I'll only be manning the shop for one hour, starting at 9am. So if you really need somethin', you can come by then.",明天就是一年一度的鱒魚大賽……好哇，愛釣淡水魚的人要大顯身手嘞！#$e#世界各地的釣魚高手都會來這裡釣虹鱒魚……#$e#小伙子，到時候見！$h^到時候見！$h#$e#後面兩天，我只開一個小時的店，從早上 9 點開始。如果你想要買東西的話，要抓緊時間。,New line from v1.6
AcceptGift_(O)336,"*chomp*... Yep, that's real gold alright. Heh! What a gift!$h",（咬了一下）……不錯，是真金。嗐！謝謝你！$h,New line from v1.6
AcceptGift_(O)Book_Roe,"Thank ye! This'll be perfect winter reading. Ah, and it even smells of the sea...$h",謝謝囉！冬天看這個正合適。哎呀，甚至還有大海的味道……$h,New line from v1.6
AcceptGift_(O)StardropTea,By the stem o' me pipe...  a cup o' Stardrop Tea! And here I thought it was only the stuff of mermaid legend. Thank you kindly.,星之果茶！我菸斗都要掉了……我還以為這是美人魚傳說裡的東西嘞。謝謝你啊。,New line from v1.6
fishCaught_160,"Ah, you caught the Angler, did ya? A good 'first step' into the world o' rare fish, that one.",哦，你釣到鮟鱇魚了啊？那麼釣稀有魚你算是入門了。,New line from v1.6
AcceptGift_coffee_item,"Ah, this stuff warms the ol' bones. Thank you.",啊，喝了這個讓我這把老骨頭暖洋洋的。謝謝你。,New line from v1.6
winter_11,"Tomorrow, at the beach, is the start of a little gathering... called 'SquidFest'.#$e#Aye... tis' a difficult catch, the squid. But I trust that you've developed a knack for the sport, by now.",明天在海灘上會開始一個小活動……叫做“魷魚節”。#$e#嗐……是挺難釣的，那群魷魚，不過你現在肯定已經駕輕就熟了。,New line from v1.6
Fair_Judged,"Wow, I got a low score. I guess Mayor Lewis isn't much of a fish man. Oh well...$s",哇，我的分數好低。估計是因為路易斯鎮長不喜歡釣魚。呃……$s,New line from v1.6
GreenRainFinished,"Well, the fish seem as healthy as ever. In fact, I swear they've been biting with extra vigor!",魚好像沒事，我甚至覺得它們上鉤更有勁嘞！,New line from v1.6
fishCaught_159,"So, you finally conquered the Crimsonfish! That fish has been taunting me for many years. He nearly nibbled through the wood under me house!",哦，你終於征服緋紅魚了！幾年了，那魚一直在嘲諷我，就差咬穿地板追到我家來了！,New line from v1.6
GreenRain,Aye... I hope these weird rains don't bother the fish... It could ruin me life!,嗐……但願魚群不會受到這場奇怪的雨的影響……不然我可就麻煩囉！,New line from v1.6
winter_12,Don't give up just yet! There's more squid in these waters...,繼續加把勁！水裡還有好多魷魚嘞……,New line from v1.6
AcceptGift_(O)Book_Crabbing,"Aye...  A timeless classic. Brings a tear to me eye, with every read. A fisherman can never have too many copies! Thank ye.$h",好哇……經典永不過時，我每次看都會眼眶濕潤。作為漁夫，收藏多少本都不夠！謝謝嘞。$h,New line from v1.6
GreenRain_2,"If the fish like these rains, then I like 'em, too.",如果魚喜歡這場雨，那我也喜歡。,New line from v1.6
AcceptGift_(O)682,The horror! ...What kind of monster is this?,太可怕了！……這是什麼怪物？,New line from v1.6
summer_20,It's the big day! I've got all me equipment tuned to catch Trout...#$e#Good luck out there!,今天比賽就開始了！我已經整裝待發，要去釣鱒魚嘞……#$e#祝你好運！,New line from v1.6
fishCaught_682,"*sniff* *sniff*... Something tells me you've been fishin' in the sewers, lad.^*sniff* *sniff*... Something tells me you've been fishin' in the sewers, miss.#$b#It's an unconventional approach, to be sure. There's legend of gargantuan carp, twisted into monsters from the toxic sludge...",（聞了兩下）……小伙子，你是不是在下水道釣魚了？^（聞了兩下）……小姑娘，你是不是在下水道釣魚了？#$b#這個辦法倒是別出心裁。傳說中還有一條被有毒淤泥搞變異的巨大鯉魚……,New line from v1.6
Wed6,"I've heard a rumor that a special kind of fish can be found in the pools between waterfalls...#$b#If you can reach it with yer rod, that is...",我聽傳聞說瀑布之間的水塘裡有一種特殊的魚……#$b#前提是你用釣竿能夠到那裡……,New line from v1.6
winter_13,"It warms me ol' winter heart to see all these anglers gathered here, all for the love o' fishing...$h",這麼多釣魚好手因為喜歡釣魚聚集在這裡，我真是特別舒心……$h,New line from v1.6
