GreenRain,"Though the unusual rains may be alarming, there is nothing to fear on this day.#$e#In fact, it is a day of great joy for many living things.",今天反常的雨水可能會令人恐慌，不過其實沒什麼好怕的。#$e#很多生物反而高興還來不及呢。,New line from v1.6
roommates_Krobus,"It will be a challenge, to live with one such as Krobus. But richly rewarding to both parties, I'm sure.#$e#I admit, I am most interested to see the outcome of such an unusual friendship.",和柯洛布斯這類生物一起生活是一種考驗，不過肯定對雙方都很有價值。#$e#這種不尋常的友誼最終結果會如何，我承認我很感興趣。,New line from v1.6
AcceptGift_(O)StardropTea,"Ah, what do we have here? A rare and potent elixir, it seems. Yes, this will make a fine addition to my reagent chest.",啊，這是什麼好東西？好像是一種罕見的強力藥水。很好，我的試劑箱裡又新添一個寶貝。,New line from v1.6
Mon8,"There are areas of the world, yet unsullied by the constraints of modern thinking, where magic is still very much alive...",世界上還有些地方尚未受到現代思維的桎梏，魔法在那裡欣欣向榮……,New line from v1.6
GreenRain_2,"Nature is a powerful force, not to be trifled with.#$e#Excuse me, but there are special matters I can only attend to on this day.",自然的力量極為強大，不容小覷。#$e#不好意思，有些特殊的事情我得在今天處理掉。,New line from v1.6
married,Marriage... hmm? I pray that you have better luck than I did...,唔……結婚？我祈禱你運氣會比我當初好吧……,New line from v1.6
Sat6,"While the scientific practice may accurately describe the material of our world, it will never explain the deepest mysteries...",雖然科學實踐可以精確刻畫世界上的物質，但是它永遠無法解釋最深層的奧秘……,New line from v1.6
Tue8,"Greetings, @. I trust you haven't been dabbling in the dark arts?",@，你好。我相信你還沒有涉足黑魔法吧？,New line from v1.6
Tue10,"If reality is constructed by the mind, then if one were to master the power of mind, they could control reality...",假如現實是由意識產生的，那麼一個人若是掌握了精神的力量，就可以支配現實……,New line from v1.6
Mon4,Outside the domain of human civilization is where nature truly reveals its secrets.,在遠離人類文明的地方，大自然才會展現其奧秘。,New line from v1.6
