eventSeen_719926,Are you feeling relaxed? I bet...,你觉得放松了吗？我觉得肯定是……,New line from v1.6
cropMatured_815,I noticed you're growing tea on your farm. Make sure to bring me a cup!$h,我看到你在农场里种了茶叶，记得给我带一点啊！$h,New line from v1.6
AcceptBirthdayGift_Positive,"Thanks, sweetie. That's very kind of you to remember my birthday.$h",谢谢你，亲爱的，你能记得我生日真是太好了。$h,New line from v1.6
AcceptGift_(O)16,"Oh, you've been foraging! Thank you!#$b#I'll make a spicy cocktail sauce with this. That'll put some hair on Pierre's chest.$h",哦，你在采集是吧！谢谢你！#$b#我就用这个做一个辣的蘸酱，皮埃尔吃了肯定会觉得精神百倍。$h,New line from v1.6
dating_Abigail_memory_oneday,Abby told me that you and her are seeing each other. That's sweet!,我听阿比说你们在一起了，真好啊！,New line from v1.6
AcceptBirthdayGift_Negative,"Oh... is that... a birthday gift? I see... well, thanks for stopping by.$a",呃……这个是……生日礼物？哦……好的，谢谢你过来。$a,New line from v1.6
GreenRain_2,"Ah, the special rain is back! This year, I'm going to make the most of it!#$e#This calls for a cup of green tea!$h",啊，特别的雨水又来了！今年我要大展身手！#$e#先来一杯绿茶！$h,New line from v1.6
married_memory_oneweek,"Ah, the newlywed. So, how was the honeymoon?#$e#I see. Well, I guess the farm would wither if you took time away...",哎呀，新婚夫妇，你们蜜月怎么样？#$e#这样啊，好吧，我想如果你们离开太久，农场上的作物确实都要枯萎了……,New line from v1.6
movieTheater_memory_oneweek,It's fun to have a movie theater in town. I want to go see a western!,镇上有个电影院真不错，我想去看西部片！,New line from v1.6
houseUpgrade_1,"$y 'I heard you got a new kitchen! Think you'll be doing a lot of cooking?_I plan to!_It's a good skill to have. And with all those fresh ingredients on your farm, you'll be sitting pretty!_Nah, it's just for looks_I see. Well, don't forget to eat right... nutrition is important.'",$y '我听说你有了个新厨房！你会经常做饭吗？_我正有此意！_会做饭可是很实用的，你还有农场上的新鲜食材，条件可谓是得天独厚！_没有，只是撑个门面。_好吧，不过还是要健康膳食……营养是很重要的。',New line from v1.6
AcceptGift_(O)StardropTea,Ooohh... this is nice. I'll save it for a quiet day in the sunroom.,哦哦……这个太棒了，我要在日光房安安静静地坐着喝。,New line from v1.6
achievement_15,"Judging by the savory smells wafting from your place, I can tell you've been busy in the kitchen!$h",你家总是飘来香味，我想你在厨房忙得不亦乐乎吧！$h,New line from v1.6
married_Abigail,I'm so happy for you two! Welcome to the family!$h,我真为你们俩高兴！欢迎加入这个家庭！$h,New line from v1.6
wonGrange,"Pierre's trying to play it cool, but he's seething about losing to you at the Stardew Valley Fair.",皮埃尔之前在星露谷集市上输给你，他装作不在意，其实还耿耿于怀呢。,New line from v1.6
GreenRain,I've never seen green rain before... It must not be too dangerous if you made it here!,我第一次见到绿色的雨……你能安全到这里来，看来不是特别危险！,New line from v1.6
Sat4,Abby's always had a strange interest in the occult. I'm sure it's just a phase...,阿比盖尔对怪力乱神有着诡异的兴趣。我不知道她是从哪儿学来的这些玩意儿……,Abby's always had a strange interest in the occult. I'm not sure where she gets it from...
Sat6,"#$1 Caroline12#When we first moved here, I took a while to settle down... I wasn't ready for the domestic life.#$e#Pierre's a bit conventional... but he's a good man. He's ambitious, but he always puts his family first.",#$1 Caroline12#我们刚搬到这里的时候，我花了些功夫才安顿下来……我对于家庭生活还没有做好准备。#$e#皮埃尔有点儿传统……但他是个好人。他也有雄心壮志，但他总把家庭放在第一位。,"#$1 Caroline12#When we first moved here, I took a while to settle down... I wasn't ready for the domestic life.#$e#Pierre's a bit traditional... but he's a good man. He's ambitious, but he always puts his family first."
Tue,I've seen wild horseradish in the forest.#$e#Foraging can be a fun way to earn some cash. Or you can use what you find as gifts or food.,我在树林里见过野生山葵。#$e#采集山货是挣钱的好方法。你也可以把你找到的东西当作礼物送人或者自己留着吃了。,I've seen wild horesradish in the forest.#$e#Foraging can be a fun way to earn some cash. Or you can use what you find as gifts or food.
