Fair_Judged_PlayerWon,I can't believe I lost...$s,真不敢相信，我竟然输了……$s,New line from v1.6
GreenRainFinished,"Well, I'm glad things are back to normal. Seems like it was all overblown... just like everything.",嗯，幸好一切都重回正轨了。感觉事情是被过分夸张了。,New line from v1.6
summer_Wed2,"$d joja#Running the shop is one of the most important things in my life, but sometimes you just need a day off...|Now that Joja is gone, I feel a responsibility to keep the shop open seven days a week. People need groceries!",$d joja#开店是我生活的重心，但有时候还是得休息一天的……|Joja 已经不在了，所以我觉得有责任一周七天都开着店，毕竟大伙都要来我这买东西！,New line from v1.6
eventSeen_3102768_memory_oneweek,"I'm determined to keep my shop running until the bitter end.$s#$b#Morris and his cronies will have to drag me out from behind the counter, kicking and screaming!$h",我下定决心了，不到破产绝不关店。$s#$b#莫里斯那帮人即使费九牛二虎之力，也别想把我从柜台后面拖出去！$h,New line from v1.6
Fair_Judged_PlayerLost,"It feels great to be on top! Hah!$h#$e#Nice effort, though.",屹立在顶点感觉可真棒啊！哈！$h#$e#努力总算是有成果了。,New line from v1.6
married,"Well, now that you have dual incomes, I expect you'll be purchasing twice as many seeds, right?$h#$b#Haha... I'm only joking.... *ahem*...",嗯，既然你现在有双份收入了，种子也该买双倍了，对吧？$h#$b#哈哈……我就开个玩笑……咳咳！……,New line from v1.6
Fair_Judging,"Hey, good luck.",嘿，祝好运。,New line from v1.6
eventSeen_4,Abigail's going through a rebellious phase... I get it.#$e#She'll wise up when she has to make her first mortgage payment!$h,阿比盖尔还在叛逆期……我懂的。#$e#等她到了要还贷款的年纪就会醒悟了！$h,New line from v1.6
GreenRain_2,"Glad to see you, @. What's a little toxic rain when you have seeds to buy?$h#$e#I'm just kidding. The rain seems to be completely harmless.",@，你好啊，为了买种子，一点有毒的雨有什么好怕的，是不是？$h#$e#我开玩笑的，这场雨好像完全无害。,New line from v1.6
AcceptGift_(O)Book_PriceCatalogue,Gripping! Fascinating! It's the perfect book for me!$h,实在是激动人心！我太需要这本书了！$h,New line from v1.6
eventSeen_3102768_memory_oneday,"How can I possibly compete with Joja?$s#$e#Their pockets are so deep, they can just sell at a loss until little guys like me are out of business... then they'll jack up their prices!$s",这让我怎么跟 Joja 竞争？$s#$e#他们财大气粗，可以先亏本销售，搞倒我这种小本生意……然后再抬高价格割韭菜！$s,New line from v1.6
AcceptGift_(O)StardropTea,"Wow, I can't believe you'd give this to me. It must've cost you a fortune! Thanks!",哇，你居然要送我这个，肯定很贵吧！谢谢你！,New line from v1.6
married_Abigail_memory_oneday,"Hello, er... my son?$s^Hello, er... daughter?$s",你好，呃……我的女婿？$s^你好，呃……女儿？$s,New line from v1.6
GreenRain,"Gahh, no customers! Any more of this 'green' rain, and my ledger will be in the 'red'!$s",唉，顾客都不来了！这“绿”雨要是再下下去，我这店里就全是“赤”字了！$s,New line from v1.6
Wed4,"#$1 pierre1#*sigh*... No matter how well the business does, it's never enough to satisfy my desire for success. What's wrong with me? Maybe I'm just bored with domestic life.$s#$e#When I was younger I always had something interesting to do... now I find myself just wasting time whenever I'm not at work.$s",年轻的时候，总是有好多有意思的事想做……现在老了，店里放假时我也只是散散步、消磨消磨时间。$s,When I was younger I always had something interesting to do... now I find myself just wasting time whenever I'm not at work.$s
winter_Thu,#$1 pierreDin#I'm going to surprise Caroline tonight with dinner and a bottle of Stardew Red. Don't tell anyone!$k#$e#Hi. In the mood for a little shopping?,嗨。要买点东西吗？,Hi. In the mood for a litle shopping?
winter_Wed,"$d joja#Finally... a day of relaxation.|Now that Joja is gone, I feel a responsibility to keep the shop open seven days a week. People need groceries!",#$1 pierreDin#我今晚要用烛光晚餐和星露红酒，给卡洛琳一个惊喜。可别告诉其他人！$k#$e#总算能休息一天了。,"#$1 pierreDin#I'm going to surprise Caroline tonight with dinner and a bottle of Stardew Red. Don't tell anyone!$k#$e#Finally, a day of relaxation."
Wed6,"$d joja#Some day I'm going to open a new shop in the city and make a killing.#$e#Unfortunately, business is so slow I can hardly save any money...$s|Business has been pretty good since JojaMart closed down.",#$1 pierre1#*唉* ……不管生意有多好，总感觉还是满足不了我的成功欲。我到底是怎么回事？大概还是对这过于平淡的生活产生了厌倦吧。$s#$e#总有一天，我会去大城市里开一家新店，然后举世闻名！#$e#不过，小镇里的生意再怎么好，也还是不景气，也攒不了多少钱呢……$s,"#$1 pierre1#*sigh*... No matter how well the business does, it's never enough to satisfy my desire for success. What's wrong with me? Maybe I'm just bored with domestic life.$s#$e#Some day I'm going to open a new shop in the city and make a killing.#$e#Unfortunately, business is so slow I can hardly save any money...$s"
summer_Wed,"$d joja#I'm so glad to have a day off from work.|Now that Joja is gone, I feel a responsibility to keep the shop open seven days a week. People need groceries!",今天终于不上班了，真开心。,I'm so glad to have a day off from work.
