married_Emily,How'd the big day go? Emily came up a while ago and told me all about your plans.#$b#I'll have to come visit you two on the farm sometime!,你们的婚礼怎么样？艾米丽之前跑过来跟我说了你们的事情。#$b#之后一定要去农场上看看你们俩！,New line from v1.6
AcceptGift_(O)402,*sniff*... Mmm... sweet peas have the most wonderful smell.,（闻了一下）……嗯……香豌豆的味道最好闻了。,New line from v1.6
AcceptGift_(O)418,"Ahh... even in winter, Stardew Valley has beautiful flowers.",啊……星露谷即使在冬天也能种出美丽的花朵。,New line from v1.6
AcceptGift_(O)StardropTea,"Wow, that's so rare... I can't believe you're giving this to me! Thanks, honey!",哇，这个太少见了……你居然要送给我吗？亲爱的，太感谢了！,New line from v1.6
AcceptGift_(O)18,"Oh, wow! Nothing says 'spring' like a Stardew Valley daffodil!$h",哇！看到黄水仙就让我想到了星露谷的春天！$h,New line from v1.6
GreenRain,I heard there's a rare weather event in the valley.#$e#I wish it rained here sometimes...$s,听说星露谷出现了罕见的天气。#$e#假如这里也能下雨就好了……$s,New line from v1.6
Wed8,"Isn't it expensive, coming to the desert so often like you do?#$e#You must really like to see me, huh? Hmmm... $h||*sigh*... I do miss the beautiful flowers of Stardew Valley...$s",像你这样经常跑来沙漠不是花费很大吗？#$e#你一定是很喜欢来见我，对吧？嗯…… $h,"Isn't it expensive, coming to the desert so often like you do?#$e#You must really like to see me, huh? Hmmm... $h"
Thu2,That shady-looking guy in the back? I'm really not supposed to talk about it.#$e#Anyway... what's the weather like in the valley?,房间后面的那个可疑的家伙？我不想多管闲事。#$e#话说……山谷里的气候怎么样？,That shady-looking guy in the back? I'm really not supposed to talk about it.#$e#Anyway... what's the weather like in the valley
