40,A Distant Shore^Reach Ginger Island.^false^-1^9,遙遠的海岸^到達姜島。^false^-1^9,New line from v1.6
41,Danger In The Deep^Reach the bottom of the 'dangerous' mines.^false^-1^9,深處的危險^到達“危險”礦井的底層。^false^-1^9,New line from v1.6
44,Perfection^Reach the summit.^false^-1^9,完美^到達山頂。^false^-1^9,New line from v1.6
42,Infinite Power^Obtain the most powerful weapon.^true^-1^9,無限力量^獲得最強大的武器。^true^-1^9,New line from v1.6
39,Good Neighbors^Help your forest neighbors grow their family.^true^-1^9,熱心鄰居^幫助森林裡的鄰居朋友組建家庭。^true^-1^9,New line from v1.6
37,Blue Ribbon^Get 1st place in the Stardew Valley Fair competition.^true^-1^9,冠軍^在星露谷集市的比賽中獲得第一名。^true^-1^9,New line from v1.6
38,An Unforgettable Soup^Delight the Governor.^true^-1^9,難忘的湯^讓州長高興。^true^-1^9,New line from v1.6
35,Well-read^Read every book.^true^-1^9,博覽群書^讀完所有的書。^true^-1^9,New line from v1.6
36,Two Thumbs Up^See a movie.^false^-1^9,意猶未盡^看一部電影。^false^-1^9,New line from v1.6
