804,Emily's Magic Boots/Made with love by Emily. 100% compostable!/250/4/4/13/Emily's Magic Boots,Emily's Magic Boots/艾米麗愛心打造。100% 可降解！/250/4/4/13/艾米麗的魔法靴,Emily's Magic Boots/Made with love by Emily. 100% compostable!/250/4/4/13
510,Thermal Boots/Designed with extreme weather in mind./50/1/2/6/Thermal Boots,Thermal Boots/設計於惡劣氣候地帶使用。/50/1/2/6/熱能靴,Thermal Boots/Designed with extreme weather in mind./50/1/2/6
507,Work Boots/Steel-toed for extra protection./50/2/0/3/Work Boots,Work Boots/強化了鋼鐵作為額外防護。/50/2/0/3/工作靴,Work Boots/Steel-toed for extra protection./50/2/0/3
506,Leather Boots/The leather is very supple./50/1/1/2/Leather Boots,Leather Boots/這種皮革非常柔軟。/50/1/1/2/皮靴,Leather Boots/The leather is very supple./50/1/1/2
878,Crystal Shoes/These sparkling shoes will keep your feet very safe./1000/3/5/18/Crystal Shoes,Crystal Shoes/這雙閃閃發光的鞋子會保護好你的腳。/1000/3/5/18/水晶鞋,Crystal Shoes/These sparkling shoes will keep your feet very safe./1000/3/5/18
509,Tundra Boots/The fuzzy lining keeps your ankles so warm./150/2/1/5/Tundra Boots,Tundra Boots/毛茸茸的材質保持你的腳跟溫暖。/150/2/1/5/凍土靴,Tundra Boots/The fuzzy lining keeps your ankles so warm./150/2/1/5
854,Mermaid Boots/Mermaid scales gives these boots a protective aura./1000/5/8/16/Mermaid Boots,Mermaid Boots/美人魚鱗片給這雙靴子賦予了保護光環。/1000/5/8/16/美人魚靴,Mermaid Boots/Mermaid scales gives these boots a protective aura./1000/5/8/16
512,Firewalker Boots/It's said these can withstand the hottest magma./250/3/3/8/Firewalker Boots,Firewalker Boots/據說能夠承受最高溫的熔岩。/250/3/3/8/蹈火者靴,Firewalker Boots/It's said these can withstand the hottest magma./250/3/3/8
806,Leprechaun Shoes/The buckle's made of solid gold./250/2/1/14/Leprechaun Shoes,Leprechaun Shoes/搭扣是純金做的。/250/2/1/14/矮精靈鞋子,Leprechaun Shoes/The buckle's made of solid gold./250/2/1/14
514,Space Boots/An iridium weave gives them a purple sheen./450/4/4/10/Space Boots,Space Boots/銥編織，所以散發著紫色亮光。/450/4/4/10/太空之靴,Space Boots/An iridium weave gives them a purple sheen./450/4/4/10
515,Cowboy Boots/It's the height of country fashion./250/2/2/11/Cowboy Boots,Cowboy Boots/鄉下人的時尚高度。/250/2/2/11/牛仔之靴,Cowboy Boots/It's the height of country fashion./250/2/2/11
513,Genie Shoes/A curious energy permeates the fabric./250/1/6/9/Genie Shoes,Genie Shoes/奇怪的能量圍繞著鞋面。/250/1/6/9/神怪之鞋,Genie Shoes/A curious energy permeates the fabric./250/1/6/9
511,Dark Boots/Made from thick black leather./250/4/2/7/Dark Boots,Dark Boots/使用黑色粗厚皮革所打造。/250/4/2/7/黑暗之靴,Dark Boots/Made from thick black leather./250/4/2/7
853,Cinderclown Shoes/These magic shoes belonged to a famous Dwarvish jester./1000/6/5/15/Cinderclown Shoes,Cinderclown Shoes/這雙神奇鞋子的主人是一位著名的矮人小丑。/1000/6/5/15/灰燼小丑鞋,Cinderclown Shoes/These magic shoes belonged to a famous Dwarvish jester./1000/6/5/15
508,Combat Boots/Reinforced with iron mesh./150/3/0/4/Combat Boots,Combat Boots/強化了鐵絲作防護。/150/3/0/4/戰靴,Combat Boots/Reinforced with iron mesh./150/3/0/4
504,Sneakers/A little flimsy... but fashionable!/50/1/0/0/Sneakers,Sneakers/有點單薄……但是時尚嘛！/50/1/0/0/運動鞋,Sneakers/A little flimsy... but fashionable!/50/1/0/0
855,Dragonscale Boots/These shimmering boots are extremely tough./1000/7/0/17/Dragonscale Boots,Dragonscale Boots/這雙閃爍光芒的靴子非常堅韌。/1000/7/0/17/龍鱗靴,Dragonscale Boots/These shimmering boots are extremely tough./1000/7/0/17
505,Rubber Boots/Protection from the elements./50/0/1/1/Rubber Boots,Rubber Boots/提供元素保護。/50/0/1/1/橡膠靴,Rubber Boots/Protection from the elements./50/0/1/1
