SummitEvent_Dialogue1B_Spouse,"We've been through a lot together, haven't we?$h",我們一起經歷了許多，是不是？$h,New line from v1.6
PurchasedItem_3_QualityHigh_Rude,I went shopping last night and picked up {1} {2} on sale for only {3}g.#$e# It was actually pretty {4}.,我昨晚去購物了，買了廉價出售的{1}{2}，只需要{3}克。#$e#它真是相當{4}。,I went shopping last night and picked up {1} {2} on sale for only{3}g.#$e# It was actually pretty {4}.
SummitEvent_Dialogue3_Sebastian,"Before I met you, I spent most of my time turned away from reality... because I thought I'd never find happiness.#$b#...but you've shown me that the world isn't such a dark place, after all.$h""/faceDirection Sebastian 3/pause 500/speak Sebastian ""...That's one of the reasons I love you...""","在遇到你之前，我把自己的人生都耗費在逃避現實上……因為我覺得自己永遠都得不到幸福。#$b#……但你向我證明，世界並不只是一片黑暗。$h""/faceDirection Sebastian 3/pause 500/speak Sebastian ""……我有許多愛你的理由，這是其中之一……""","Before I met you, I spent most of my time turned away from reality... because I thought I'd never find happiness.#$b#...but you've shown me that the world isn't such a dark place, after all.$h""/faceDirection Sebastian 3/pause 500/speak Sebastian ""...That's one of the reasons I love you..."
SummitEvent_Dialogue3_Harvey,"When I'm next to you, I'm not even scared of falling off this cliff and dashing onto the sharp rocks below...$l""/jump Harvey/shake Harvey 1000/pause 1000/speak Harvey ""...$8#$b#I... I love and admire you very much, @...$l""","有你在我身邊，我就不會害怕從懸崖上摔下去，落在下面的鋒利的石頭上……$l""/jump Harvey/shake Harvey 1000/pause 1000/speak Harvey ""……$8#$b#我……我非常愛慕，而且崇敬你，@……$l""","When I'm next to you, I'm not even scared of falling off this cliff and dashing onto the sharp rocks below...$l""/jump Harvey/shake Harvey 1000/pause 1000/speak Harvey ""...$8#$b#I... I love and admire you very much, @...$l"
SummitEvent_Dialogue3_Alex,"I've finally discovered who I want to be... and I feel certain about the future.""/pause 500/speak Alex ""I don't think I would've gotten here without you, @.""","我終於明白了自己想要成為什麼樣的人……我對未來更有把握了。""/pause 500/speak Alex ""@，如果沒有你，我恐怕做不到這一切。""","I've finally discovered who I want to be... and I feel certain about the future.""/pause 500/speak Alex ""I don't think I would've gotten here without you, @."
SummitEvent_Dialogue3_Shane,"If I hadn't met you, @... I might not even be here right now.#$b#Which would be a shame, because the bird-watching up here is phenomenal!$h""/emote farmer 16/pause 1000/speak Shane ""Heh... I... I tend to joke a lot, because...well...$s#$b#I guess keeping things light-hearted makes it so I don't have to open up and make myself vulnerable.""/emote Shane 28/speak Shane ""But every season that goes by, with you, I get a little more comfortable with myself.#$b#Uh.. I guess what I want to say is...#$b#I have no regrets marrying you!$h""","@，要是我沒有遇見你……恐怕我就不會到這裡來了。#$b#那就太可惜了，畢竟這裡是絕無僅有的觀鳥點！$h""/emote farmer 16/pause 1000/speak Shane ""……我……我經常開玩笑，因為……呃……$s#$b#我覺得，只要把所有事情都一笑置之，我就不用敞開心扉，讓自己變得脆弱了。""/emote Shane 28/speak Shane ""但與你在一起，每度過一個季節，我都會變得更加安然自在一些。#$b#呃……我想說的大概就是……#$b#和你結婚我無怨無悔！$h""","If I hadn't met you, @... I might not even be here right now.#$b#Which would be a shame, because the bird-watching up here is phenomenal!$h""/emote farmer 16/pause 1000/speak Shane ""Heh... I... I tend to joke a lot, because...well...$s#$b#I guess keeping things light-hearted makes it so I don't have to open up and make myself vulnerable.""/emote Shane 28/speak Shane ""But every season that goes by, with you, I get a little more comfortable with myself.#$b#Uh.. I guess what I want to say is...#$b#I have no regrets marrying you!$h"
SummitEvent_Dialogue3_Emily,"This is a special moment...#$b#I've always known I would be standing here with you, someday. I've always felt it in my heart.#$b#Now, it's all come true.""/pause 500/speak Emily ""The world is a mysterious and special place...$l""","這是個特別的時刻……#$b#我一直都知道，我總有一天會和你一起站在這裡。我心底一直有著這樣的預感。#$b#現在，一切終於成為現實。""/pause 500/speak Emily ""世界真是神秘又特別……$l""","This is a special moment...#$b#I've always known I would be standing here with you, someday. I've always felt it in my heart.#$b#Now, it's all come true.""/pause 500/speak Emily ""The world is a mysterious and special place...$l"
SummitEvent_Dialogue3_Haley,"*giggle*... $h""/faceDirection farmer 1 true/emote farmer 8/pause 1000/speak Haley ""Oh, it's just that...#$b#As a little girl, I always dreamed that one day, I would climb to the summit with my true love, and share a kiss.$l""","嘻嘻……$h""/faceDirection farmer 1 true/emote farmer 8/pause 1000/speak Haley ""啊，是這樣的……#$b#我還是個小女孩的時候，就經常會幻想自己有一天會與真愛之人一起爬到山頂，然後接吻。$l""","*giggle*... $h""/faceDirection farmer 1 true/emote farmer 8/pause 1000/speak Haley ""Oh, it's just that...#$b#As a little girl, I always dreamed that one day, I would climb to the summit with my true love, and share a kiss.$l"
SummitEvent_Dialogue3_Maru,"You've really accomplished a lot since you moved here, @. It's incredible.""/pause 300/faceDirection Maru 3/pause 400/speak Maru ""I think it's safe to say that you were meant to be a farmer!$h""","@，你自從搬到這裡之後，真的做出了不少成就。實在是太了不起了。""/pause 300/faceDirection Maru 3/pause 400/speak Maru ""我想，你應該生來就是當農場主的料！$h""","You've really accomplished a lot since you moved here, @. It's incredible.""/pause 300/faceDirection Maru 3/pause 400/speak Maru ""I think it's safe to say that you were meant to be a farmer!$h"
MisterQi_PlayerClubMember,"Well, well, well... Look who made it inside my exclusive clubhouse.#$e#You've got the 'spark'... that's why I singled you out.#$e#What spark? Ah... The conduit of mystery, of art...#$b#People like us have a responsibility to keep the world alive, to give folks a taste of the extraordinary.#$e#You see, kid... The world's like a bowl of rice. It's got substance, but it ain't worth nothin' without a good, zesty sauce. That's where we come in.#$b#Didn't you ever wonder who put those treasure chests in the old mineshaft? I like to give people surprises.#$e#You'll understand someday. Just keep doing your best and never give up.",終於見到你了，孩子，真好啊。歡迎來到我的專屬會所。#$e#你已經得到了“火花”……這就是為什麼我挑中了你。#$e#什麼火花？啊……就是通往神奇彼岸，通往藝術的通道……#$b#像我們這樣的人有責任讓世界保持活力，給鄉親們非凡的味道。#$e#明白嗎，小子……這個世界就像一碗飯。它有食材，但是如果沒有好的、刺激的醬料，便索然無味。這就是為什麼這個地方會存在。#$b#你難道不想知道是誰把那些箱子放在老礦井裡？我喜歡給人們驚喜。#$e#總有一天你會明白的。盡力做到最好，永不放棄。,"It's good to finally meet ya, kid. Welcome to my exclusive clubhouse.#$e#You've got the 'spark'... that's why I singled you out.#$e#What spark? Ah... The conduit of mystery, of art...#$b#People like us have a responsiblity to keep the world alive, to give folks a taste of the extraordinary.#$e#You see, kid... The world's like a bowl of rice. It's got substance, but it ain't worth nothin' without a good, zesty sauce. That's where we come in.#$b#Didn't you ever wonder who put those treasure chests in the old mineshaft? I like to give people surprises.#$e#You'll understand someday. Just keep doing your best and never give up."
PurchasedItem_3_QualityHigh_Rude_Willy,I went shopping last night and picked up {1} {2} on sale for only {3}g.#$e# It was actually pretty {4}.,我昨晚去購物，用優惠價買了個{2}，只花了 {3}G。#$e#那東西確實挺{4}。,I went shopping last night and picked up {1} {2} on sale for only{3}g.#$e# It was actually pretty {4}.
SummitEvent_Dialogue1_Spouse,I was just thinking about the last %year years...,我在回想過去的 %year 年……,"I was just thinking about the last %year years...""/pause 1000/speak spouse ""We've been through a lot together, haven't we?$h"
