GoldPanHat,Gold Pan/You place the gold pan on your head.../false/true//Gold Pan/108,Gold Pan/你把金淘金盤扣在了腦袋上……/false/true//金淘金盤/108,New line from v1.6
BlueBow,Blue Bow/This huge bow makes quite a statement!/true/false//Blue Bow/99,Blue Bow/這個巨大的蝴蝶結特別顯眼！/true/false//藍色蝴蝶結/99,New line from v1.6
BucketHat,Bucket Hat/A simple hat with a short brim./false/true//Bucket Hat/102,Bucket Hat/款式簡潔的窄簷帽子。/false/true//漁夫帽/102,New line from v1.6
PaperHat,Paper Hat/It's made out of special paper that won't disintegrate in the rain./false/true//Paper Hat/114,Paper Hat/用特殊的紙折出來的，雨天也不會破掉。/false/true//紙帽子/114,New line from v1.6
DarkVelvetBow,"Dark Velvet Bow/A big, floppy bow made of dark velvet./true/false//Dark Velvet Bow/100",Dark Velvet Bow/又大又軟的蝴蝶結，材質是黑絲絨。/true/false//黑絲絨蝴蝶結/100,New line from v1.6
LeprechuanHat,Leprechaun Hat/The previous owner must've had a big head for a Leprechaun./false/true//Leprechaun Hat/112,Leprechaun Hat/之前戴這頂帽子的小矮妖腦袋肯定特別大。/false/true//小矮妖帽子/112,New line from v1.6
SpaceHelmet,Space Helmet/Warning: This helmet has not actually been tested in outer space./hide/true//Space Helmet/120,Space Helmet/警告：這個頭盔實際上還沒有在外太空測試過。/hide/true//太空頭盔/120,New line from v1.6
WhiteBow,White Bow/A bow as white as snow./true/false//White Bow/119,White Bow/潔白的蝴蝶結。/true/false//白色蝴蝶結/119,New line from v1.6
SportsCap,Sports Cap/The cap has a vintage team logo on it./false/true//Sports Cap/104,Sports Cap/帽子上有一支老牌球隊的標誌。/false/true//棒球帽/104,New line from v1.6
AbigailsBow,Abigail's Bow/It's just like Abby's./true/false//Abigail's Bow/94,Abigail's Bow/阿比的同款蝴蝶結。/true/false//阿比蓋爾的蝴蝶結/94,New line from v1.6
JojaCap,Joja Cap/An official Joja Cap. Made from 100% polyester./false/true//Joja Cap/96,Joja Cap/Joja 官方棒球帽，100% 聚酯纖維面料。/false/true//Joja 棒球帽/96,New line from v1.6
PageboyCap,"Pageboy Cap/For some reason, it makes you want to sell newspapers./false/true//Pageboy Cap/115",Pageboy Cap/戴上它就會莫名地想去賣報紙。/false/true//報童帽/115,New line from v1.6
RaccoonHat,Raccoon Hat/A classic hat from the old frontier days./false/true//Raccoon Hat/106,Raccoon Hat/拓荒時代的經典帽子。/false/true//浣熊帽/106,New line from v1.6
TricornHat,Tricorn Hat/It's a traditional hat for naval officers./false/true//Tricorn Hat/95,Tricorn Hat/海軍軍官的傳統帽子。/false/true//三角帽/95,New line from v1.6
GilsHat,Gil's Hat/It's the same hat that Gil wears./false/true//Gil's Hat/98,Gil's Hat/吉爾的同款帽子。/false/true//吉爾的帽子/98,New line from v1.6
SteelPanHat,Steel Pan/You place the steel pan on your head.../false/true//Steel Pan/107,Steel Pan/你把鋼淘金盤扣在了腦袋上……/false/true//鋼淘金盤/107,New line from v1.6
MummyMask,Mummy Mask/A large mummy mask... frightening!/hide/true//Mummy Mask/101,Mummy Mask/巨大的木乃伊頭套……很嚇人！/hide/true//木乃伊頭套/101,New line from v1.6
JunimoHat,Junimo Hat/To honor our little buddies.../false/true//Junimo Hat/113,Junimo Hat/紀念我們的小伙伴……/false/true//祝尼魔帽子/113,New line from v1.6
DarkBallcap,Dark Ballcap/It fits perfectly on your head./false/true//Dark Ballcap/111,Dark Ballcap/戴在頭上，大小剛好合適。/false/true//黑色棒球帽/111,New line from v1.6
InfinityCrown,Infinity Crown/It's made from an exotic metal you've never seen before./false/true//Infinity Crown/121,Infinity Crown/由一種聞所未聞的奇異金屬打造而成。/false/true//無限之冠/121,New line from v1.6
IridiumPanHat,Iridium Pan/You place the iridium pan on your head.../false/true//Iridium Pan/109,Iridium Pan/你把銥淘金盤扣在了腦袋上……/false/true//銥淘金盤/109,New line from v1.6
GovernorsHat,Governor's Hat/A replica of the Governor's iconic hat./false/true//Governor's Hat/118,Governor's Hat/州長同款的標誌性帽子。/false/true//州長帽/118,New line from v1.6
JesterHat,Jester Hat/Put your inner clown on display./false/true//Jester Hat/116,Jester Hat/想當小丑就勇敢說出來。/false/true//小丑帽/116,New line from v1.6
RedFez,Red Fez/A unique hat made popular by the famous merchant pig./false/true//Red Fez/105,Red Fez/這款獨特的帽子是被商人的豬帶火的。/false/true//紅色菲斯帽/105,New line from v1.6
MysteryHat,Mystery Hat/Made from the leftovers of a Mystery Box./false/true//Mystery Hat/110,Mystery Hat/用開過的盲盒包裝製成的。/false/true//盲盒帽/110,New line from v1.6
BlueRibbon,Blue Ribbon/A lovely ribbon that sits behind the head./true/false//Blue Ribbon/117,Blue Ribbon/繫在腦袋後面的漂亮絲帶。/true/false//藍絲帶/117,New line from v1.6
LaurelWreathCrown,Laurel Wreath Crown/A garland of leaves shaped into a lovely crown./true/true//Laurel Wreath Crown/97,Laurel Wreath Crown/月桂樹葉編織而成的頭冠。/true/true//月桂花冠/97,New line from v1.6
SquidHat,Squid Hat/It's your chance to wear a squid on the head./false/true//Squid Hat/103,Squid Hat/是時候在頭上頂一條魷魚了。/false/true//魷魚帽/103,New line from v1.6
1,Bowler Hat/Made from smooth felt./false/true//Bowler Hat,Bowler Hat/由柔滑的毛氈製成。/false/true//圓頂禮帽,Bowler Hat/Made from smooth felt./false/true
79,Small Cap/It's a more aerodynamic style of cap./false/true//Small Cap,Small Cap/這款小帽子是流線型的款式。/false/true//小帽子,Small Cap/It's a more aerodynamic style of cap./false/true
33,Cowgal Hat/The band is studded with fake diamonds./false/true//Cowgal Hat,Cowgal Hat/鑲嵌著鑽石。/false/true//牛仔女郎帽,Cowgal Hat/The band is studded with fake diamonds./false/true
78,Frog Hat/A slimy friend that lives on your dome./false/true//Frog Hat,Frog Hat/一個住在你頭上的黏糊糊的朋友。/hide/true//青蛙帽,Frog Hat/A slimy friend that lives on your dome./hide/true
25,Santa Hat/Celebrate the magical season./false/true//Santa Hat,Santa Hat/聖誕來了。/false/true//聖誕帽,Santa Hat/Celebrate the magical season./false/true
89,Goggles/These will make you look very safe./true/true//Goggles,Goggles/讓你看起來做足了安全保護。/true/true//護目鏡,Goggles/These will make you look very safe./true/true
39,Cone Hat/A curiosity from a distant land./false/true//Cone Hat,Cone Hat/來自遙遠國度且令人感到好奇的帽子。/false/true//錐帽,Cone Hat/A curiosity from a distant land./false/true
37,Blue Cowboy Hat/A denim cowboy hat in cool blue./false/true//Blue Cowboy Hat,Blue Cowboy Hat/冷藍色的牛仔布牛仔帽。/false/true//藍色牛仔帽,Blue Cowboy Hat/A denim cowboy hat in cool blue./false/true
71,Copper Pan/You place the copper pan on your head.../false/true//Copper Pan,Copper Pan/你把淘金盤扣在頭上了……/false/true//淘金盤,Copper Pan/You place the copper pan on your head.../false/true
26,Tiara/This one has a big amethyst encircled by gold./true/true//Tiara,Tiara/一粒巨大的紫水晶，旁邊圍繞著黃金。/true/true//三重冕,Tiara/This one has a big amethyst encircled by gold./true/true
59,Party Hat/A goofy green hat that makes any celebration more fun./false/true//Party Hat,Party Hat/一種讓任何慶祝活動都更有趣的傻乎乎的綠帽子。/false/true//派對帽,Party Hat/A goofy green hat that makes any celebration more fun./false/true
28,Sou'wester/The shape helps to keep sailors dry during storms./false/true//Sou'wester,Sou'wester/讓水手在暴風雨中不會淋濕。/false/true//防雨帽,Sou'wester/The shape helps to keep sailors dry during storms./false/true
23,Gnome's Cap/This gnome had a very large head./false/true//Gnome's Cap,Gnome's Cap/土地神的腦袋很大。/false/true//土地神帽,Gnome's Cap/This gnome had a very large head./false/true
72,Green Turban/A green silk turban with a gold ornament on the front./false/true//Green Turban,Green Turban/綠色的絲織頭巾，前面有一個金色裝飾。/false/true//綠色頭巾,Green Turban/A green silk turban with a gold ornament on the front./false/true
56,Blobfish Mask/Just as spongy as the real thing!/true/true//Blobfish Mask,Blobfish Mask/和真的一樣柔軟吸水！/true/true//水滴魚面具,Blobfish Mask/Just as spongy as the real thing!/true/true
85,Swashbuckler Hat/The classic swashbuckler look./false/true//Swashbuckler Hat,Swashbuckler Hat/經典的俠客打扮。/false/true//俠客帽,Swashbuckler Hat/The classic swashbuckler look./false/true
83,Dark Cowboy Hat/A cowboy hat in fashionable black./false/true//Dark Cowboy Hat,Dark Cowboy Hat/時髦黑色款式的牛仔帽。/false/true//黑色牛仔帽,Dark Cowboy Hat/A cowboy hat in fashionable black./false/true
46,"Wearable Dwarf Helm/A slightly larger, human sized version of the helmets worn by dwarves./hide/true//Wearable Dwarf Helm",Wearable Dwarf Helm/稍大號的矮人所戴頭盔，可供人類穿戴。/hide/true//可穿戴的矮人頭盔,"Wearable Dwarf Helm/A slightly larger, human sized version of the helmets worn by dwarves./hide/true"
0,"Cowboy Hat/The leather is old and cracked, but surprisingly supple. It smells musty./false/true//Cowboy Hat",Cowboy Hat/皮革雖殘舊而且裂開了，但依然柔軟。雖然味道不好聞。/false/true//牛仔帽,"Cowboy Hat/The leather is old and cracked, but surprisingly supple. It smells musty./false/true"
43,Dinosaur Hat/A hat fashioned to look like a small dinosaur./false/true//Dinosaur Hat,Dinosaur Hat/一種看起來像小恐龍的帽子。/false/true//恐龍帽,Dinosaur Hat/A hat fashioned to look like a small dinosaur./false/true
55,Fishing Hat/The wide brim keeps you shaded when you're fishing on the riverbank./false/true//Fishing Hat,Fishing Hat/寬闊的帽簷讓您在河岸釣魚時保持陰涼。/false/true//釣魚帽,Fishing Hat/The wide brim keeps you shaded when you're fishing on the riverbank./false/true
49,Hair Bone/A prehistoric version of the hair bow./true/false//Hair Bone,Hair Bone/一種史前版本的髮夾。/true/false//骨髮夾,Hair Bone/A prehistoric version of the hair bow./true/false
77,Pink Bow/This huge bow makes quite a statement!/true/false//Pink Bow,Pink Bow/這個巨大的蝴蝶結超有存在感！/true/false//粉色蝴蝶結,Pink Bow/This huge bow makes quite a statement!/true/false
69,Bridal Veil/The traditional headwear for a bride./false/true//Bridal Veil,Bridal Veil/新娘的傳統頭飾。/false/true//新娘面紗,Bridal Veil/The traditional headwear for a bride./false/true
13,Tropiclip/It's shaped like a little palm tree./true/false//Tropiclip,Tropiclip/形狀像棕櫚樹。/true/false//熱帶風小發卡,Tropiclip/It's shaped like a little palm tree./true/false
8,Skeleton Mask/The red eyes are glowing mysteriously./true/true//Skeleton Mask,Skeleton Mask/紅紅的眼睛散發著神秘的亮光。/true/true//骷髏面具,Skeleton Mask/The red eyes are glowing mysteriously./true/true
61,Chef Hat/The traditional hat worn by a head chef./false/true//Chef Hat,Chef Hat/廚師長戴的傳統帽子。/hide/true//廚師帽,Chef Hat/The traditional hat worn by a head chef./hide/true
27,Hard Hat/Keep your dome in one piece./false/true//Hard Hat,Hard Hat/保護你的腦袋。/false/true//安全帽,Hard Hat/Keep your dome in one piece./false/true
36,Panda Hat/A lovely panda hat./false/true//Panda Hat,Panda Hat/一頂萌萌的熊貓帽子，這是Eric給TGP玩家的禮物/false/true//熊貓帽子（TGP 玩家專屬）,Panda Hat/A lovely panda hat./false/true
4,"Straw Hat/Light and cool, it's a farmer's delight./false/true//Straw Hat",Straw Hat/輕便涼爽的帽子，農夫最愛。/false/true//草帽,"Straw Hat/Light and cool, it's a farmer's delight./false/true"
47,Fashion Hat/A fashionable hat with a feather in the brim./false/true//Fashion Hat,Fashion Hat/邊緣有羽毛的時尚帽子。/false/true//時尚帽,Fashion Hat/A fashionable hat with a feather in the brim./false/true
76,Deluxe Pirate Hat/Only the most infamous pirate could pull off this look./false/true//Deluxe Pirate Hat,Deluxe Pirate Hat/只有最惡名昭彰的海盜才配得上它。/false/true//豪華海盜帽,Deluxe Pirate Hat/Only the most infamous pirate could pull off this look./false/true
58,Party Hat/A goofy blue hat that makes any celebration more fun./false/true//Party Hat,Party Hat/一種讓任何慶祝活動都更有趣的傻乎乎的藍帽子。/false/true//派對帽,Party Hat/A goofy blue hat that makes any celebration more fun./false/true
15,Hunter's Cap/The wool lining should stay warm deep into the forest./false/true//Hunter's Cap,Hunter's Cap/動物毛線即使在森林深處都能保暖。/false/true//獵人帽,Hunter's Cap/The wool lining should stay warm deep into the forest./false/true
93,Warrior Helmet/An Ostrich eggshell repurposed into a helmet./false/true//Warrior Helmet,Warrior Helmet/拿鴕鳥蛋殼充當頭盔。/false/true//戰士頭盔,Warrior Helmet/An Ostrich eggshell repurposed into a helmet./false/true
52,Spotted Headscarf/A red polka-dot scarf tied around the head./hide/true//Spotted Headscarf,Spotted Headscarf/繫在頭上的紅色圓點頭巾。/hide/true//斑點頭巾,Spotted Headscarf/A red polka-dot scarf tied around the head./hide/true
10,Chicken Mask/You'll be sure to get them grinning with this one./true/true//Chicken Mask,Chicken Mask/戴上它，你肯定會被笑死。/true/true//小雞面具,Chicken Mask/You'll be sure to get them grinning with this one./true/true
44,"Totem Mask/Don't worry, it won't warp your face.../true/true//Totem Mask",Totem Mask/別擔心，它不會扭曲你的臉……/true/true//圖騰面具,"Totem Mask/Don't worry, it won't warp your face.../true/true"
5,"Official Cap/Looks like it belonged to a postman or policeman. Either way, it's still very soft and smells okay./false/true//Official Cap",Official Cap/看起來是位郵差或者警察的帽子。無論如何，它仍然輕軟，味道不臭。/false/true//大簷帽,"Official Cap/Looks like it belonged to a postman or policeman. Either way, it's still very soft and smells okay./false/true"
19,Fedora/A city-slicker's standard./false/true//Fedora,Fedora/城裡人的標準。/false/true//軟呢帽,Fedora/A city-slicker's standard./false/true
38,Red Cowboy Hat/An eye-catching cowboy hat in red suede./false/true//Red Cowboy Hat,Red Cowboy Hat/醒目的紅絨面革牛仔帽。/false/true//紅色牛仔帽,Red Cowboy Hat/An eye-catching cowboy hat in red suede./false/true
53,Beanie/A warm hat with a pretty tight fit./false/true//Beanie,Beanie/一種緊貼腦部的暖帽子。/hide/true//毛線帽,Beanie/A warm hat with a pretty tight fit./hide/true
29,Daisy/A fresh spring daisy to put in your hair./true/false//Daisy,Daisy/新鮮的春天發卡，用來戴在頭上。/true/false//雛菊發卡,Daisy/A fresh spring daisy to put in your hair./true/false
84,Radioactive Goggles/Doesn't actually provide any protection from radiation./true/true//Radioactive Goggles,Radioactive Goggles/實際上並不能防輻射。/true/true//防輻射護目鏡,Radioactive Goggles/Doesn't actually provide any protection from radiation./true/true
16,Trucker Hat/Mesh in the back to keep your head cool./false/true//Trucker Hat,Trucker Hat/帽後帶網孔以通風。/false/true//司機帽,Trucker Hat/Mesh in the back to keep your head cool./false/true
24,Eye Patch/You can't tell if it's real or just from a costume shop./true/true//Eye Patch,Eye Patch/難以看出是的還是服裝店買來的。/true/true//眼罩,Eye Patch/You can't tell if it's real or just from a costume shop./true/true
42,Mushroom Cap/It smells earthy./false/true//Mushroom Cap,Mushroom Cap/聞起來有泥土味。/false/true//蘑菇帽,Mushroom Cap/It smells earthy./false/true
21,Lucky Bow/The middle is made of solid gold./true/false//Lucky Bow,Lucky Bow/中間是純金打造的。/true/false//幸運蝴蝶結,Lucky Bow/The middle is made of solid gold./true/false
57,Party Hat/A goofy red hat that makes any celebration more fun./false/true//Party Hat,Party Hat/一種讓任何慶祝活動都更有趣的傻乎乎的紅帽子。/false/true//派對帽,Party Hat/A goofy red hat that makes any celebration more fun./false/true
70,Witch Hat/A pointy hat popular with witches./false/true//Witch Hat,Witch Hat/受女巫歡迎的尖頭帽。/false/true//女巫帽,Witch Hat/A pointy hat popular with witches./false/true
35,Archer's Cap/Fashionable whether you're an archer or not./false/true//Archer's Cap,Archer's Cap/無論你是否弓箭手，都適合佩戴。/false/true//射手帽,Archer's Cap/Fashionable whether you're an archer or not./false/true
62,Pirate Hat/A captain's hat with a horrible skull on the front./false/true//Pirate Hat,Pirate Hat/船長帽，前部裝飾有一個可怕的頭骨。/false/true//海盜帽,Pirate Hat/A captain's hat with a horrible skull on the front./false/true
3,Sombrero/A festively decorated hat made from woven straw./false/true//Sombrero,Sombrero/節日性的裝飾草帽/false/true//墨西哥帽,Sombrero/A festively decorated hat made from woven straw./false/true
91,Tiger Hat/Makes you look like a beautiful tiger./false/true//Tiger Hat,Tiger Hat/讓你看起來像隻漂亮的老虎。/false/true//老虎帽,Tiger Hat/Makes you look like a beautiful tiger./hide/true
2,Top Hat/A gentleman's classic./false/true//Top Hat,Top Hat/紳士的經典。/false/true//大禮帽,Top Hat/A gentleman's classic./false/true
17,Sailor's Cap/It's fresh and starchy./false/true//Sailor's Cap,Sailor's Cap/新鮮又古板/false/true//水手帽,Sailor's Cap/It's fresh and starchy./false/true
81,Deluxe Cowboy Hat/A cowboy hat with a more extreme shape./false/true//Deluxe Cowboy Hat,Deluxe Cowboy Hat/外形更加誇張的牛仔帽。/false/true//豪華牛仔帽,Deluxe Cowboy Hat/A cowboy hat with a more extreme shape./false/true
73,Magic Cowboy Hat/It's shimmering with prismatic energy/false/true/Prismatic/Magic Cowboy Hat,Magic Cowboy Hat/有五彩能量而微微發光。/false/true/Prismatic/魔法牛仔帽,Magic Cowboy Hat/It's shimmering with prismatic energy/false/true/Prismatic
65,White Turban/A fine white silk turban with blue trim./false/true//White Turban,White Turban/帶藍色鑲邊的精緻白色絲綢頭巾。/false/true//白色頭巾,White Turban/A fine white silk turban with blue trim./false/true
20,"Cool Cap/It looks really faded, but it used to be a vibrant blue./false/true//Cool Cap",Cool Cap/褪色了很多，但曾經是鮮艷的藍色。/false/true//涼帽,"Cool Cap/It looks really faded, but it used to be a vibrant blue./false/true"
40,Living Hat/It absorbs moisture from your scalp. No watering needed!/false/true//Living Hat,Living Hat/它從你的頭皮吸收水分。不需要澆水！/false/true//活的帽子,Living Hat/It absorbs moisture from your scalp. No watering needed!/false/true
41,Emily's Magic Hat/Made with love by Emily. It's 100% organic!/false/true//Emily's Magic Hat,Emily's Magic Hat/艾米麗愛心打造。100% 有機！/false/true//艾米麗的魔法帽,Emily's Magic Hat/Made with love by Emily. It's 100% organic!/false/true
11,Earmuffs/Keep your ears toasty. Lined with artisanal velvet from Castle Village./true/false//Earmuffs,Earmuffs/讓你的耳朵暖烘烘的。裝飾用的是城堡村的手工天鵝絨。/true/false//護耳,Earmuffs/Keep your ears toasty. Lined with artisanal velvet from Castle Village./true/false
66,Garbage Hat/It's a garbage can lid 'upcycled' into a hat.../true/true//Garbage Hat,Garbage Hat/垃圾桶蓋“升級改造”變為一頂帽子……/false/true//垃圾帽,Garbage Hat/It's a garbage can lid 'upcycled' into a hat.../false/true
14,Butterfly Bow/This one is very soft./true/false//Butterfly Bow,Butterfly Bow/非常柔軟。/true/false//蝴蝶結,Butterfly Bow/This one is very soft./true/false
54,Floppy Beanie/A warm hat with a looser fit./false/true//Floppy Beanie,Floppy Beanie/一種寬鬆款式的暖帽子。/hide/true//寬鬆毛線帽,Floppy Beanie/A warm hat with a looser fit./hide/true
87,Star Helmet/A red hat with stars on it./false/true//Star Helmet,Star Helmet/一頂紅帽子，上面有星星。/false/true//星星頭盔,Star Helmet/A red hat with stars on it./false/true
50,Knight's Helmet/It looks just like the real thing!/hide/true//Knight's Helmet,Knight's Helmet/看起來跟真品一模一樣！/hide/true//騎士頭盔,Knight's Helmet/It looks just like the real thing!/hide/true
9,Goblin Mask/Freak out the neighborhood with this creepy mask. Rubber ear joints for effect./true/true//Goblin Mask,Goblin Mask/此面具能夠嚇死左鄰右舍。為了效果，耳朵接合處是用橡膠做的。/true/true//哥布林面具,Goblin Mask/Freak out the neighborhood with this creepy mask. Rubber ear joints for effect./true/true
80,Bluebird Mask/Wear this to look just like your favorite island trader./hide/true//Bluebird Mask,Bluebird Mask/戴上之後看起來就像你最喜歡的姜島商人。/hide/true//藍鳥面具,Bluebird Mask/Wear this to look just like your favorite island trader./hide/true
60,Arcane Hat/The type of cowboy hat worn by a wizard./false/true//Arcane Hat,Arcane Hat/巫師戴的牛仔帽。/false/true//神秘帽,Arcane Hat/The type of cowboy hat worn by a wizard./false/true
6,Blue Bonnet/Harken back to simpler times with this prairie bonnet./false/true//Blue Bonnet,Blue Bonnet/這頂草原之帽讓人回憶起簡簡單單的舊時光。/false/true//藍色軟帽,Blue Bonnet/Harken back to simpler times with this prairie bonnet./false/true
75,Golden Helmet/It's half of a golden coconut./false/true//Golden Helmet,Golden Helmet/這是金色椰子的一半。/false/true//金色頭盔,Golden Helmet/It's half of a golden coconut./false/true
67,Golden Mask/A faithful recreation of the Calico Desert relic!/true/true//Golden Mask,Golden Mask/卡利科沙漠遺物的忠實再現！/true/true//金色面具,Golden Mask/A faithful recreation of the Calico Desert relic!/true/true
51,Squire's Helmet/The face is exposed to increase air flow./hide/true//Squire's Helmet,Squire's Helmet/臉部裸露以增加通氣性。/hide/true//護衛頭盔,Squire's Helmet/The face is exposed to increase air flow./hide/true
12,Delicate Bow/Little pink jewels glisten as you examine it./true/false//Delicate Bow,Delicate Bow/仔細一看，小小的粉色珍珠在閃閃發光。/true/false//精美蝴蝶結,Delicate Bow/Little pink jewels glisten as you examine it./true/false
22,Polka Bow/This one's sure to be turn heads./true/false//Polka Bow,Polka Bow/戴上她回頭率一定超高。/true/false//波爾卡蝴蝶結,Polka Bow/This one's sure to be turn heads./true/false
68,Propeller Hat/A goofy hat with a propeller on top./false/true//Propeller Hat,Propeller Hat/一種頂部有螺旋槳的傻瓜帽。/false/true//螺旋槳帽,Propeller Hat/A goofy hat with a propeller on top./false/true
90,Forager's Hat/It's a forager's delight./false/true//Forager's Hat,Forager's Hat/這是採集者的快樂心情。/false/true//採集者帽,Forager's Hat/It's a forager's delight./false/true
48,Pumpkin Mask/This must have been a pretty big pumpkin once.../hide/true//Pumpkin Mask,Pumpkin Mask/這東西以前肯定是個非常大的南瓜……/hide/true//南瓜面具,Pumpkin Mask/This must have been a pretty big pumpkin once.../hide/true
7,Plum Chapeau/Looks alright./false/true//Plum Chapeau,Plum Chapeau/看起來不錯。/false/true//紫紅小帽,Plum Chapeau/Looks alright./false/true
88,Sunglasses/These give you a relaxed look./true/true//Sunglasses,Sunglasses/讓你看起來很悠閒。/true/true//太陽眼鏡,Sunglasses/These give you a relaxed look./true/true
18,Good Ol' Cap/A floppy old topper with a creased bill. Looks like it's been through a lot./false/true//Good Ol' Cap,Good Ol' Cap/一頂軟塌塌的大禮帽，有一張皺巴巴的帳單。看來是一頂有故事的帽子。/false/true//老伙伴帽,Good Ol' Cap/A floppy old topper with a creased bill. Looks like it's been through a lot./false/true
82,Mr. Qi's Hat/A replica of Mr. Qi's iconic hat./false/true//Mr. Qi's Hat,Mr. Qi's Hat/Mr. Qi標誌性的帽子的仿製品。/false/true//Mr. Qi的帽子,Mr. Qi's Hat/A replica of Mr. Qi's iconic hat./false/true
30,Watermelon Band/The color scheme was inspired by the beloved summer melon./true/false//Watermelon Band,Watermelon Band/顏色搭配是受到夏日大家最愛的水果所啟發。/true/false//西瓜發卡,Watermelon Band/The color scheme was inspired by the beloved summer melon./true/false
74,Magic Turban/It's shimmering with prismatic energy/false/true/Prismatic/Magic Turban,Magic Turban/有五彩能量而微微發光。/false/true/Prismatic/魔法頭巾,Magic Turban/It's shimmering with prismatic energy/false/true/Prismatic
86,Qi Mask/???/hide/true//Qi Mask,Qi Mask/？？？/hide/true//齊氏面具,Qi Mask/???/hide/true
34,Cowpoke Hat/For dairy experts./false/true//Cowpoke Hat,Cowpoke Hat/牛奶專家所戴。/false/true//專業牛仔帽,Cowpoke Hat/For dairy experts./false/true
63,Flat Topped Hat/An old style of hat once considered very fashionable./false/true//Flat Topped Hat,Flat Topped Hat/曾經被認為非常時髦的舊式帽子。/false/true//平頂帽,Flat Topped Hat/An old style of hat once considered very fashionable./false/true
92,???/???/hide/true//???,？？？/？？？/hide/true//？？？,???/???/hide/true
45,Logo Cap/A pink cap with a sleek profile./false/true//Logo Cap,Logo Cap/前面有標誌的紅色帽子。/false/true//標誌帽,Logo Cap/A red cap with a logo on the front./false/true
31,Mouse Ears/Made from synthetic fibers./true/true//Mouse Ears,Mouse Ears/使用合成纖維打造。/true/true//老鼠耳朵,Mouse Ears/Made from synthetic fibers./true/true
32,Cat Ears/Whiskers included./true/true//Cat Ears,Cat Ears/包含貓須/true/true//貓耳,Cat Ears/Whiskers included./true/true
64,Elegant Turban/A fine black silk turban with gold trim./false/true//Elegant Turban,Elegant Turban/帶金色鑲邊的精緻黑色絲綢頭巾。/false/true//優雅頭巾,Elegant Turban/A fine black silk turban with gold trim./false/true
