FizzIntro,Hello.^^I've heard you're working on a very special challenge.^^I have the 'perfect' solution to help you out.^^Meet me in the watery cave on Ginger Island.^^-Fizz^Joja Special Services Division[#]Letter From Fizz,你好。^^我聽說你在挑戰一個很特殊的目標。^^我這裡有一個能“完美”幫到你的解決方案。^^我在姜島上有水的洞穴裡等你。^^——菲茲^Joja 特別服務部門[#]菲茲的信,New line from v1.6
DesertFestival,"Dear @,^^Tomorrow begins a 3-day festival in Calico Desert.^^With the bus back in order, we're all delighted to be able to continue this time-honored, beloved tradition.^^There will be games, free food, prizes, and much more!^^Also, two townspeople are selected each day to run a little shop, so make sure you swing by and check out what they have to offer.^^See you there!^-Lewis[#]Desert Festival Reminder",親愛的@：^^明天開始會在卡利科沙漠慶祝節日，為期 3 天。^^多虧巴士修好了，我們得以延續這個歷史悠久的傳統，大家都十分高興。^^到時候會有趣味遊戲、免費食物、豐厚獎品，活動多多！^^另外，每天會有兩位鎮上的居民負責開小商店，記得來逛逛，看看有什麼可以買的。^^期待在節日上見到你！^——路易斯[#]沙漠節提醒,New line from v1.6
MarniePetRejectedAdoption,"Dear @,^^I hope this letter finds you well.^^I know you decided against adopting a pet when I last asked. However, if you've changed your mind, I am now offering pet adoptions from my shop.^^See you around!^-Marnie[#]Pet Adoptions Letter",親愛的@：^^最近過得還順利嗎？^^上次我問你要不要領養寵物，你拒絕了。不過沒關係，我會在店裡提供寵物領養，如果你回心轉意了可以來看看。^^待會見！^——瑪妮[#]關於寵物領養的信,New line from v1.6
MarniePetAdoption,"Dear @,^^From what I can tell, you've been taking really good care of your pet! I'm really happy about that!^^But there are many sweet animals that need a home... If you're interested, I'll start offering pet adoptions at my shop.^^Just be aware that there is a licensing fee, and also that each pet will want their own outdoor pet bowl area, or else they'll be unhappy. Robin will be happy to construct additional pet bowls, for a price.^^See you soon!^-Marnie[#]Pet Adoptions Letter",親愛的@：^^據我了解，你把家裡的寵物照顧得非常好！我真的很驚喜！^^可是還是有很多可愛的動物需要一個家……我會在店裡提供寵物領養，你感興趣的話可以來看看。^^需要注意，辦理飼養證需要一定費用，並且每隻寵物都需要專屬的寵物碗區域，否則它們會不高興。寵物碗可以付費請羅賓安裝。^^待會見！^——瑪妮[#]關於寵物領養的信,New line from v1.6
GreenRainGus,"Saw the weather report last night.^^I'm not sure what will happen, but if anyone wants to take shelter in the Saloon, I'll keep it open all day.^^-Gus[#]Shelter In The Saloon",我看了昨晚的天氣預報。^^不知道會發生什麼事，我明天會全天開放酒吧，大家可以來避難。^^——格斯[#]酒吧避難所,New line from v1.6
georgeGifts,"Dear @,^^Thank you so much for the leeks. They look fresh and delicious. George will love them.^^Today, I'm going to surprise him with 12 little gift-wrapped treasures (thanks to you!). Stop by if you want to be there!^^-Evelyn^^P.S. Please accept this gift. I think you'll enjoy it!%item id (BC)246 %%[#]Evelyn's thank-you note",親愛的@：^^謝謝你送來的韭蔥，看起來新鮮而且美味。喬治會喜歡的。^^今天我要用 12 份包裝好的小禮物給他一個驚喜！（多虧有你幫忙！）你可以過來看看！^^——伊芙琳^^P.S. 請收下這份禮物，你會喜歡的！%item id （BC）246 %%[#]伊芙琳的感謝信,"Dear @,^^Thank you so much for the leeks. They look fresh and delicious. George will love them.^^Today, I'm going to surprise him with 12 little gift-wrapped treasures (thanks to you!). Stop by if you want to be there!^^-Evelyn^^P.S. Please accept this gift. I think you'll enjoy it!%item bigobject 246 %%[#]Evelyn's thank-you note"
mom1,"Dear @,^  How are you doing, sweety? I've missed you so much since you left. I hope the farming life is everything you hoped for. ^   Love, Mom.   ^   P.S. I sent your favorite cookies < %item id (O)223 1 %%[#]From Mom","親愛的 @,^寶貝，你最近過的怎麼樣？你走了我真是朝思夜想。我希望農場上的生活是你期望的那樣。^愛你的媽媽。^附：我把你最喜歡的餅乾寄給你了。 %item id （O）223 1 %%[#]媽媽的信","Dear @,^  How are you doing, sweety? I've missed you so much since you left. I hope the farming life is everything you hoped for. ^   Love, Mom.   ^   P.S. I sent your favorite cookies < %item object 223 1 %%[#]From Mom"
WillyTropicalFish,"@,^^Congrats on a successful island fishing trip. I'm proud of ya!^^Here, take this special fish tank. It'll make a great piece in your house.^^-Willy%item id (F)2312 %%[#]Willy's Tropical Challenge",@：^^祝賀你的海島釣魚之旅取得成功。為你感到驕傲！^^給，收下這個特製的魚缸。它會成為你家的一大亮點。^^——威利%item id （F）2312 %%[#]威利的熱帶挑戰,"@,^^Congrats on a successful island fishing trip. I'm proud of ya!^^Here, take this special fish tank. It'll make a great piece in your house.^^-Willy%item furniture 2312 %%[#]Willy's Tropical Challenge"
gusGiantOmelet,"Hi @,^^Thanks for the eggs.^The yolks look amazing... I think this will be my best omelet yet!^^Please accept this gift.^^-Gus%item id (BC)216 %%[#]Gus' Famous Omelet",@：^^你好。^^感謝你給的蛋。^這蛋黃看起來品質很棒……我覺得這會是我做過的最好的煎蛋卷！^^請收下這份禮物。^^——格斯%item id （BC）216 %%[#]格斯的著名煎蛋卷,"Hi @,^^Thanks for the eggs.^The yolks look amazing... I think this will be my best omelet yet!^^Please accept this gift.^^-Gus%item bigobject 216 %%[#]Gus' Famous Omelet"
Clint,"Um, Hello...     ^Sorry, I'm not good at writing letters. I made one metal bar too many, and I thought you might need it.  ^   -Clint, the blacksmith %item id (O)334 1 (O)335 1 (O)336 1 %%[#]A Gift From Clint",呃，你好……^抱歉，我不怎麼會寫信。我一不小心做多了金屬錠，或許你能用得上。 ^—鐵匠克林 %item id （O）334 1 （O）335 1 （O）336 1 %%[#]來自克林的禮物,"Um, Hello...     ^Sorry, I'm not good at writing letters. I made one metal bar too many, and I thought you might need it.  ^   -Clint, the blacksmith %item object 334 1 335 1 336 1 %%[#]A Gift From Clint"
Jodi,"Dear @,^I ordered too much fertilizer for the garden!! I bet you can put it to some good use. Take care!  ^   -Jodi %item id (O)368 5 (O)369 5 (O)370 5 %%[#]A Gift From Jodi","親愛的 @,^我給花園訂購了太多肥料了！！我想你應該用得上。請多多保重！^-喬蒂 %item id （O）368 5 （O）369 5 （O）370 5 %%[#]來自喬蒂的禮物","Dear @,^I ordered too much fertilizer for the garden!! I bet you can put it to some good use. Take care!  ^   -Jodi %item object 368 5 369 5 370 5 %%[#]A Gift From Jodi"
MSB_Lewis,"@,^I wanted to thank you for taking care of my special order. All of the hard work you've done has been a great boost to Pelican Town's image.^Here's a 'Mini-Shipping Bin' as a token of my appreciation.^Place it anywhere and I'll be sure to make a stop when I make my rounds.^^   -Lewis%item id (BC)248 %%[#]Lewis's Thank You",@：^感謝你幫我完成特別訂單。你所付出的努力極大地提升了鵜鶘鎮的形象。^給你一個“迷你出貨箱”表達我對你的感謝。^把它放在哪裡都行，輪到我巡視的時候一定會處理好的。^^——路易斯%item id （BC）248 %%[#]路易斯的感謝,"@,^I wanted to thank you for taking care of my special order. All of the hard work you've done has been a great boost to Pelican Town's image.^Here's a 'Mini-Shipping Bin' as a token of my appreciation.^Place it anywhere and I'll be sure to make a stop when I make my rounds.^^   -Lewis%item bigobject 248 %%[#]Lewis's Thank You"
Marnie,"Dear @,^You're such a good neighbor I thought I'd send over some animal feed to make your job easier. Keep it up! ^   -Marnie %item id (O)178 30 %%[#]A Gift From Marnie","親愛的 @,^你是個好鄰居，所以我想送些動物飼料給你，或許能幫得上你的忙。繼續努力吧！^-瑪妮 %item id （O）178 30 %%[#]來自瑪妮的禮物","Dear @,^You're such a good neighbor I thought I'd send over some animal feed to make your job easier. Keep it up! ^   -Marnie %item object 178 30 %%[#]A Gift From Marnie"
Emily,"Hi!^How are you doing? I hope you enjoy the gift I've sent you... Well, goodbye! +   ^   -Emily %item id (O)397 1 (O)428 1 (O)440 1 %%[#]A Gift From Emily",嗨！^你還好嗎？希望你能喜歡我給你送去的禮物……那麼，再見！^-艾米麗 %item id （O）397 1 （O）428 1 （O）440 1 %%[#]來自艾米麗的禮物,"Hi!^How are you doing? I hope you enjoy the gift I've sent you... Well, goodbye! +   ^   -Emily %item object 397 1 428 1 440 1 %%[#]A Gift From Emily"
Evelyn,"Hello there, dear,  I hope your farm is doing well.^ I'm sending you a little something from my kitchen... I hope it didn't crumble in the mail.  ^   -Evelyn  %item id (O)216 1 (O)220 1 (O)223 1 %%[#]A Gift From Evelyn",你好，親愛的，希望你的農場一切都好。^我在廚房裡做了點東西，給你寄去……但願別在信裡壓碎了。 ^-伊芙琳 %item id （O）216 1 （O）220 1 （O）223 1 %%[#]來自伊芙琳的禮物,"Hello there, dear,  I hope your farm is doing well.^ I'm sending you a little something from my kitchen... I hope it didn't crumble in the mail.  ^   -Evelyn  %item object 216 1 220 1 223 1 %%[#]A Gift From Evelyn"
Sandy,"Greetings from Calico Desert!^Come visit me soon, I'm really bored out here :(. I've included a gift from the desert. You can come and thank me in person!   ^   -Sandy %item id (O)88 1 (O)90 1 (O)218 1 %%[#]A Gift From Sandy",這是來自卡利科沙漠的問候！^趕緊來看看我吧，我在這裡好無聊：（隨信附上一份來自沙漠的禮物。你可以親自來向我道謝！^-沙蒂 %item id （O）88 1 （O）90 1 （O）218 1 %%[#]來自沙蒂的禮物,"Greetings from Calico Desert!^Come visit me soon, I'm really bored out here :(. I've included a gift from the desert. You can come and thank me in person!   ^   -Sandy %item object 88 1 90 1 218 1 %%[#]A Gift From Sandy"
Kent,"Hello, @.^This item was collecting dust in the tool shed. I figured you might be able to use it.  ^   -Kent%item id (O)286 1 (O)287 1 (O)288 1 (O)787 1 %%[#]A Gift From Kent",你好， @。^這東西一直放在工具房裡積灰。我想你也許用得上它。 ^-肯特%item id （O）286 1 （O）287 1 （O）288 1 （O）787 1 %%[#]來自肯特的禮物,"Hello, @.^This item was collecting dust in the toolshed. I figured you might be able to use it.  ^   -Kent%item object 286 1 287 1 288 1 787 1 %%[#]A Gift From Kent"
George,Found some good quality stone. ^Maybe you can build with it or something.  ^   -George %item id (O)390 35 %%[#]A Gift From George,我找到了一些優質石材。^也許你能用它建點什麼。 ^-喬治 %item id （O）390 35 %%[#]來自喬治的禮物,Found some good quality stone. ^Maybe you can build with it or something.  ^   -George %item object 390 35 %%[#]A Gift From George
Demetrius,"Dear @,^I was conducting a field study the other day, and I found this specimen. ^I hope you find it as interesting as I did.    ^   -Demetrius%item id (O)392 1 (O)394 1 (O)132 1 (O)66 1 %%[#]A Gift From Demetrius","親愛的 @,^我前幾天做了次實地考察，然後發現了這個標本。^我希望你和我一樣對它感興趣。 ^-迪馬崔斯 %item id （O）392 1 （O）394 1 （O）132 1 （O）66 1 %%[#]來自迪馬崔斯的禮物","Dear @,^I was conducting a field study the other day, and I found this specimen. ^I hope you find it as interesting as I did.    ^   -Demetrius%item object 392 1 394 1 132 1 66 1 %%[#]A Gift From Demetrius"
mom4,"Dear @,^ How are things going? You must really be making a fortune on that farm. Don't forget your dear old mother when you're a millionaire! ^  Love, Mom   ^   P.S. Enjoy the cake!%item id (O)221 1 %%[#]From Mom #4","親愛的 @,^最近過的怎麼樣啊？你一定在農場那邊賺了很多錢吧！就算變成百萬富翁也別忘記你的老媽哦！^愛你的媽媽。 ^附：好好享用蛋糕吧！%item id （O）221 1 %%[#]媽媽的信 #4","Dear @,^ How are things going? You must really be making a fortune on that farm. Don't forget your dear old mother when you're a millionaire! ^  Love, Mom   ^   P.S. Enjoy the cake!%item object 221 1 %%[#]From Mom #4"
Pam,Hey. ^I found this in a drawer somewhere. Thought you could use it.   ^   -Pam %item id (O)346 1 (O)349 1 (O)787 1 %%[#]A Gift From Pam,嘿。^我在抽屜裡找到了這個。我想你可能用得著。 ^-潘姆 %item id （O）346 1 （O）349 1 （O）787 1 %%[#]來自潘姆的禮物,Hey. ^I found this in a drawer somewhere. Thought you could use it.   ^   -Pam %item object 346 1 349 1 787 1 %%[#]A Gift From Pam
Caroline,"Dear @,^Here's a vegetable from the little garden I keep out back. You probably have more veggies than you know what to do with, but oh well.   ^   -Caroline%item id (O)190 1 (O)192 1 (O)24 1 %%[#]A Gift From Caroline","親愛的 @,^這是我在小院裡種的青菜。或許你那裡的蔬菜已經多到連你都不知該怎麼處理了，但沒關係。 ^—卡洛琳%item id （O）190 1 （O）192 1 （O）24 1 %%[#]來自卡洛琳的禮物","Dear @,^Here's a vegetable from the little garden I keep out back. You probably have more veggies than you know what to do with, but oh well.   ^   -Caroline%item object 190 1 192 1 24 1 %%[#]A Gift From Caroline"
Linus,"Hello, friend.^The mountain lake has been kind to me lately. I'd like to share my good fortune with you.  ^   -Linus %item id (O)136 1 (O)143 1 (O)202 1 (O)227 1 (O)228 1 %%[#]A Gift From Linus",你好，朋友。^最近我在山湖那裡的收穫不錯。我想和你分享這份好運。 ^-萊納斯 %item id （O）136 1 （O）143 1 （O）202 1 （O）227 1 （O）228 1 %%[#]一份來自萊納斯的禮物,"Hello, friend.^The mountain lake has been kind to me lately. I'd like to share my good fortune with you.  ^   -Linus %item object 136 1 143 1 202 1 227 1 228 1 %%[#]A Gift From Linus"
Robin,Hey there!^I had some extra wood lying around... I thought maybe you could use it. Take care!  ^   -Robin %item id (O)388 50 %%[#]A Gift From Robin,嘿，你好！^我這裡還有些剩餘的木材……你或許用得著。請多多保重！^-羅賓 %item id （O）388 50 %%[#]來自羅賓的禮物,Hey there!^I had some extra wood lying around... I thought maybe you could use it. Take care!  ^   -Robin %item object 388 50 %%[#]A Gift From Robin
Beat_PK,"Congratulations!!^^You beat 'Journey Of The Prairie King', and were randomly selected in our exclusive winner's sweepstakes! ^You've won a Prairie King Arcade System of your very own!^Now you can enjoy 'Journey Of The Prairie King' from the comfort of your own home.^^You deserve it!^-Prairie King Development Team %item id (BC)141 %%[#]P.K. Congratulations!",恭喜你！！！^^你通關了“草原之王的冒險之旅”並被我們選為特別獎勵獲得者！^你贏得了專屬於你自己的草原之王的冒險之旅遊戲系統！^現在你可以在家享受“草原之王的冒險之旅”帶來的樂趣！^^這是你的獎賞！^-草原之王的冒險之旅開發團隊 %item id （BC）141 %%[#]草原之王的冒險之旅的祝賀,"Congratulations!!^^You beat 'Journey Of The Prairie King', and were randomly selected in our exclusive winner's sweepstakes! ^You've won a Prairie King Arcade System of your very own!^Now you can enjoy 'Journey Of The Prairie King' from the comfort of your own home.^^You deserve it!^-Prairie King Development Team %item bigobject 141 %%[#]P.K. Congratulations!"
elliottLetter4,"In dreams, when graced with lofty view^I gaze upon the sunlit sea^What distant shores I've traveled to^But time now clouds my memory^^There is but one eternal place^Where I shall someday pass beyond^In Valley dear, where my love waits:^Our little home beside the pond^^-Elliott %item conversationTopic ElliottGone5 0 %%[#]Letter From My Husband 4",在夢中，當我仰望遠眺時^我凝視著陽光照耀的大海^凝視著我所走過的遙遠的海岸^但時間模糊了我的記憶^^永恆的地方只有一個^我總有一天會經過那裡^是在可愛的山谷裡，有我的愛人在等待：^我們在池塘邊的小家^^——艾略特 %item conversationTopic ElliottGone5 0 %%[#]我丈夫的信 4,"In dreams, when graced with lofty view^I gaze upon the sunlit sea^What distant shores I've travelled to^But time now clouds my memory^^There is but one eternal place^Where I shall someday pass beyond^In Valley dear, where my love waits:^Our little home beside the pond^^-Elliott %item conversationTopic ElliottGone5 0 %%[#]Letter From My Husband 4"
dad4,"Dear @,^ I know you're busy on the farm and that's why you can't visit. I understand. You've been working so hard... keep it up and you can accomplish anything! ^ Love, Dad  ^  P.S. Included some quality stone %item id (O)390 30 %%[#]From Dad #4","親愛的 @,^聽說你在農場忙的都沒辦法來探望我們，沒事我們理解的，你一直都那麼努力……世上無難事只怕有心人，加油！^愛你的爸爸 ^附：我給你寄了些很棒的石頭 %item id （O）390 30 %%[#]爸爸的信 #4","Dear @,^ I know you're busy on the farm and that's why you can't visit. I understand. You've been working so hard... keep it up and you can accomplish anything! ^ Love, Dad  ^  P.S. Included some quality stone %item object 390 30 %%[#]From Dad #4"
ClintReward2,"Um, Hello...     ^Thanks for helping me clear out more monsters.^^Maybe next time, I'll take care of them myself... if I have time!^^Take this item. I found it in the back room...^^   -Clint, the blacksmith%item id (O)286 10 (O)287 5 (O)231 3 %%[#]Clint's Alternate Thank-you",呃，你好……^謝謝你幫我清掉了更多怪物。^^也許下次我就能自己收拾它們了……如果我有空！^^給你這個，是我在裡屋找到的……^^——鐵匠克林%item id （O）286 10 （O）287 5 （O）231 3 %%[#]克林的再次感謝,"Um, Hello...     ^Thanks for helping me clear out more monsters.^^Maybe next time, I'll take care of them myself... if I have time!^^Take this item. I found it in the back room...^^   -Clint, the blacksmith%item object 286 10 287 5 231 3 %%[#]Clint's Alternate Thank-you"
Wizard,"Greetings, young adept.^I have enclosed in this package an item of arcane significance. Use it wisely.   ^   -M. Rasmodius, Wizard%item id (O)422 1 (O)82 1 (O)84 1 (O)70 1 %%[#]A Gift From the Wizard",你好，年輕的術士。^我在包裹裡裝了一隻神器。請謹慎使用。 ^--巫師M·拉斯莫迪斯%item id （O）422 1 （O）82 1 （O）84 1 （O）70 1 %%[#]來自巫師的禮物,"Greetings, young adept.^I have enclosed in this package an item of arcane significance. Use it wisely.   ^   -M. Rasmodius, Wizard%item object 422 1 82 1 84 1 70 1 %%[#]A Gift From the Wizard"
winter_18,"Dear @,^I would like to give you some information about an upcoming event: the Feast of the Winter Star. It's a time for the community to come together and think back on all the good fortune we've had this year.^A favorite tradition is the ""secret gift exchange"", where everyone in town is randomly assigned to someone else. On the day of the festival, everyone brings a gift for their secret friend and surprises them with something special!^This year, your secret friend is:^    %secretsanta ^Don't tell anyone! The feast will take place on the 25th from 9AM to 2PM at the town square. See you then! ^   -Mayor Lewis[#]Secret Gift-Giver","親愛的 @,^我想和你說一下最近的節日和盛事：冬日星盛宴。在這個節日裡我們歡聚在一起，回憶過去的一年我們的勞動成果。^我們有一項好玩的傳統 ""秘密禮物交換""，每個人都會隨機分配到一位朋友。在宴會的那天，大家都會拿出精心準備的禮物讓你的朋友大吃一驚！^今年，你的“神秘朋友”是:^%secretsanta ^別告訴任何人哦！宴會在25號的9點到2點，在鎮上的廣場舉行。不見不散！^-路易斯鎮長[#]秘密的送禮人","Dear @,^I would like to give you some information about an upcoming event: the Feast of the Winter Star. It's a time for the community to come together and think back on all the good fortune we've had this year.^A favorite tradition is the ""secret gift exchange"", where everyone in town is randomly assigned to someone else. On the day of the festival, everyone brings a gift for their secret friend and surprise them with something special!^This year, your secret friend is:^    %secretsanta ^Don't tell anyone! The feast will take place on the 25th from 10AM to 2PM at the town square. See you then! ^   -Mayor Lewis[#]Secret Gift-Giver"
mom2,"Dear @,^  It's been so long since I heard from you, dear. Things are the same as ever back home. I miss you very much. ^  Love, Mom ^ P.S. Found an envelope with some money Grandpa left for you. %item money 500 501 %%[#]From Mom #2","親愛的 @,^很久沒收到你的來信了。家裡還是和回來的時候一樣。我非常想你。^愛你的媽媽。 ^我收拾到一個裝著一些錢的信封，那是你爺爺留下來給你的。 %item money 500 501 %%[#]媽媽的信 #2","
        Dear @,^  It's been so long since I heard from you, dear. Things are the same as ever back home. I miss you very much. ^  Love, Mom ^ P.S. Found an envelope with some money Grandpa left for you. %item money 500 501 %%[#]From Mom #2"
MSB_Pierre,"Dear @,^^I guess people didn't take to 'Pierre's Prime Produce' like I'd hoped...^^Anyways, here's my old 'Mini-Shipping Bin'.^The next time you get your hands on some produce worthy of the 'Pierre's Prime' luxury brand, maybe you could have them shipped my way?^^   -Pierre%item id (BC)248 %%[#]Pierre's Prime Produce",親愛的@：^^似乎人們對我的“皮耶爾優選”不感興趣，有點失望……^^不說了。這是我以前的“迷你出貨箱”，給你。^下次你拿到配得上“皮耶爾優選”名號的產品的時候，考慮一下把它們賣到我這來？^^——皮耶爾%item id （BC）248 %%[#]皮耶爾優選,"Dear @,^^I guess people didn't take to 'Pierre's Prime Produce' like I'd hoped...^^Anyways, here's my old 'Mini-Shipping Bin'.^The next time you get your hands on some produce worthy of the 'Pierre's Prime' luxury brand, maybe you could have them shipped my way?^^   -Pierre%item bigobject 248 %%[#]Pierre's Prime Produce"
Gus,"@!^I made you a little treat this morning in the saloon. Dig in!   ^   -Your friend, Gus%item id (O)224 1 (O)213 1 (O)211 1 (O)207 1 (O)200 1 (O)195 1 (O)198 1 %%[#]A Gift From Gus",@！^今天早上我在酒吧裡給你做了些好吃的。來吃吧！^—你的朋友，格斯%item id （O）224 1 （O）213 1 （O）211 1 （O）207 1 （O）200 1 （O）195 1 （O）198 1 %%[#]來自格斯的禮物,"@!^I made you a little treat this morning in the saloon. Dig in!   ^   -Your friend, Gus%item object 224 1 213 1 211 1 207 1 200 1 195 1 198 1 %%[#]A Gift From Gus"
emilyStones,"Hi @,^^Thanks again for the wonderful gemstones.^These will be perfect for my energy re-alignment work!^I wanted to thank you with this special gift. I hope you create some wonderful items with it!^^-Emily%item id (BC)247 %%[#]Emily's Gemstones",@：^^你好。^^再次感謝你送給我的寶石，它們品質很好。^我的能量調息用這些寶石正正好好！^我想用這份特別的禮物表示我的感謝。希望你能用它做出更多好東西！^^——艾米麗%item id （BC）247 %%[#]艾米麗的寶石,"Hi @,^^Thanks again for the wonderful gemstones.^These will be perfect for my energy re-alignment work!^I wanted to thank you with this special gift. I hope you create some wonderful items with it!^^-Emily%item bigobject 247 %%[#]Emily's Gemstones"
JunimoKart,Congratulations!!^^You beat all the levels in 'JunimoKart'... you're actually the first person in the entire Ferngill Republic to do so!^Your prize: a home version of Junimo Kart!^^Have fun!^-Junimo Kart Development Team %item id (BC)159 %%[#]Junimo Kart Success!,恭喜你！！！^^你通關了，你是芬吉爾共和國第一個通過的人！^你的獎勵：一台家庭版的祝尼魔賽車！^^好好享受遊戲！^-祝尼魔賽車開發團隊 %item id （BC）159 %%[#]祝尼魔賽車通關！,Congratulations!!^^You beat all the levels in 'JunimoKart'... you're actually the first person in the entire Ferngill Republic to do so!^Your prize: a home version of Junimo Kart!^^Have fun!^-Junimo Kart Development Team %item bigobject 159 %%[#]Junimo Kart Success!
Shane,"Hey,^I thought it would be fun to send you a letter. I don't really know what to write, though.^ Here, I've enclosed a treat for you. Don't tell anyone, but I snagged this from the back room of JojaMart ages ago.^Okay, see you soon. ^   -Shane %item id (O)215 1 (O)206 1 %%[#]A Gift From Shane",嘿，^我覺得給你寫信會很有趣。雖然我其實不怎麼會寫。^我隨信附上了一個小禮物。別告訴其他人，這是很久以前我從Joja超市裡搞來的。^好了，待會見。 ^-謝恩 %item id （O）215 1 （O）206 1 %%[#]來自謝恩的禮物,"Hey,^I thought it would be fun to send you a letter. I don't really know what to write, though.^ Here, I've enclosed a treat for you. Don't tell anyone, but I snagged this from the back room of JojaMart ages ago.^Okay, see you soon. ^   -Shane %item object 215 1 206 1 %%[#]A Gift From Shane"
CF_Fish,"Dear @,^ Your angling skills surpass even my ol' Pappy's... I'm impressed. ^ This stardrop's been passed down from Willy Sr. to Willy Jr. for... oh, heck. Prob'ly a thousand years.^Seein' as I don't have any kids... I want you to have it.^^ -Willy   ^  %item id (O)434 1 %%[#]Willy's Family Heirloom","親愛的 @,^你的釣魚技術比我家老頭子還厲害啊！我很震撼。^這個星之果實從老威利傳到小威利，再傳到……哇。反正有快一千年的歷史了。^我，膝下無子……乾脆把他傳給你吧。^^-威利 ^%item id （O）434 1 %%[#]威利的傳家寶","Dear @,^ Your angling skills surpass even my ol' Pappy's... I'm impressed. ^ This stardrop's been passed down from Willy Sr. to Willy Jr. for... oh, heck. Prob'ly a thousand years.^Seein' as I don't have any kids... I want you to have it.^^ -Willy   ^  %item object 434 1 %%[#]Willy's Family Heirloom"
