133,"Building/Feeding Animals/Robin, the local carpenter, lives north of town. In exchange for raw materials and money, she'll construct new buildings on your farm. If you build a silo, you can start harvesting your own grass with the scythe, and store it to feed your animals./Build a Silo./Silo/-1/100/-1/true",Building/餵養動物/羅賓是這裡的木匠，她住在小鎮的北邊。你可以給她錢和原材料，讓她建造新的農場建築。等你建好筒倉，就可以用鐮刀收割農場上的草，然後存起來餵養動物。/建造筒倉。/Silo/-1/100/-1/true,New line from v1.6
132,"ItemHarvest/Getting Started/If you want to become a farmer, you have to start with the basics. Feed your chickens each day by letting them eat grass outside, or by placing hay into their troughs. Once they are mature, harvest an egg!/Harvest an egg from your chickens./-5/h8 133/100/-1/true",ItemHarvest/新手入門/要想成為農場主，先要做好最基礎的工作。每天都要記得餵雞，可以放它們出來吃草，也可以把乾草放到飼料槽裡。等雞成熟了，就可以收穫蛋了！/收穫一個雞下的蛋。/-5/h8 133/100/-1/true,New line from v1.6
131,Fishing/Willy's Challenge/Willy has challenged you to catch 3 Sandfish./Catch 3 Sandfish./-1/-1/0/-1/false,Fishing/威利的挑戰/威利提出挑戰，要你釣 3 條沙魚。/釣 3 條沙魚。/-1/-1/0/-1/false,New line from v1.6
134,"Basic/The Giant Stump/The big tree to the south of my farm blew down. With 100 hardwood, I could turn the stump into something interesting.../Fix up the giant stump./-1/-1/0/-1/false",Basic/大樹樁/農場南邊的大樹被颳倒了。如果有 100 塊硬木，我可以把樹樁修成有趣的東西……/修復大樹樁。/-1/-1/0/-1/false,New line from v1.6
105,ItemDelivery/Knee Therapy/George needs a hot pepper to soothe his aching knee./Bring George a Hot Pepper./George (O)260/-1/200/-1/true/Took you long enough... hmmph... Well it's good and spicy at least. Thanks.,ItemDelivery/膝蓋療養/喬治需要一個辣椒來給膝蓋鎮痛。/帶給喬治一個辣椒。/George 260/-1/200/-1/true/花了不少時間啊……嗯……不過質量和辣味都還不錯。謝謝你啊。,ItemDelivery/Knee Therapy/George needs a hot pepper to soothe his aching knee./Bring George a Hot Pepper./George 260/-1/200/-1/true/Took you long enough... hmmph... Well it's good and spicy at least. Thanks.
119,"ItemDelivery/A Soldier's Star/Kent wants to give his wife a starfruit for their anniversary./Bring Kent a Starfruit./Kent (O)268/-1/500/-1/true/Hey. Shhh... Don't let Jodi see.#$b#Ah, this looks juicy. She'll love it. Thank you so much.$h",ItemDelivery/士兵的星星/肯特想送一個楊桃給妻子當結婚紀念禮物。/帶給肯特一個楊桃。/Kent 268/-1/500/-1/true/嘿。噓……別讓喬蒂看見。#$b#啊，看起來多汁美味。她會喜歡的。太感謝你了。$h,"ItemDelivery/A Soldier's Star/Kent wants to give his wife a starfruit for their anniversary./Bring Kent a Starfruit./Kent 268/-1/500/-1/true/Hey. Shhh... Don't let Jodi see.#$b#Ah, this looks juicy. She'll love it. Thank you so much.$h"
115,"ItemDelivery/Fresh Fruit/Emily wants a taste of spring. She's asking for a fresh apricot./Bring Emily an Apricot./Emily (O)634/-1/600/-1/true/Oh... You followed through! Thanks, this looks delicious!$h",ItemDelivery/新鮮水果/艾米麗想嚐嚐春天的味道。她想要一個新鮮的杏桃。/帶給艾米麗一個杏桃。/Emily 634/-1/600/-1/true/噢…………你真做到了！謝謝了，看起來很好吃！$h,"ItemDelivery/Fresh Fruit/Emily wants a taste of spring. She's asking for a fresh apricot./Bring Emily an Apricot./Emily 634/-1/600/-1/true/Oh... You followed through! Thanks, this looks delicious!$h"
118,"ItemDelivery/Aquatic Research/Demetrius is studying the toxin levels of the local pufferfish. He'd like you to bring him one./Bring Demetrius a Pufferfish./Demetrius (O)128/-1/1000/-1/true/There you are. The specimen looks perfect. I'm going to get it on ice straight away. Thanks, @!",ItemDelivery/水產調查/迪馬崔斯正在調查本地河豚的毒性。他希望你給他拿一條。/帶給迪馬崔斯一條河豚。/Demetrius 128/-1/1000/-1/true/你來了。這個樣品看起來很不錯。我會馬上把它冰起來。非常感謝， @！,"ItemDelivery/Aquatic Research/Demetrius is studying the toxin levels of the local pufferfish. He'd like you to bring him one./Bring Demetrius a Pufferfish./Demetrius 128/-1/1000/-1/true/There you are. The specimen looks perfect. I'm going to get it on ice straight away. Thanks, @!"
12,"ItemHarvest/Smelting/Now that you've built a furnace, you can smelt some metal. According to Clint's instructions, if you place 5 copper ore and 1 piece of coal in the furnace, it should produce a copper bar./Use your furnace to smelt a Copper Bar./(O)334 1/-1/0/-1/true",ItemHarvest/打鐵/你的熔爐既然打造好了，那麼就可以開始打鐵了。根據克林的指示，放置5塊銅礦石和1塊煤炭進熔爐，應該就能生產出銅錠。/使用熔爐打出一個銅錠。/334 1/-1/0/-1/true,"ItemHarvest/Smelting/Now that you've built a furnace, you can smelt some metal. According to Clint's instructions, if you place 5 copper ore and 1 piece of coal in the furnace, it should produce a copper bar./Use your furnace to smelt a Copper Bar./334 1/-1/0/-1/true"
108,"ItemDelivery/Carving Pumpkins/Caroline wants to carve a pumpkin with her daughter. She asked you to bring her one from the farm./Bring Caroline a pumpkin./Caroline (O)276/-1/500/-1/true/Oh, the pumpkin! It's a good one... Abigail will be so happy when she sees this. Thanks, @!$h",ItemDelivery/雕刻南瓜/卡洛琳想為她的女兒刻一個南瓜頭。她請你從農場帶給她一個。/帶給卡洛琳一個南瓜。/Caroline 276/-1/500/-1/true/哦，是南瓜！長得也不錯……阿比蓋爾看到了一定會很開心。非常感謝， @！$h,"ItemDelivery/Carving Pumpkins/Caroline wants to carve a pumpkin with her daughter. She asked you to bring her one from the farm./Bring Caroline a pumpkin./Caroline 276/-1/500/-1/true/Oh, the pumpkin! It's a good one... Abigail will be so happy when she sees this. Thanks, @!$h"
126,"ItemDelivery/Errand for your Wife/Your wife asked you to bring her 200 pieces of fiber for a secret project./Bring Emily 200 fiber./Emily (O)771 200/-1/0/-1/false/Oh, this looks perfect... and it's sustainably sourced, too! Thanks so much, @.$h#$b#Now, I've got my work cut out for me. It'll be a few more days before it's ready...",ItemDelivery/妻子的差事/你的妻子讓你為她的秘密工程帶200份纖維。/給艾米麗帶200份纖維。/Emily 771 200/-1/0/-1/false/哦，這看起來很不錯……而且來源還是有機的！非常感謝，@。$h#$b#現在，我要做事了，要花個幾天時間才能完成……,"ItemDelivery/Errand for your Wife/Your wife asked you to bring her 200 pieces of fiber for a secret project./Bring Emily 200 fiber./Emily 771 200/-1/0/-1/false/Oh, this looks perfect... and it's sustainably sourced, too! Thanks so much, @.$h#$b#Now, I've got my work cut out for me. It'll be a few more days before it's ready..."
109,"ItemDelivery/Catch A Squid/Willy is challenging you to catch a squid. He says you can fish them from the ocean on winter nights./Bring Willy a squid./Willy (O)151/-1/800/-1/true/Hey, you did it! Not bad. Not bad at all. I'm impressed.#$b#Winter's a good time to break out the old fishing rod, isn't it?",ItemDelivery/捕條魷魚/威利向你發起了捕魷魚的挑戰。他告訴你可以在冬夜的海裡找到它們。/帶給威利一條魷魚。/Willy 151/-1/800/-1/true/你還真打開了欸！不錯。真不錯。你還真行啊。#$b#冬天很適合拿出老釣竿釣魚，不是嗎？,"ItemDelivery/Catch A Squid/Willy is challenging you to catch a squid. He says you can fish them from the ocean on winter nights./Bring Willy a squid./Willy 151/-1/800/-1/true/Hey, you did it! Not bad. Not bad at all. I'm impressed.#$b#Winter's a good time to break out the old fishing rod, isn't it?"
101,"ItemDelivery/Jodi's Request/Jodi needs a fresh cauliflower for a recipe she's making. She's asking you to bring her one./Bring Jodi a cauliflower./Jodi (O)190/-1/350/-1/true/Oh, that looks so delicious! Thank you, this is just what I wanted. It's going to be perfect for my yellow curry.",ItemDelivery/喬蒂的請求/喬蒂需要用一株新鮮的花椰菜做菜。她讓你帶給她一株。/帶給喬蒂一株花椰菜。/Jodi 190/-1/350/-1/true/哦，看起來很美味！謝謝你，我正需要這個。用它來做黃咖哩簡直完美。,"ItemDelivery/Jodi's Request/Jodi needs a fresh cauliflower for a recipe she's making. She's asking you to bring her one./Bring Jodi a cauliflower./Jodi 190/-1/350/-1/true/Oh, that looks so delicious! Thank you, this is just what I wanted. It's going to be perfect for my yellow curry."
129,"SecretLostItem/.../.../.../Caroline (O)191 50 128/-1/0/-1/false/What's this? My old necklace?$s#$b#That's strange, I didn't even notice it was missing... Well, thanks for bringing it back, @.$h",SecretLostItem/……/……/……/Caroline 191 50 128/-1/0/-1/false/這是什麼？我的舊項鍊？$s#$b#真奇怪，我都沒注意到弄丟了……嗯，謝謝你把它還回來，@。$h,"SecretLostItem/.../.../.../Caroline 191 50 128/-1/0/-1/false/What's this? My old necklace?$s#$b#That's strange, I didn't even notice it was missing... Well, thanks for bringing it back, @.$h"
102,"LostItem/Mayor's ""Shorts""/Mayor Lewis has lost his purple ""shorts"". He's asking you to find and return them... Discreetly./Find and return Mayor Lewis' purple shorts./Lewis (O)789 AnimalShop 13 7/-1/750/-1/true/You found them... where? ...Oh!...Uhmm...Heh.#$b#There? I have no idea how they could've gotten there...*cough*#$b#This stays between you and me. Got it?$u","LostItem/鎮長的 “短褲”/路易斯鎮長找不到他的紫色 ""短褲"" 了。他託你悄悄地去找到後還給他……/找到並交還路易斯鎮長的紫色短褲。/Lewis 789 AnimalShop 13 7/-1/750/-1/true/你找到了……在哪找到的？……噢！……呃……嘿。#$b#在那裡？我也不知道它怎麼會跑到那裡……*咳嗽*#$b#這件事天知地知你知我知。懂了嗎？$u","LostItem/Mayor's ""Shorts""/Mayor Lewis has lost his purple ""shorts"". He's asking you to find and return them... Discreetly./Find and return Mayor Lewis' purple shorts./Lewis 789 AnimalShop 13 7/-1/750/-1/true/You found them... where? ...Oh!...Uhmm...Heh.#$b#There? I have no idea how they could've gotten there...*cough*#$b#This stays between you and me. Got it?$u"
123,"ItemDelivery/Staff Of Power/The Wizard is creating a staff of phenomenal power. Who knows what it's for. He needs an iridium bar to finish it./Bring Wizard an Iridium Bar./Wizard (O)337/-1/5000/-1/true/Ah, precious iridium. You've done well, @. You have my gratitude. Now, leave.",ItemDelivery/力量法杖/巫師正在製作一把擁有驚人力量的法杖。沒人知道這是幹什麼用的。他還差一個銥錠才能製作完成。/帶給巫師一個銥錠。/Wizard 337/-1/5000/-1/true/啊，珍貴的銥。你做的不錯 ，@。我很感激。現在請你離開。,"ItemDelivery/Staff Of Power/The Wizard is creating a staff of phenomenal power. Who knows what it's for. He needs an iridium bar to finish it./Bring Wizard an Iridium Bar./Wizard 337/-1/5000/-1/true/Ah, precious iridium. You've done well, @. You have my gratitude. Now, leave."
100,"LostItem/Robin's Lost Axe/Robin lost her favorite axe. The last time she remembers using it, she was cutting wood south of Marnie's ranch./Find Robin's lost axe./Robin (O)788 Forest 110 81/-1/250/-1/true/Hey, you found my axe! What a relief... I almost chopped my toe off with the other one I was using. Thank you!",LostItem/羅賓遺失的斧頭/羅賓弄丟了她最珍愛的斧頭。她記得上次用它時，是在瑪妮牧場的南邊伐木。/找到羅賓遺失的斧頭。/Robin 788 Forest 110 81/-1/250/-1/true/嘿，你找到我的斧頭了！這我就放心了……另一把斧頭我用不慣，差點砍了自己的腳趾。非常感謝！,"LostItem/Robin's Lost Axe/Robin lost her favorite axe. The last time she remembers using it, she was cutting wood south of Marnie's ranch./Find Robin's lost axe./Robin 788 Forest 110 81/-1/250/-1/true/Hey, you found my axe! What a relief... I almost chopped my toe off with the other one I was using. Thank you!"
103,"ItemDelivery/Pam Is Thirsty/Pam is hankerin' for a pale ale. Regular old beer won't do. You can brew one yourself if you have hops and a keg./Bring Pam a pale ale./Pam (O)303/-1/350/-1/true/Gimme that. *slurp*... Ahh, that's the stuff.#$b#It's real nice and hoppy... notes of citrus and pine, but with a robust body to keep it grounded.#$b#Thanks, kid. This means a lot to me. I knew I could count on you.$h",ItemDelivery/潘姆渴了/潘姆想喝淡啤酒。普通的老啤酒不會有用的。如果你有啤酒花和釀造桶，就可以自己釀一杯了。/帶給潘姆一瓶淡啤酒。/Pam 303/-1/350/-1/true/快給我。*咕嚕*……啊，就是這個口感。#$b#好喝又上癮……隱約有柑橘和鳳梨的清香，但香濃的酒味保證了味道的和諧。#$b#謝謝，孩子。這對我意義非凡。我就知道你靠得住。$h,"ItemDelivery/Pam Is Thirsty/Pam is hankerin' for a pale ale. Regular old beer won't do. You can brew one yourself if you have hops and a keg./Bring Pam a pale ale./Pam 303/-1/350/-1/true/Gimme that. *slurp*... Ahh, that's the stuff.#$b#It's real nice and hoppy... notes of citrus and pine, but with a robust body to keep it grounded.#$b#Thanks, kid. This means a lot to me. I knew I could count on you.$h"
104,ItemDelivery/Crop Research/Demetrius needs a fresh melon for his research./Bring Demetrius a melon./Demetrius (O)254/-1/550/-1/true/This is perfect! It's just what I need for my research. It's going to be hard not to eat it! Thanks a bunch.,ItemDelivery/作物研究/迪馬崔斯需要一個新鮮的甜瓜做實驗。/帶給迪馬崔斯一個甜瓜。/Demetrius 254/-1/550/-1/true/太完美了！我正要用它做實驗。忍不住想吃掉它啊！十分感謝。,ItemDelivery/Crop Research/Demetrius needs a fresh melon for his research./Bring Demetrius a melon./Demetrius 254/-1/550/-1/true/This is perfect! It's just what I need for my research. It's going to be hard not to eat it! Thanks a bunch.
121,"ItemDelivery/Wanted: Lobster/Gus put out a notice requesting a fresh lobster./Bring Gus a Lobster./Gus (O)715/-1/800/-1/true/Something smells like fresh lobster. Oh, that's good.$h#$b#Take care, friend.",ItemDelivery/徵集：龍蝦子/格斯發通知說他想要一隻新鮮龍蝦子。/帶給格斯一隻龍蝦子。/Gus 715/-1/800/-1/true/好像聞到了龍蝦子的味道。哦，真是太好了。$h#$b#多保重，朋友。,"ItemDelivery/Wanted: Lobster/Gus put out a notice requesting a fresh lobster./Bring Gus a Lobster./Gus 715/-1/500/-1/true/Something smells like fresh lobster. Oh, that's good.$h#$b#Take care, friend."
11,"Crafting/Forging Ahead/If you're going to keep mining, you should build a furnace./Craft a Furnace./(BC)13/12/0/-1/true",Crafting/開始鑄造/如果你想要繼續採礦，就需要建造一個熔爐。/打造一個熔爐。/13 true/12/0/-1/true,"Crafting/Forging Ahead/If you're going to keep mining, you should build a furnace./Craft a Furnace./13 true/12/0/-1/true"
112,"ItemDelivery/A Favor For Clint/Clint got a new hammer and he wants to test it out on a variety of metals./Bring Clint an Iron Bar./Clint (O)335/-1/500/-1/true/Hey, it's the iron bar I asked for. It looks strong... perfect.#$b#Thanks, @. I appreciate this.",ItemDelivery/克林的小忙/克林弄了把新錘子，他想用不同的金屬試試手感。/帶給克林一個鐵錠。/Clint 335/-1/500/-1/true/嘿，是我要的鐵錠。看起來硬度……正好。#$b#非常感謝。 @。我十分感激。,"ItemDelivery/A Favor For Clint/Clint got a new hammer and he wants to test it out on a variety of metals./Bring Clint an Iron Bar./Clint 335/-1/500/-1/true/Hey, it's the iron bar I asked for. It looks strong... perfect.#$b#Thanks, @. I appreciate this."
116,"ItemDelivery/Granny's Gift/Evelyn wants to surprise her husband with a gift./Bring Evelyn a Leek./Evelyn (O)20/-1/500/-1/true/Oh, thank you, dear. This leek looks delicious. George will be so happy.#$b#He loves when I make eggs with leeks for breakfast.",ItemDelivery/奶奶的禮物/伊芙琳想給她丈夫一個驚喜的禮物。/帶給伊芙琳一根韭蔥。/Evelyn 20/-1/500/-1/true/哦，謝謝你，親愛的。這韭蔥看起來很可口。喬治會很高興的。#$b#他早餐最喜歡吃韭蔥炒雞蛋了。,"ItemDelivery/Granny's Gift/Evelyn wants to surprise her husband with a gift./Bring Evelyn a Leek./Evelyn 20/-1/500/-1/true/Oh, thank you, dear. This leek looks delicious. George will be so happy.#$b#He loves when I make eggs with leeks for breakfast."
128,"SecretLostItem/.../.../.../Abigail (O)191 100 129/-1/0/-1/false/That necklace! Where did you find it?$7#$b#Well, thanks for bringing it to me, @. My mom will never know...$h",SecretLostItem/……/……/……/Abigail 191 100 129/-1/0/-1/false/那條項鍊！你在哪裡找到的？$7#$b#啊，謝謝你把它還給我，@。希望我媽不要知道這事……$h,"SecretLostItem/.../.../.../Abigail 191 100 129/-1/0/-1/false/That necklace! Where did you find it?$7#$b#Well, thanks for bringing it to me, @. My mom will never know...$h"
111,"ItemDelivery/A Dark Reagent/The wizard wants you to descend into the mines and fetch him a Void Essence. He needs it for some kind of dark magic./Bring Wizard a Void Essence./Wizard (O)769/-1/1000/-1/true/Ah, you've brought it. You've earned my gratitude, and a 1000g reward. Now go.",ItemDelivery/黑暗試劑/巫師想讓你下礦井找一個虛空精華給他。他要用來準備一種黑暗魔法。/帶給巫師一個虛空精華。/Wizard 769/-1/1000/-1/true/啊，你拿過來了。我很感激，這是1000G的報酬。不過現在請你離開。,"ItemDelivery/A Dark Reagent/The wizard wants you to descend into the mines and fetch him a Void Essence. He needs it for some kind of dark magic./Bring Wizard a Void Essence./Wizard 769/-1/1000/-1/true/Ah, you've brought it. You've earned my gratitude, and a 1000g reward. Now go."
122,"ItemDelivery/Pam Needs Juice/Pam's TV Remote is dead. She's having a tough time going back and forth between the couch and the TV dial./Bring Pam a Battery Pack./Pam (O)787/-1/400/-1/true/Hey, you pulled through with the battery pack! Thanks, kid... You're a life-saver!$h",ItemDelivery/潘姆需要電池/潘姆的電視遙控器沒電了。她在沙發和電視控制面板之間來來回回地走太累了。/帶給潘姆一個電池組。/Pam 787/-1/400/-1/true/嘿，你真的弄到了電池組！謝謝你，孩子……你真是我的救星！$h,"ItemDelivery/Pam Needs Juice/Pam's TV Remote is dead. She's having a tough time going back and forth between the couch and the TV dial./Bring Pam a Battery Pack./Pam 787/-1/400/-1/true/Hey, you pulled through with the battery pack! Thanks, kid... You're a life-saver!$h"
110,"ItemDelivery/Clint's Attempt/Clint wants you to give Emily an amethyst. He wants you to tell her it's from him./Bring Emily an Amethyst./Emily (O)66/-1/0/-1/true/Oh, my favorite stone! You're so sweet!$h#$b#Huh? It's from who?$u#$b#Oh, you got it at Clint's? Well I don't care where you got it from, it's beautiful! Thank you! *smooch*$h",ItemDelivery/克林的努力/克林想讓你送一個紫水晶給艾米麗。並告知她是他送的。/帶給艾米麗一個紫水晶。/Emily 66/-1/0/-1/true/哦，我最喜歡的晶石！你真是太好了！$h#$b#欸？你說是誰送的？$u#$b#哦，是從克林那裡拿的？算了我也不管你從哪拿的，這真的很漂亮！謝謝你！*輕吻*。$h,"ItemDelivery/Clint's Attempt/Clint wants you to give Emily an amethyst. He wants you to tell her it's from him./Bring Emily an Amethyst./Emily 66/-1/0/-1/true/Oh, my favorite stone! You're so sweet!$h#$b#Huh? It's from who?$u#$b#Oh, you got it at Clint's? Well I don't care where you got it from, it's beautiful! Thank you! *smooch*$h"
114,"ItemDelivery/Fish Stew/Gus wants to make fish stew, but he needs an albacore./Bring Gus an Albacore./Gus (O)705/-1/400/-1/true/*sniff*...*sniff*... What's that? Something smells like albacore!#$b#Aha! You brought it! Thanks a million!",ItemDelivery/燴魚湯/格斯要做燴魚湯，但他需要一條鯖魚。/帶給格斯一條鯖魚。/Gus 705/-1/400/-1/true/……*吸氣*……*吸氣*……這個味道是？聞起來像是鯖魚啊！#$b#啊哈！你真拿來了！萬分感謝！,"ItemDelivery/Fish Stew/Gus wants to make fish stew, but he needs an albacore./Bring Gus an Albacore./Gus 705/-1/400/-1/true/*sniff*...*sniff*... What's that? Something smells like albacore!#$b#Aha! You brought it! Thanks a million!"
125,"ItemDelivery/Exotic Spirits/Gus wants to make a Coco-no-no, but he's missing the main ingredient./Bring Gus a Coconut./Gus (O)88/-1/600/-1/true/Coconut! Now there's a soothing sight for my winter eyes.$h#$b#It's going to be perfect for my coco-no-no. Thanks!",ItemDelivery/異域飲品/格斯想作椰子奶酒，但還差一個主要素材。/帶給格斯一個椰子。/Gus 88/-1/600/-1/true/椰子！這個冬天總算見到些好事了。$h#$b#這個用來做椰子奶酒再合適不過了。,"ItemDelivery/Exotic Spirits/Gus wants to make a Coco-no-no, but he's missing the main ingredient./Bring Gus a Coconut./Gus 88/-1/600/-1/true/Coconut! Now there's a soothing sight for my winter eyes.$h#$b#It's going to be perfect for my coco-no-no. Thanks!"
8,"Crafting/Advancement/As you gain experience, you'll discover new crafting recipes to increase profit and make life easier. A scarecrow, for example, will prevent crows from snacking on your precious crops./Reach Farming level 1 and craft a scarecrow./(BC)8/-1/100/-1/true",Crafting/進階/隨著你的經驗增長，你會發現新的配方可用於增加收入和改善生活。比如說稻草人可以防止烏鴉來偷吃你的珍貴農作物。/達到耕種1級，打造一個稻草人。/8 true/-1/100/-1/true,"Crafting/Advancement/As you gain experience, you'll discover new crafting recipes to increase profit and make life easier. A scarecrow, for example, will prevent crows from snacking on your precious crops./Reach Farming level 1 and craft a scarecrow./8 true/-1/100/-1/true"
120,ItemDelivery/Mayor's Need/Mayor Lewis wants truffle oil. He won't explain what it's for. Maybe it's none of your business./Bring Lewis a bottle of Truffle Oil./Lewis (O)432/-1/750/-1/true/You got the oil? Let me see...#$b#It's high quality... very slick. Great. Thank you.,ItemDelivery/鎮長的需求/路易斯鎮長想要一瓶松露油。他沒說是用來做什麼的。也許你不該多管閒事。/帶給路易斯鎮長一瓶松露油。/Lewis 432/-1/750/-1/true/你把油拿來了？讓我看看……#$b#品質很好嘛……十分順滑。非常好。謝謝。,ItemDelivery/Mayor's Need/Mayor Lewis wants truffle oil. He won't explain what it's for. Maybe it's none of your business./Bring Lewis a bottle of Truffle Oil./Lewis 432/-1/750/-1/true/You got the oil? Let me see...#$b#It's high quality... very slick. Great. Thank you.
113,"ItemDelivery/Robin's Request/Robin wrote to you asking for some hardwood./Bring Robin 10 pieces of Hardwood./Robin (O)709 10/-1/500/-1/true/Oh, you brought it! I know I can always count on you, @.$h#$b#Mmhmm... This wood is perfect. It's exactly what I need. Thanks!",ItemDelivery/羅賓的請求/羅賓來信向你要些硬木。/帶給羅賓10塊硬木。/Robin 709 10/-1/500/-1/true/哦，你帶來了！我就知道可以拜託你。 @。$h#$b#嗯……這木材正合適。就是我所需要的。謝謝！,"ItemDelivery/Robin's Request/Robin wrote to you asking for some hardwood./Bring Robin 10 pieces of Hardwood./Robin 709 10/-1/500/-1/true/Oh, you brought it! I know I can always count on you, @.$h#$b#Mmhmm... This wood is perfect. It's exactly what I need. Thanks!"
107,"LostItem/Blackberry Basket/It's blackberry season, but Linus can't find his basket! He's asking you to help him find it. He has no idea where it is./Find Linus' basket and return it to him./Linus (O)790 Backwoods 27 27/-1/0/-1/true/My basket! Thank you. This means a lot to me.$h",LostItem/黑莓籃子/又到了黑莓生長的季節，但萊納斯找不到他的籃子了！他請你幫他找找。他也不知道丟在了哪裡。/找到萊納斯的籃子並歸還。/Linus 790 Backwoods 27 27/-1/0/-1/true/我的籃子！謝謝。這對我意義非凡。$h,"LostItem/Blackberry Basket/It's blackberry season, but Linus can't find his basket! He's asking you to help him find it. He has no idea where it is./Find Linus' basket and return it to him./Linus 790 Backwoods 27 27/-1/0/-1/true/My basket! Thank you. This means a lot to me.$h"
106,"ItemDelivery/Cow's Delight/Marnie wants to give her cows a special treat. She's asking for a single bunch of amaranth./Bring Marnie one bunch of amaranth./Marnie (O)300/-1/500/-1/true/Oh, the amaranth I asked for! Thank you so much... my cows are going to love this!$h",ItemDelivery/討牛歡心/瑪妮想給她的乳牛一份特殊獎勵。她需要一捆莧菜。/帶給瑪妮一捆莧菜。/Marnie 300/-1/500/-1/true/哦，是我要的莧菜！太感謝你了……我的牛一定會喜歡的！$h,"ItemDelivery/Cow's Delight/Marnie wants to give her cows a special treat. She's asking for a single bunch of amaranth./Bring Marnie one bunch of amaranth./Marnie 300/-1/500/-1/true/Oh, the amaranth I asked for! Thank you so much... my cows are going to love this!$h"
16,Location/Initiation/You successfully dispatched 10 slimes. Now you can enter the Adventurer's Guild./Enter the Adventurer's Guild./AdventureGuild/-1/0/-1/false,Location/入門/你成功消滅了10隻史萊姆。你現在可以進入探險家公會了。/進入探險家公會。/AdventureGuild/-1/0/-1/false,Location/Initiation/You sucessfully dispatched 10 slimes. Now you can enter the Adventurer's Guild./Enter the Adventurer's Guild./AdventureGuild/-1/0/-1/false
117,"ItemDelivery/Pierre's Notice/Pierre will pay ""top coin"" to whoever brings him a plate of sashimi. Apparently he's really craving the stuff./Bring Pierre some Sashimi./Pierre (O)227/-1/1000/-1/true/It's about time! I was starting to get the shakes, I wanted this fish so bad. *munch*... Mmm, now that's good.#$b#Thanks, @.$h","ItemDelivery/皮耶爾的布告/皮耶爾會給帶給他一盤生魚片的人 ""上等報酬"" 。很明顯，他十分想吃生魚片啊。/帶給皮耶爾一份生魚片。/Pierre 227/-1/1000/-1/true/是時候了！我都快等不及了，太想要吃生魚片了。*嚼*……嗯，太滿足了。#$b#非常感謝。 @。$h","ItemDelivery/Pierre's Notice/Pierre will pay ""top coin"" to whoever brings him a plate of sashimi. Apparently he's really craving the stuff./Bring Pierre some Sashimi./Pierre 227/-1/1000/-1/true/It's about time! I was starting to get the shakes, I wanted this fish so bad. *munch*... Mmm, now that's good.#$b#Thanks, @.$h"
124,"ItemDelivery/Catch a Lingcod/Willy is challenging you to catch a Lingcod./Bring Willy a Lingcod./Willy (O)707/-1/550/-1/true/Hey, that's a real lunker! You've certainly got the angler's blood in you.$h",ItemDelivery/捕撈長蛇齒單線魚/威利挑戰你抓一條長蛇齒單線魚。/帶給威利一條長蛇齒單線魚。/Willy 707/-1/550/-1/true/嘿，這傢伙真大啊！你真是有垂釣的天賦啊。$h,"ItemDelivery/Catch a Lingcod/Willy is challenging you to catch a Lingcod./Bring Willy a Lingcod./Willy 707/-1/550/-1/true/Hey, that's a real lunker! You've certainly got the angler's blood in you.$h"
6,"ItemHarvest/Getting Started/If you want to become a farmer, you have to start with the basics. Use your hoe to till the soil, then use a seed packet on the tilled soil to sow a crop. Water every day until the crop is ready for harvest./Cultivate and harvest a parsnip./(O)24/h7 8/100/-1/true",ItemHarvest/開始/想要成為農夫，就要從基本開始學習。使用你的鋤頭鋤松泥土，然後在泥土上使用種子袋以播種。每天澆水直到農作物成熟為止。/播種並收割防風草。/24/h7 8/100/-1/true,"ItemHarvest/Getting Started/If you want to become a farmer, you have to start with the basics. Use your hoe to till the soil, then use a seed packet on the tilled soil to sow a crop. Water every day until the crop is ready for harvest./Cultivate and harvest a parsnip./24/h7 8/100/-1/true"
