27,"My dear grandchild,^By the time you find this note, I expect you'll have been living in the valley for quite some time. I hope things are going well!^I'm honored that you're continuing the family tradition of farming, and through that noble endeavor, bringing greater life and abundance to all of Stardew Valley... a place very dear to my heart.^Keep up the good work!^^-Grandpa^^P.S. ...I've hidden a very special secret for you somewhere in the valley. You might think of it as a compendium of my greatest discoveries. Someday, when you're ready, you'll find it.",親愛的孩子：^你找到這張紙條的時候，想必已經在星露谷住了很長一段時間了吧。希望你的生活一切順利！^星露谷對我來說是一個很親切的地方……你能繼承家裡耕種的傳統，用樸素的行動給這裡帶來生機和富饒，我感到非常光榮。^繼續加油吧！^^——爺爺^^P.S. ……我在山谷的某個地方給你留了一個特別的秘密，那裡匯集了我找到的最厲害的東西。等你準備好的時候，自然會找到的。,New line from v1.6
26,"Ancient Farming Secrets, line 37:^^There's no better helper than a raisin-fed Junimo...^^",《古代農耕秘辛》第 37 行：^^餵祝尼魔吃葡萄乾，它們幹起活來可帶勁了……^^,New line from v1.6
1,"It's a page from Abigail's Diary^^'Things I love: the smell of carved pumpkin, keeping an amethyst under my pillow, chocolate cake, the thrill of spicy eel, and the comfort of Mom's blackberry cobbler (I like to eat!)'%revealtaste:Abigail:276%revealtaste:Abigail:66%revealtaste:Abigail:220%revealtaste:Abigail:226%revealtaste:Abigail:611",這是阿比蓋爾日記中的一頁^^“我喜歡的事物：雕刻南瓜的香氣、在我的枕頭下放塊紫水晶、巧克力蛋糕、香辣鰻魚的刺激，以及媽媽做的黑莓脆皮餅帶來的慰藉（我愛吃！）”%revealtaste:Abigail:276%revealtaste:Abigail:66%revealtaste:Abigail:220%revealtaste:Abigail:226%revealtaste:Abigail:611,"It's a page from Abigail's Diary^^'Things I love: the smell of carved pumpkin, keeping an amethyst under my pillow, chocolate cake, the thrill of spicy eel, and the comfort of Mom's blackberry cobbler (I like to eat!)'%revealtasteAbigail276%revealtasteAbigail66%revealtasteAbigail220%revealtasteAbigail226%revealtasteAbigail611"
3,"It's written in Leah's handwriting^^My idea of a perfect dinner would be salad, goat cheese, truffle, and wine. For dessert I'd need a poppyseed muffin. Yum! If someone gave me one of those things, I'd melt.%revealtaste:Leah:196%revealtaste:Leah:426%revealtaste:Leah:430%revealtaste:Leah:348%revealtaste:Leah:651",這是莉亞的筆跡寫的。^^我對完美晚餐的構想是沙拉、山羊乳酪、松露和果酒。至於甜點，我需要一個罌粟花籽瑪芬。好吃！如果有人給我其中之一，我會很感動的。%revealtaste:Leah:196%revealtaste:Leah:426%revealtaste:Leah:430%revealtaste:Leah:348%revealtaste:Leah:651,"It's written in Leah's handwriting^^My idea of a perfect dinner would be salad, goat cheese, truffle, and wine. For dessert I'd need a poppyseed muffin. Yum! If someone gave me one of those things, I'd melt.%revealtasteLeah196%revealtasteLeah426%revealtasteLeah430%revealtasteLeah348%revealtasteLeah651"
2,"It's Sam's holiday shopping list^^Everyone's favorites^^Sebastian: Frozen Tear, Sashimi^Penny: Emerald, Poppy^Vincent: Grape, Cranberry Candy^Mom: Crispy Bass, Pancakes^Dad: Risotto, Roasted Hazelnuts^Me: Cactus, Maple Bar, Pizza%revealtaste:Sebastian:84%revealtaste:Sebastian:227%revealtaste:Penny:60%revealtaste:Penny:376%revealtaste:Vincent:398%revealtaste:Vincent:612%revealtaste:Jodi:214%revealtaste:Jodi:211%revealtaste:Kent:649%revealtaste:Kent:607%revealtaste:Sam:90%revealtaste:Sam:731%revealtaste:Sam:206",這是山姆的假日購物清單^^每個人的最愛^^賽巴斯汀：淚晶、生魚片^佩妮：綠寶石、罌粟花花^文森：葡萄、蔓越莓果汁^媽媽：香酥鱸魚、鬆餅^爸爸：義式蕨菜燉飯、烤榛子^我：仙人掌果子、楓糖板擦甜甜圈、披薩%revealtaste:Sebastian:84%revealtaste:Sebastian:227%revealtaste:Penny:60%revealtaste:Penny:376%revealtaste:Vincent:398%revealtaste:Vincent:612%revealtaste:Jodi:214%revealtaste:Jodi:211%revealtaste:Kent:649%revealtaste:Kent:607%revealtaste:Sam:90%revealtaste:Sam:731%revealtaste:Sam:206,"It's Sam's holiday shopping list^^Everyone's favorites^^Sebastian: Frozen Tear, Sashimi^Penny: Emerald, Poppy^Vincent: Grape, Cranberry Candy^Mom: Crispy Bass, Pancakes^Dad: Risotto, Roasted Hazelnuts^Me: Cactus, Maple Bar, Pizza%revealtasteSebastian84%revealtasteSebastian227%revealtastePenny60%revealtastePenny376%revealtasteVincent398%revealtasteVincent612%revealtasteJodi214%revealtasteJodi211%revealtasteKent649%revealtasteKent607%revealtasteSam90%revealtasteSam731%revealtasteSam206"
4,It's a note of Maru's^^Parts still needed for my greatest invention yet!^^*Gold Bar^*Iridium Bar^*Battery Pack^*Diamond^*Strawberries%revealtaste:Maru:336%revealtaste:Maru:337%revealtaste:Maru:787%revealtaste:Maru:72%revealtaste:Maru:400,這是瑪魯的筆記^^我最偉大的發明還需要一些部件！^^*金錠^*銥錠^*電池組^*鑽石^*草莓%revealtaste:Maru:336%revealtaste:Maru:337%revealtaste:Maru:787%revealtaste:Maru:72%revealtaste:Maru:400,It's a note of Maru's^^Parts still needed for my greatest invention yet!^^*Gold Bar^*Iridium Bar^*Battery Pack^*Diamond^*Strawberries%revealtasteMaru336%revealtasteMaru337%revealtasteMaru787%revealtasteMaru72%revealtasteMaru400
7,"It's a page from someone's diary...^^...There are only a few 'older' bachelors in town, and none of them are perfect! Harvey is really anxious and weak, but I know he would make a loyal and devoted husband. He likes coffee and pickles.^^Elliott is a bit foppish and melodramatic, but he does have a nice chin. He likes crab cakes and pomegranates.^^Shane is messy and anti-social. But I think his gruff exterior is a defense mechanism, insulating his softness from the world. He likes Beer, Pizza, and Pepper Poppers.%revealtaste:Harvey:395%revealtaste:Harvey:342%revealtaste:Elliott:732%revealtaste:Elliott:637%revealtaste:Shane:346%revealtaste:Shane:206%revealtaste:Shane:215",這是某人日記中的一頁……^^……鎮裡只有少數幾個“老”單身漢，他們都並不完美！哈維確實焦慮而軟弱，但我知道他會成為一個忠誠專一的丈夫。他喜歡咖啡和醃菜。^^艾略特有些浮誇和矯情，但他的下巴確實很好看。他喜歡蟹肉餅和石榴。^^謝恩邋遢且反社會。但我認為他粗魯的外在是一種保護機制，將他內心的柔軟與世界隔離開來。他喜歡啤酒、披薩和辣椒鑲起司。%revealtaste:Harvey:395%revealtaste:Harvey:342%revealtaste:Elliott:732%revealtaste:Elliott:637%revealtaste:Shane:346%revealtaste:Shane:206%revealtaste:Shane:215,"It's a page from someone's diary...^^...There are only a few 'older' bachelors in town, and none of them are perfect! Harvey is really anxious and weak, but I know he would make a loyal and devoted husband. He likes coffee and pickles.^^Elliott is a bit foppish and melodramatic, but he does have a nice chin. He likes crab cakes and pomegranates.^^Shane is messy and anti-social. But I think his gruff exterior is a defense mechanism, insulating his softness from the world. He likes Beer, Pizza, and Pepper Poppers.%revealtasteHarvey395%revealtasteHarvey342%revealtasteElliott732%revealtasteElliott637%revealtasteShane346%revealtasteShane206%revealtasteShane215"
1009,"'Twas a rain drenched day, and upon a lonely rock a beautiful maiden saw I^^Tales I'd heard of sea-born maidens singing siren's songs,^Yet nary a note could she muster...^^The next morning I spied an arrangement of stone upon the foamy bank...^-----------------^Aye... stones as big as 'ones' and stones as big as 'fives' were they...^-----------------^If but this harried sea dog a tune could howl, perhaps to Blackgull's treasure would she lead...",那是一個陰雨天，我看見美麗的少女孤獨地坐在岩石之上。^^傳說有海的女兒們歌唱海妖之歌，^但是她卻拼不出半個音符……^^第二天早上，我發現滿是泡沫的岸上有一排石頭……^——————————^對……有一分錢硬幣那麼大的石頭，也有五分錢那麼大的……^——————————^要是我這副老嗓子能吼出什麼曲調，也許她能帶領我去尋找黑海鷗的寶藏……,"'Twas a rain drenched day, and upon a lonely rock a beautiful maiden saw I^^Tales I'd heard of sea-born maidens singing siren's songs,^Yet nary a note could she muster...^^The next morning I spied an arrangement of stone upon the foamy bank...^-----------------^Aye... stones as big as pennies and stones as big as nickels were they...^-----------------^If but this harried sea dog a tune could howl, perhaps to Blackgull's treasure would she lead..."
9,Alex's Strength Training Diet:^^*Complete Breakfast^*Salmon Dinner^^(I've learned to love this food... I can feel the protein!!)%revealtaste:Alex:201%revealtaste:Alex:212,艾力克斯的力量訓練食譜：^^*早餐套餐^*鮭魚晚餐^^（我已學會愛上這些食物……我感受到了蛋白質的力量！！）%revealtaste:Alex:201%revealtaste:Alex:212,Alex's Strength Training Diet:^^*Complete Breakfast^*Salmon Dinner^^(I've learned to love this food... I can feel the protein!!)%revealtasteAlex201%revealtasteAlex212
5,"It's Penny's handwriting:^^I want to get everyone something they love!^^Mom: Parsnip, Glazed Yams, NO BEER!^Jas: Fairy Rose, Plum Pudding^Vincent: Pink Cake, Grape^Mr. Mullner: Leek, Fried Mushroom^Granny Mullner: Beet, Tulip%revealtaste:Pam:24%revealtaste:Pam:208%revealtaste:Pam:346%revealtaste:Jas:595%revealtaste:Jas:604%revealtaste:Vincent:398%revealtaste:Vincent:221%revealtaste:George:20%revealtaste:George:205%revealtaste:Evelyn:284%revealtaste:Evelyn:591",看起來像是佩妮的筆跡：^^我想給每個人買他們喜歡的東西！^^媽媽：防風草、琉璃山藥、不要啤酒！^潔絲：仙女玫瑰、葡萄乾布丁^文森：粉紅蛋糕、葡萄^莫爾納先生：韭蔥、炸蘑菇^莫爾納奶奶：甜菜、鬱金香%revealtaste:Pam:24%revealtaste:Pam:208%revealtaste:Pam:346%revealtaste:Jas:595%revealtaste:Jas:604%revealtaste:Vincent:398%revealtaste:Vincent:221%revealtaste:George:20%revealtaste:George:205%revealtaste:Evelyn:284%revealtaste:Evelyn:591,"It's Penny's handwriting:^^I want to get everyone something they love!^^Mom: Parsnip, Glazed Yams, NO BEER!^Jas: Fairy Rose, Plum Pudding^Vincent: Pink Cake, Grape^Mr. Mullner: Leek, Fried Mushroom^Granny Mullner: Beet, Tulip%revealtastePam24%revealtastePam208%revealtastePam346%revealtasteJas595%revealtasteJas604%revealtasteVincent398%revealtasteVincent221%revealtasteGeorge20%revealtasteGeorge205%revealtasteEvelyn284%revealtasteEvelyn591"
8,"^To Haley and Emily^^Hope you two are doing well! We've sent you your favorite gifts: Pink Cake and Sunflowers for Haley, Gemstones and Wool for Emily!^^-Love Mom and Dad%revealtaste:Haley:221%revealtaste:Haley:421%revealtaste:Emily:440%revealtaste:Emily:66%revealtaste:Emily:62%revealtaste:Emily:60%revealtaste:Emily:70%revealtaste:Emily:64%revealtaste:Emily:68",^致海莉和艾米麗^^希望你們倆一切安好！給你們寄了最愛的禮物：海莉的粉紅蛋糕和向日葵，艾米麗的寶石和動物毛！^^——愛你們的媽媽和爸爸。%revealtaste:Haley:221%revealtaste:Haley:421%revealtaste:Emily:440%revealtaste:Emily:66%revealtaste:Emily:62%revealtaste:Emily:60%revealtaste:Emily:70%revealtaste:Emily:64%revealtaste:Emily:68,"^To Haley and Emily^^Hope you two are doing well! We've sent you your favorite gifts: Pink Cake and Sunflowers for Haley, Gemstones and Wool for Emily!^^-Love Mom and Dad%revealtasteHaley221%revealtasteHaley421%revealtasteEmily440%revealtasteEmily66%revealtasteEmily62%revealtasteEmily60%revealtasteEmily70%revealtasteEmily64%revealtasteEmily68"
24,"It's a page from M. Jasper's book:^^...the creatures, known by some as ""Forest Spirits"" or ""Junimos"", are said to appear in abandoned buildings after they've ""gone to seed"".^^As a general rule... when humans leave, and nature begins to reclaim her territory, the Junimos will undoubtedly appear.^^Folk wisdom holds that the Junimos display some kind of resonant affinity with gemstones that are placed inside their little huts...^^Also, it's said that raisins are their favorite food, but they are too shy to take them directly from the hand.^^Of course, all these claims come from dubious, unverified sources... As far as I know, even the mere existence of these creatures has never been proven!",這是M.賈思博的書中的一頁：^^……這些生物，有一些人稱之為“森林精靈”或是“祝尼魔”。據說它們會出現在廢棄破敗的建築物之中。^^通常來說……當人類離開一個地方，大自然開始收回她的領土時，祝尼魔就一定會出現。^^民間傳說認為，祝尼魔跟他們的小屋裡放置的寶石會顯示出某種共鳴關係……^^當然，這些說法的來源都很可疑，未經驗證……據我所知，甚至還沒有任何實際證據表明這種生物確實存在！,"It's a page from M. Jasper's book:^^...the creatures, known by some as ""Forest Spirits"" or ""Junimos"", are said to appear in abandoned buildings after they've ""gone to seed"".^^As a general rule... when humans leave, and nature begins to reclaim her territory, the Junimos will undoubtedly appear.^^Folk wisdom holds that the Junimos display some kind of resonant affinity with gemstones that are placed inside their little huts...^^Of course, all these claims come from dubious, unverified sources... As far as I know, even the mere existence of these creatures has never been proven!"
1007,"--Forging Table--^^Topaz -- Defense^Emerald -- Speed^Jade -- Critical Strike Power^Aquamarine -- Critical Strike Chance^Amethyst -- Knockback^Ruby -- Damage^^Prismatic Shard -- Enchantment^^Note: Weapons can be forged up to 3 times with gems, and can also be enchanted once with a prismatic shard.^^Note 2: 'Innate Enchantments', (meaning those powers that sometimes appear on weapons when you first acquire them), can also be added or re-discovered using a Dragon Tooth. It's theorized that this cannot be done to weapons above a certain caliber.^^Tools can only be enchanted, not forged.",——鍛造表——^^黃水晶 —— 防禦^綠寶石 —— 速度^翡翠 —— 暴擊能量^海藍寶石 —— 暴擊機率^紫水晶 —— 擊退^紅寶石 —— 傷害^^五彩碎片 —— 附魔^^備註：武器可以用寶石鍛造三次，也可以用五彩碎片附魔一次。^^工具只能附魔，不能鍛造。,"--Forging Table--^^Topaz -- Defense^Emerald -- Speed^Jade -- Critical Strike Power^Aquamarine -- Critical Strike Chance^Amethyst -- Knockback^Ruby -- Damage^^Prismatic Shard -- Enchantment^^Note: Weapons can be forged up to 3 times with gems, and can also be enchanted once with a prismatic shard.^^Tools can only be enchanted, not forged."
6,Stardrop Saloon Special Orders^^Mayor Lewis: Autumn's Bounty^(Double order of high-fiber bread on the side)^^Marnie: Pumpkin Pie^(extra whipped cream!)^^Demetrius: Bean Hotpot^(Make it spicy)^^Caroline: Fish Taco^(she wants triple the sauce! Better throw in a few extra napkins...)%revealtaste:Lewis:235%revealtaste:Marnie:608%revealtaste:Demetrius:207%revealtaste:Caroline:213,星之果實酒吧特別訂單^^路易斯鎮長：秋日恩賜^（配兩份高纖維麵包）^^瑪妮：南瓜派^（多加鮮奶油！）^^迪馬崔斯：豆類火鍋^（加辣）^^卡洛琳：魚肉塔可餅^（她要三倍醬汁！最好多放幾張餐巾紙……）%revealtaste:Lewis:235%revealtaste:Marnie:608%revealtaste:Demetrius:207%revealtaste:Caroline:213,Stardrop Saloon Special Orders^^Mayor Lewis: Autumn's Bounty^(Double order of high-fiber bread on the side)^^Marnie: Pumpkin Pie^(extra whipped cream!)^^Demetrius: Bean Hotpot^(Make it spicy)^^Caroline: Fish Taco^(she wants triple the sauce! Better throw in a few extra napkins...)%revealtasteLewis235%revealtasteMarnie608%revealtasteDemetrius207%revealtasteCaroline213
