{
  "Sun.000": "We're hiding in here so we don't have to talk to anyone.",
  "marriage_Mon.002": "Urgh... I still can't beat it by myself.$s",
  "spring_4.000": "Ugh... I have a doctor's appointment later.$s",
  "marriage_Fri.001": "It's nice to see the ol' gang again. Nothing's changed.$h",
  "spring_4.002": "How much longer do you need, doc? I'm hungry.$s",
  "marriage_Mon.001": "Hey, @. I like to relax here... it's so peaceful.",
  "marriage_Fri.000": "What's up, @? I'm just saying hi to the mom.",
  "marriage_Mon.000": "Dad seems to be doing okay without me around.",
  "winter_15.000": "This is so mysterious... I love it!",
  "spring_4.001": "I'm just here for my annual check-up! Don't worry, I'm not preg... I mean, I'm not sick! Heh.$9"
}