{
  "Fri.000": "What a lovely loom. I'm in heaven right now.",
  "marriage_Mon.002": "Gus seems to have problems organizing everything without me around.",
  "winter_11.000": "Most of us visit the doctor for a yearly check-up.",
  "marriage_Fri.001": "I come here to smell the fruit.",
  "winter_11.001": "Doctor, I'd like to go with the 'natural remedy' if possible.",
  "marriage_Mon.001": "I'm trying to get a good walk in today. My legs feel like cannelloni.",
  "marriage_Fri.000": "I'm just looking for mermaids.",
  "marriage_Mon.000": "It's good to the visit the old house. It's full of memories.",
  "marriage_Fri.002": "Friday nights are busy, so I'm just helping out for old time's sake. It's fun!$h",
  "winter_15.000": "I think this boat's my favorite. It's so unique!",
  "Sandy_Birthday_Greeting": "Hi Sandy! I got this gift for you. I hope you like it!$h",
  "Sandy_Birthday_Hangout": "I'm so glad to have a day off from work!$h#$e#I feel content.",
  "Sandy_Birthday_Lake": "Phew... It's hot!#$e#It seems like a good day to go swimming.#$e#It's probably nice and cool in there.$h",
  "Sandy_Birthday_Bones": "Can you believe this place?#$e#This is so mysterious...",
  "Sandy_Birthday_Camel": "I love being around animals.#$e#This world is full of spirits and magic.",
  "Sandy_Birthday_Bye": "That was fun!#$b#I wanna come back soon!$h"
}