{
  "winter_9.000": "It's nothing serious... I'm just here for my annual check-up.",
  "winter_9.001": "Well... my nose has been a little runny, Doctor. But otherwise I'm doing fine!",
  "winter.000": "It's too cold to get out of bed.",
  "marriage_Mon.000": "Hi, honey! I'm mostly just here to visit Emily.",
  "rain.000": "The weather's too horrible to get out of bed.",
  "winter_16.001": "The cold air isn't so bad if you bundle up!$h",
  "winter_16.000": "It's too cold to get out of bed."
}