{
  "winter_4.001": "Hey! A little privacy, please?$a",
  "marriage_Mon.002": "I wonder if Maru will get married some day?",
  "marriageJob.000": "Hi, honey. It's nice of you to visit me at work.$h",
  "marriage_Mon.001": "Don't worry, I'm using my own money to buy this.",
  "marriage_Mon.000": "Hi, honey! I'm just doing some shopping.",
  "winter_15.000": "Can you smell that? The air is so spicy here...",
  "winter_4.000": "I have an appointment at the clinic this afternoon.",
  "rain2.000": "I'm going to go inside, I just wanted a quiet moment."
}