{
  "marriage_Fri.001": "Hmm... I have to say, JojaMart has a much better selection of frozen dinners.",
  "marriage_Mon.001": "I'm attached to these woods... lots of memories...",
  "marriage_Fri.000": "Don't worry, this is only Joja Cola.",
  "marriage_Fri.002": "If I don't order a cold one now and then, Gus will go out of business. I'm just doing my civic duty. I'll head home around 10.",
  "marriage_Mon.000": "Oh, hey @. Miss me already?$6",
  "winter_15.000": "I'm taking a night off from the saloon for Jas' sake...",
  "marriage_Sun.000": "It smells bad in here.",
  "marriage_Sun.001": "I've got cola block... do I pick Joja Classic or Joja Bluu? I might be here a while...",
  "marriage_Fri.003": "I'll just play one more round...$h"
}