{
  "Fri.000": "Handling salty fish all day makes me real thirsty.",
  "spring_9.001": "Eh, I got a fish hook stuck in my thumb... the Doctor's gonna cut it out.",
  "winter_17.000": "Ah, nothin' like a hot beverage to wind down after a cold, dark day...",
  "spring_9.002": "Yowch! That hurt, Doc!$s",
  "spring_9.000": "I have a doctor's appointment today, so if you need to buy anything you'd better hurry.",
  "spring_9.003": "I need a little warm-me-up to be ready for another cold night on the ocean.$h",
  "Sat.000": "Ah... Nothing's better than kicking back with a cold one after a relaxing day fishing.$h",
  "winter_15.000": "I can't get me a good night's sleep with that night market going on... eh, but that's okay. I'm flexible.",
  "winter.000": "I need a little warm-me-up to be ready for another cold night on the ocean.$h",
  "winter_16.000": "Have you been on the deep-sea submarine? The captain's an old friend."
}