509,Tundra Boots/The fuzzy lining keeps your ankles so warm./150/2/1/5/Tundra Boots,Tundra Boots/毛绒绒的材质保持你的脚跟温暖。/150/2/1/5/冻土靴,Tundra Boots/The fuzzy lining keeps your ankles so warm./150/2/1/5
508,Combat Boots/Reinforced with iron mesh./150/3/0/4/Combat Boots,Combat Boots/加固了铁丝作防护。/150/3/0/4/战靴,Combat Boots/Reinforced with iron mesh./150/3/0/4
504,Sneakers/A little flimsy... but fashionable!/50/1/0/0/Sneakers,Sneakers/有点单薄……但是时尚嘛！/50/1/0/0/运动鞋,Sneakers/A little flimsy... but fashionable!/50/1/0/0
512,Firewalker Boots/It's said these can withstand the hottest magma./250/3/3/8/Firewalker Boots,Firewalker Boots/据说能够承受最高温的熔岩。/250/3/3/8/蹈火者靴,Firewalker Boots/It's said these can withstand the hottest magma./250/3/3/8
878,Crystal Shoes/These sparkling shoes will keep your feet very safe./1000/3/5/18/Crystal Shoes,Crystal Shoes/这双闪闪发光的鞋子会保护好你的脚。/1000/3/5/18/水晶鞋,Crystal Shoes/These sparkling shoes will keep your feet very safe./1000/3/5/18
505,Rubber Boots/Protection from the elements./50/0/1/1/Rubber Boots,Rubber Boots/提供元素保护。/50/0/1/1/橡胶靴,Rubber Boots/Protection from the elements./50/0/1/1
506,Leather Boots/The leather is very supple./50/1/1/2/Leather Boots,Leather Boots/这种皮革非常柔软。/50/1/1/2/皮靴,Leather Boots/The leather is very supple./50/1/1/2
804,Emily's Magic Boots/Made with love by Emily. 100% compostable!/250/4/4/13/Emily's Magic Boots,Emily's Magic Boots/艾米丽爱心打造。100% 可降解！/250/4/4/13/艾米丽的魔法靴,Emily's Magic Boots/Made with love by Emily. 100% compostable!/250/4/4/13
855,Dragonscale Boots/These shimmering boots are extremely tough./1000/7/0/17/Dragonscale Boots,Dragonscale Boots/这双闪烁光芒的靴子非常坚韧。/1000/7/0/17/龙鳞靴,Dragonscale Boots/These shimmering boots are extremely tough./1000/7/0/17
514,Space Boots/An iridium weave gives them a purple sheen./450/4/4/10/Space Boots,Space Boots/铱编织，所以散发着紫色亮光。/450/4/4/10/太空之靴,Space Boots/An iridium weave gives them a purple sheen./450/4/4/10
511,Dark Boots/Made from thick black leather./250/4/2/7/Dark Boots,Dark Boots/使用黑色粗厚皮革所打造。/250/4/2/7/黑暗之靴,Dark Boots/Made from thick black leather./250/4/2/7
510,Thermal Boots/Designed with extreme weather in mind./50/1/2/6/Thermal Boots,Thermal Boots/设计于恶劣气候地带使用。/50/1/2/6/热能靴,Thermal Boots/Designed with extreme weather in mind./50/1/2/6
507,Work Boots/Steel-toed for extra protection./50/2/0/3/Work Boots,Work Boots/加固了钢铁作为额外防护。/50/2/0/3/工作靴,Work Boots/Steel-toed for extra protection./50/2/0/3
854,Mermaid Boots/Mermaid scales gives these boots a protective aura./1000/5/8/16/Mermaid Boots,Mermaid Boots/美人鱼鳞片给这双靴子赋予了保护光环。/1000/5/8/16/美人鱼靴,Mermaid Boots/Mermaid scales gives these boots a protective aura./1000/5/8/16
515,Cowboy Boots/It's the height of country fashion./250/2/2/11/Cowboy Boots,Cowboy Boots/乡下人的时尚高度。/250/2/2/11/牛仔之靴,Cowboy Boots/It's the height of country fashion./250/2/2/11
806,Leprechaun Shoes/The buckle's made of solid gold./250/2/1/14/Leprechaun Shoes,Leprechaun Shoes/搭扣是纯金做的。/250/2/1/14/矮精灵鞋子,Leprechaun Shoes/The buckle's made of solid gold./250/2/1/14
853,Cinderclown Shoes/These magic shoes belonged to a famous Dwarvish jester./1000/6/5/15/Cinderclown Shoes,Cinderclown Shoes/这双神奇鞋子的主人是一位著名的矮人小丑。/1000/6/5/15/灰烬小丑鞋,Cinderclown Shoes/These magic shoes belonged to a famous Dwarvish jester./1000/6/5/15
513,Genie Shoes/A curious energy permeates the fabric./250/1/6/9/Genie Shoes,Genie Shoes/奇怪的能量围绕着鞋面。/250/1/6/9/神怪之鞋,Genie Shoes/A curious energy permeates the fabric./250/1/6/9
