Marlon_y2,I caught more monsters this year. Mind your distance near the cages.,我今年抓到了更多怪物，注意離籠子遠點。,New line from v1.6
Jas_y2,Let's go this way!%noturn$1,我們走這邊！%noturn$1,New line from v1.6
Evelyn_y2,"Dear, can you pass the zucchini fritters please?$0",親愛的，你能把油炸櫛瓜遞給我嗎？$0,New line from v1.6
Maru_y2,"After I finish this food, I'm going head-first into that maze!$0",等我吃完之後，肯定要一頭扎進那個迷宮！$0,New line from v1.6
Kent_y2,These things don't look so tough.$0,這些東西看起來也不是很強啊。$0,New line from v1.6
Shane_spouse_y2,"I talked Marnie into letting me take Jas into the maze. I think she's old enough.$0#$e#We're going very slow, though. Go ahead without us!$1",我說服了瑪妮讓我帶潔絲進迷宮轉轉，我覺得她也不小了。$0#$e#不過我們會慢慢走，你先進去吧！$1,New line from v1.6
Abigail_y2,Did you see the decorations on our house? I don't like it...$2,你看到我家房子上的裝飾了嗎？我不喜歡……$2,New line from v1.6
Leah_spouse_y2,I probably had too much pumpkin ale before jumping into the maze.$2#$e#You go on ahead. I'll catch up.$0,我進迷宮之前好像喝太多南瓜啤酒了。$2#$e#你先進去吧，我會跟上的。$0,New line from v1.6
Linus_y2,"Haha! Another fine creation, my old friend.$1",哈哈！老朋友，你這又是一個傑作。$1,New line from v1.6
Sebastian_spouse_y2,"Hey, could you... give me a hand? Hehehe...$h#$e#These gravestones would look nice on the farm, don't you think?$0",來……把你的手……也給我……嘻嘻嘻……$h$1#$e#這幾塊墓碑挺好看的，要不要在農場上放幾塊？$0,New line from v1.6
Haley_y2,Have you seen my sister?$2#$e#Emily! Can you hear me?$2,你看到我姐姐了嗎？$2#$e#艾米麗！你在哪裡？$2,New line from v1.6
Robin_y2,Are you looking forward to things slowing down soon? Winter is around the corner.$0,你在期待生活的節奏慢下來嗎？冬天馬上就要到了。$0,New line from v1.6
Caroline_y2,I should make a plate of food for my husband. He's been manning the shop all night.$0,我應該給我老公弄點吃的，他整完都在看著鋪子。$0,New line from v1.6
Pam_y2,Pass another bottle of pumpkin ale over here!... *hic*$1,再來一瓶一瓶南瓜啤酒！……嗝……$1,New line from v1.6
Dwarf_y2,This place is very strange...$0,這個地方好奇怪……$0,New line from v1.6
Pierre_y2,"Ah, it's farmer @! I have quite the selection of wares tonight. Take a look!$0",啊，@，你來啦！今晚我這有很多好東西，來看看吧！$0,New line from v1.6
Wizard_y2,The trials continue... Every magician must have an apprentice...,考驗仍在繼續……每個魔巫師都必須有一個學徒……,New line from v1.6
Sebastian_y2,This is my spot.$0,這是我的地盤。$0,New line from v1.6
Leah_y2,Is it this way? Or maybe over here?$0,要走這邊嗎？還是那邊？$0,New line from v1.6
Emily_y2,Ooooh. You found the secret entrance too!$1,哦哦，你也找到了秘密入口了！$1,New line from v1.6
shop_y2,BO 113 5000 1 O 746 750 5 BL 746 2000 1 BO 47 350 -1 F 2870 4000 -1,BO 113 5000 1 O 746 750 5 BL 746 2000 1 BO 47 350 -1 F 2870 4000 -1,New line from v1.6
Shane_y2,"You gotta stay close to me, Jas. Don't run off!%noturn$0",潔絲，你得跟緊我，別走丟了！%noturn$0,New line from v1.6
Marnie_y2,"I hope Jas is okay in there.$2#$e#Did you have a successful year farming, @?",希望潔絲在那裡面沒事。$2#$e#@，你今年的收成怎麼樣？,New line from v1.6
Haley_spouse_y2,"Hah! None of this is real.$h#$b#.... right, @? It's not real... right?$12",哈！這裡的東西全都是假的。$h#$b#……@，是不是啊？都是假的……吧？$12,New line from v1.6
set-up_y2,spirits_eve/-1000 -1000/farmer 12 54 1/changeToTemporaryMap Town-Halloween2/viewport -1000 -1000/loadActors Set-Up/advancedMove Pam true 1 10000 4 2500/advancedMove Jodi true 4 12300 3 3000/advancedMove Harvey true 3 9000 4 2000 3 500 2 2500/advancedMove Vincent true 2 11000 3 1250 2 500 1 1000/advancedMove Sebastian true 2 13500 3 1400 2 500 1 1200/advancedMove Willy true 4 12000 3 1550 4 10500 1 1750/advancedMove Emily true 2 6500 3 1000 2 4000 1 1250/advancedMove Leah true 2 4000 1 3000 4 2250 1 500 2 800 0 5 -4 0 3 1100 2 3500 3 600 -4 0 0 -4 4 500 3 4000 2 1500 3 2500 4 1500 3 1750 2 500 0 4 4 0 1 800 2 3000 3 1500 2 3250 1 500 4 0 0 -5 4 2500/advancedMove Robin true 4 8500 2 0 1 500 4 6250 3 650 -2 0 3 400 4 500/advancedMove Abigail true 4 7500 1 500 2 0 1 400 4 5500 2 0 0 -3 4 500 3 6250 2 500 0 3 -2 0 3 500 4 3750 3 400 -2 0 3 500/advancedMove Alex true 2 8000 1 1000 2 650 3 1250 2 5500 1 1500 2 750 3 1500 2 500/advancedMove Kent true 4 3800 1 400 3 0 1 400 4 9600 3 500 -2 0 3 500 4 7000 3 400 -1 0 3 400/positionOffset Clint 16 -24/positionOffset Willy 5 -15/positionOffset George 0 -12/positionOffset Evelyn 0 -16/addTemporaryActor Mummy 16 32 9 62 2 false Monster/advancedMove Mummy true 2 5000 1 0 1 800 2 4000 3 2000 2 500 1 2500 2 4000 3 500 4 500 0 -1 4 1500 1 3000 2 4000 3 800 -1 0 3 1500 2 3750 0 1 2 2000/addTemporaryActor Wilderness_Golem 16 24 18 59 2 false Monster/advancedMove Wilderness_Golem true 2 5000 3 2500 2 4000 1 2000 2 1000 3 500 -1 0 3 1000 2 6000 0 1 2 4000 3 3000 2 500 1 2500 4 650 0 -1 -1 0 3 2000 3 5000 3 3000 2 2000 1 1500 2 0 1 3000/addTemporaryActor Stone_Golem 16 24 16 61 2 false Monster/advancedMove Stone_Golem true 2 3500 0 1 2 0 1 500 2 4000 1 800 4 500 0 -1 4 2000 1 2500 2 500 3 3000 -2 0 3 3000/advancedMove Leo true 2 5000 1 3000 2 3500 1 4000/addTemporaryActor Mummy 16 32 11 60 1 false Monster/playerControl halloween/viewport player clamp true unfreeze/globalFadeToClear,spirits_eve/-1000 -1000/farmer 12 54 1/changeToTemporaryMap Town-Halloween2/viewport -1000 -1000/loadActors Set-Up/advancedMove Pam true 1 10000 4 2500/advancedMove Jodi true 4 12300 3 3000/advancedMove Harvey true 3 9000 4 2000 3 500 2 2500/advancedMove Vincent true 2 11000 3 1250 2 500 1 1000/advancedMove Sebastian true 2 13500 3 1400 2 500 1 1200/advancedMove Willy true 4 12000 3 1550 4 10500 1 1750/advancedMove Emily true 2 6500 3 1000 2 4000 1 1250/advancedMove Leah true 2 4000 1 3000 4 2250 1 500 2 800 0 5 -4 0 3 1100 2 3500 3 600 -4 0 0 -4 4 500 3 4000 2 1500 3 2500 4 1500 3 1750 2 500 0 4 4 0 1 800 2 3000 3 1500 2 3250 1 500 4 0 0 -5 4 2500/advancedMove Robin true 4 8500 2 0 1 500 4 6250 3 650 -2 0 3 400 4 500/advancedMove Abigail true 4 7500 1 500 2 0 1 400 4 5500 2 0 0 -3 4 500 3 6250 2 500 0 3 -2 0 3 500 4 3750 3 400 -2 0 3 500/advancedMove Alex true 2 8000 1 1000 2 650 3 1250 2 5500 1 1500 2 750 3 1500 2 500/advancedMove Kent true 4 3800 1 400 3 0 1 400 4 9600 3 500 -2 0 3 500 4 7000 3 400 -1 0 3 400/positionOffset Clint 16 -24/positionOffset Willy 5 -15/positionOffset George 0 -12/positionOffset Evelyn 0 -16/addTemporaryActor Mummy 16 32 9 62 2 false Monster/advancedMove Mummy true 2 5000 1 0 1 800 2 4000 3 2000 2 500 1 2500 2 4000 3 500 4 500 0 -1 4 1500 1 3000 2 4000 3 800 -1 0 3 1500 2 3750 0 1 2 2000/addTemporaryActor Wilderness_Golem 16 24 18 59 2 false Monster/advancedMove Wilderness_Golem true 2 5000 3 2500 2 4000 1 2000 2 1000 3 500 -1 0 3 1000 2 6000 0 1 2 4000 3 3000 2 500 1 2500 4 650 0 -1 -1 0 3 2000 3 5000 3 3000 2 2000 1 1500 2 0 1 3000/addTemporaryActor Stone_Golem 16 24 16 61 2 false Monster/advancedMove Stone_Golem true 2 3500 0 1 2 0 1 500 2 4000 1 800 4 500 0 -1 4 2000 1 2500 2 500 3 3000 -2 0 3 3000/advancedMove Leo true 2 5000 1 3000 2 3500 1 4000/addTemporaryActor Mummy 16 32 11 60 1 false Monster/playerControl halloween/viewport player clamp true unfreeze/globalFadeToClear,New line from v1.6
Abigail_spouse_y2,Have you ever fought any of these monsters before?$0#$e#Even... the s-spiders?$2,你之前打過這些怪物嗎？$0#$e#蜘、蜘蛛……也打過？$2,New line from v1.6
Maru_spouse_y2,Grab a plate and sit down with the family!$1,拿點吃的，咱們坐一會吧！$1,New line from v1.6
Alex_spouse_y2,"Hey, you made it past the creepy hands.$1#$e#I think I hear someone calling for help nearby.$0",哎，你闖過了那幾個嚇人的手。$1#$e#我好像聽到附近有人在喊救命。$0,New line from v1.6
Jodi_y2,Sam took Vincent into the maze. I hope they're okay...$0,山姆帶著文森進迷宮去了，希望他們沒事……$0,New line from v1.6
Krobus_y2,Wh-what are you doing here?$0,你、你在這裡幹什麼？$0,New line from v1.6
George_y2,"If I wasn't in this blasted chair, I'd be running circles around everyone in that maze!$0",要不是因為這個破輪椅，我早就在迷宮裡通關幾百回了！$0,New line from v1.6
Vincent_y2,Did we beat the maze? Where's my prize?$0,我們通過迷宮了嗎？獎品在哪裡？$0,New line from v1.6
Demetrius_y2,"Did you know... a study in the Journal of Anthropological Physiology found that the cadence, tempo, and key of music can have a measurable impact on cortisol levels?#$e#Er... Is there vanilla ice cream to go with the blackberry cobbler?$0",你知道嗎……《人類生理學雜誌》上的一項研究發現，音樂的終止式、速度、調性對皮質醇水平有顯著影響。#$e#呃……有香草冰淇淋嗎？我想配著黑莓餡餅吃。$0,New line from v1.6
Harvey_spouse_y2,I was wondering when I'd see you.$1#$e#Don't mind me. I'm just taking a quick breather.$0,我還在想你什麼時候來。$1#$e#不用管我，我就稍微喘口氣。$0,New line from v1.6
Leo_y2,This is a maze inside of a maze... My head is spinning...$0,迷宮裡怎麼還有一個迷宮……我頭好暈……$0,New line from v1.6
Sam_spouse_y2,My little brother and I made it pretty far in here but we got stuck.#$e#You go on ahead... find that treasure for us!,我跟我弟弟已經走得很深了，不過還是進了死胡同。#$e#你先走吧……記得替我們找到寶藏！,New line from v1.6
Gus_y2,Carving pumpkins is a talent of mine. I usually do most of the Jack-O-Lanterns for everyone in town.#$b#All I ask in return is to keep the seeds... sprinkle a little cinnamon sugar on those puppies and you've got yourself a golden snack!$h,我很擅長雕刻南瓜，鎮上絕大部分南瓜燈都是我做的。#$b#我只要求把南瓜籽留給我……撒上一點肉桂糖，可好吃了！$h,New line from v1.6
Clint_y2,I already made it through the maze... now it's time to kick back with a pumpkin ale!#$e#...I'm trying my best to ignore the spider infestation behind me.$0,我已經通過迷宮了……該喝點南瓜啤酒放鬆一下了！#$e#……我在盡可能無視我身後的蜘蛛群。$0,New line from v1.6
Penny_spouse_y2,*phew* I got lost in the maze...$3#$e#I was worried I might get trapped and everyone would go home without me!$12,呼……我在迷宮裡迷路了……$3#$e#我很擔心被困住之後，大家會丟下我各自回家！$12,New line from v1.6
Sam_y2,"Am I Sam? Heh, heh, heh...$11",從今天起我就是山姆了，嘻、嘻、嘻……$11,New line from v1.6
Elliott_spouse_y2,"I shudder to think what would happen if these got loose...%noturn$2#$e#Fear not, my dear! I would run the cursed wretch through, before it could lay a finger on you.",我不敢想像如果怪物逃出來會怎麼樣……%noturn$2#$e#親愛的，不必害怕！我會捅穿這該死的混蛋，不會讓它傷到你一根毫毛。,New line from v1.6
Penny_y2,I was in the maze for a while but then I got hungry.$0#$e#My Mom seems to be enjoying herself.$0,我進迷宮看了一會，後來肚子餓了。$0#$e#我媽好像興致很高。$0,New line from v1.6
Harvey_y2,I'm afraid to say I'm quite puzzled on this one...$0,很遺憾，我現在非常困惑……$0,New line from v1.6
Alex_y2,I think I heard a girl screaming... She needs my help!$0,我好像聽到有女生在尖叫……我得去幫她！$0,New line from v1.6
Elliott_y2,"Oh pitiful wretch... in what fetid grotto lies your kingdom?%noturn$0#$e#Sometimes, one must stare into the abyss to stir a languid muse...",啊，可悲的混蛋……哪一個腐臭的洞窟才是你的王國？%noturn$0#$e#有時候，你必須凝視深淵，才能喚醒慵懶的繆斯女神……,New line from v1.6
Sandy_y2,"I heard it's raining back home. Is that why you came here?$h#$e#I kind of miss the rain, actually...$s","I heard it's raining back home. Is that why you came here？$h#$e#I kind of miss the rain, actually……$s",New line from v1.6
Lewis_y2,"Good evening, @. Once again, we've been graced with a haunted maze, constructed in secret by the eccentric who lives out in the forest.$0#$e#I've heard it's larger this year. Good luck if you dare to venture inside...",@，晚安。住在森林裡面的那個怪人又神神秘秘地給我們造了一個鬧鬼迷宮。$0#$e#聽說今年的迷宮更大了，如果你有勇氣進去的話，祝你好運……,New line from v1.6
Emily_spouse_y2,*giggle* I knew you'd find your way here.$0,嘿嘿……我知道你會走到這裡的。$0,New line from v1.6
Willy_y2,"I'd watch yer back, lad... something terrible's in that maze...^I'd watch yer back, miss... something terrible's in that maze...",小伙子，多留神……迷宮裡有可怕的東西……^小姑娘，多留神……迷宮裡有可怕的東西……,New line from v1.6
set-up,spirits_eve/-1000 -1000/farmer 12 54 1/changeToTemporaryMap Town-Halloween/viewport -1000 -1000/loadActors Set-Up/advancedMove Maru true 0 2 2 0 0 3 -11 0 0 -7 5 0 0 2 4 0/advancedMove Alex true -4 0 4 4000 4 0 4 5000/advancedMove Jas true 1 1500 4 1000/advancedMove Pam true 0 1 1 5000 0 -1 1 5000/advancedMove Shane true -7 0 0 2 2 9000 0 -2 7 0 4 9000/advancedMove Demetrius true 3 18000 4 3000/addTemporaryActor Skeleton 16 32 30 59 2 false Monster/advancedMove Skeleton true 0 1 3 4000 2 0 0 -1 4 2000 -1 0 3 1000 2 2000 0 -1 4 4000 -1 0 0 1 2 5000/addTemporaryActor Skeleton 16 32 35 58 2 false Monster/playerControl halloween/viewport player clamp true unfreeze/globalFadeToClear,spirits_eve/-1000 -1000/farmer 12 54 1/changeToTemporaryMap Town-Halloween/viewport -1000 -1000/loadActors Set-Up/advancedMove Maru true 0 2 2 0 0 3 -11 0 0 -7 5 0 0 2 4 0/advancedMove Alex true -4 0 4 4000 4 0 4 5000/advancedMove Jas true 1 1500 4 1000/advancedMove Pam true 0 1 1 5000 0 -1 1 5000/advancedMove Shane true -7 0 0 2 2 9000 0 -2 7 0 4 9000/advancedMove Demetrius true 3 18000 4 3000/addTemporaryActor Skeleton 16 32 30 59 2 false Monster/advancedMove Skeleton true 0 1 3 4000 2 0 0 -1 4 2000 -1 0 3 1000 2 2000 0 -1 4 4000 -1 0 0 1 2 5000/addTemporaryActor Skeleton 16 32 35 58 2 false Monster/playerControl halloween/viewport player clamp true unfreeze/globalFadeToClear,spirits_eve/-1000 -1000/farmer 12 54 1/changeToTemporaryMap Town-Halloween/loadActors Set-Up/advancedMove Maru true 0 2 2 0 0 3 -11 0 0 -7 5 0 0 2 4 0/advancedMove Alex true -4 0 4 4000 4 0 4 5000/advancedMove Jas true 1 1500 4 1000/advancedMove Pam true 0 1 1 5000 0 -1 1 5000/advancedMove Shane true -7 0 0 2 2 9000 0 -2 7 0 4 9000/advancedMove Demetrius true 3 18000 4 3000/addTemporaryActor Skeleton 16 32 30 59 2 false Monster/advancedMove Skeleton true 0 1 3 4000 2 0 0 -1 4 2000 -1 0 3 1000 2 2000 0 -1 4 4000 -1 0 0 1 2 5000/addTemporaryActor Skeleton 16 32 35 58 2 false Monster/playerControl halloween
shop,Removed,Removed,BO 113 5000 1 O 746 750 5 BL 746 2000 1 BO 47 350 -1 F 2870 4000 -1
