Marlon_y2,Hmm. Thought I saw something moving across the water.$0,唔，我好像看到有什麼東西在水上掠過去了。$0,New line from v1.6
Jas_y2,*giggle* Am I doing it right?$1,嘻嘻……我這樣對不對？$1,New line from v1.6
Evelyn_y2,I used to visit this spot when I was younger. It hasn't changed much over the years.$0,我年輕的時候經常來這裡，這麼多年過去了也沒什麼變化。$0,New line from v1.6
Maru_y2,It can be a little nerve-racking to ask someone to dance with you.$0,邀請別人一起跳舞可能會有點緊張的。$0,New line from v1.6
Kent_y2,"Do you ever wonder... why do we find flowers beautiful?#$e#If Jodi and I ever have a daughter, maybe we'll name her after a flower.$h",你有沒有想過……為什麼我們會覺得花很漂亮？#$e#如果喬蒂和我生了女兒的話，我們可能會用花的名字給她取名。$h,New line from v1.6
Shane_spouse_y2,*burp* I might've eaten too much to dance... sorry.$0,嗝！我吃太多了，還能不能跳舞啊……對不起。$0,New line from v1.6
Abigail_y2,They should make the seniors dance this year. I bet they'd love it!,今年應該讓老人們跳舞的，他們肯定很樂意！,New line from v1.6
Leah_spouse_y2,We should go hiking in these woods someday! I bet there's mushrooms...,我們哪天到森林裡旅行一趟吧！肯定會有很多蘑菇……,New line from v1.6
Linus_y2,Did you have a successful salmonberry harvest?$0#$b#I picked enough to make a sweet and tangy jelly! I brought some today for everyone to taste.$1,你採到的鮭莓多不多？$0#$b#我採到了很多，還做了酸甜的果凍！今天我帶來給大家嚐嚐。$1,New line from v1.6
Sebastian_spouse_y2,You're the only reason I came all the way out here...$1,我大老遠到這裡來，就是為了和你一起……$1,New line from v1.6
Haley_y2,"One, two, three... one, two, three... Oh, hi. I'm a little busy.$0",一二三……二二三……啊，你好。我現在有點忙。$0,New line from v1.6
Robin_y2,Is that the smell of flowers? Or is it Caroline's perfume?$0,是花香嗎？還是卡洛琳噴了香水？$0,New line from v1.6
Caroline_y2,"I'd ask my husband to dance, but he doesn't really know how.$0",我想邀請我老公跳舞，可惜他不怎麼會跳。$0,New line from v1.6
Pam_y2,The red jelly wafting in the wind looks like it's dancing!$1#$e#Heh... Maybe that's just the wine speaking.$0,風中飄散著紅色果凍，就像在跳舞一樣！$1#$e#呃……我大概是喝醉了吧。$0,New line from v1.6
Dwarf_y2,You say it's raining up above?#$e#Rain... It's almost mythical to us. Some of us live our entire lives without ever experiencing it.,You say it's raining up above？#$e#Rain……It's almost mythical to us. Some of us live our entire lives without ever experiencing it.,New line from v1.6
Pierre_y2,"Hey, you shouldn't be back here!$3#$e#Well, if you're sticking around... mind manning the booth for a while? I want to taste Linus' sweet and tangy jelly.#$e#I'm joking, I can't bear to be away from the register...$2",喂，你在這裡做什麼！$3#$e#呃，如果你要待在這裡的話……能不能幫我看一下攤子？我想去嘗一嘗萊納斯做的酸甜果凍。#$e#跟你開玩笑的，我怎麼可能離開收銀台……$2,New line from v1.6
Wizard_y2,Hmm? How did you climb up here?$0,嗯？你怎麼爬上來的？$0,New line from v1.6
Sebastian_y2,I didn't come here by choice.$0,我來這裡不是自願的。$0,New line from v1.6
Leah_y2,I really feel connected with nature this far away from town.$0,在這裡遠離小鎮，我感覺自己跟大自然更親近了。$0,New line from v1.6
Emily_y2,"Oh, hey! This year I'm giving my sister competition for the flower queen title.$0#$b#I've been working on my choreography!$1",啊，你好！今年我要跟我妹妹競爭花舞女王的稱號。$0#$b#我一直在打磨我的編舞！$1,New line from v1.6
Shane_y2,I couldn't find any clean shirts so this one has to do.$0,我沒找到乾淨的上衣，就只好穿這件了。$0,New line from v1.6
Marnie_y2,"This open field is perfect grazing land for livestock, wouldn't you agree?$0#$e#Psst... I think Lewis is going to ask me to dance with him!$1",這個地方很開闊，非常適合放牧，你說是不是？$0#$e#悄悄跟你說……我感覺路易斯會邀請我跳舞！$1,New line from v1.6
Haley_spouse_y2,Today is the big day! We'll be the centerpiece of the whole dance!$1,今天是個重要的日子！我們會成為整場舞會的焦點！$1,New line from v1.6
set-up_y2,event1/22 22/farmer 76 17 1/changeToTemporaryMap Forest-FlowerFestival2/viewport -1000 -1000/loadActors Set-Up/advancedMove Jas true 3 620 4 620 1 620 2 620/advancedMove Vincent true 0 4 2 0 0 -4 -2 0/advancedMove Haley true 0 1 2 3000 2 0 0 -1 -2 0 3 500 4 500 1 500 2 500 2 0 1 500 2 500 3 500 4 500 0 2 0 -2 -2 0/advancedMove Alex true 4 12500 1 2000/advancedMove Gus true 4 8000 -2 0 3 400 4 6000 2 0 4 1000/advancedMove Elliott true 4 14500 1 2350/advancedMove Emily true 2 2000 1 1200 1 0 3 1750 4 650 3 600 2 500 1 675 4 1000 0 -1 4 1250 3 600 2 600 1 600 4 600 3 1000 -1 0 3 1000 2 800 1 800 4 800 3 800 2 2000 0 1 2 2000 1 500 2 500 3 500 4 500 1 500 2 500/positionOffset Sebastian -6 -20/positionOffset Leah -24 10/positionOffset Clint -12 24/positionOffset Caroline -12 12/positionOffset Jodi 16 6/positionOffset Robin -6 12/positionOffset Kent? -12 24/positionOffset Marlon -16 0/positionOffset Penny -20 -9/positionOffset Sam 6 12/positionOffset Shane 12 -12/playerControl flowerFestival/viewport player clamp true unfreeze/globalFadeToClear,event1/22 22/farmer 76 17 1/changeToTemporaryMap Forest-FlowerFestival2/viewport -1000 -1000/loadActors Set-Up/advancedMove Jas true 3 620 4 620 1 620 2 620/advancedMove Vincent true 0 4 2 0 0 -4 -2 0/advancedMove Haley true 0 1 2 3000 2 0 0 -1 -2 0 3 500 4 500 1 500 2 500 2 0 1 500 2 500 3 500 4 500 0 2 0 -2 -2 0/advancedMove Alex true 4 12500 1 2000/advancedMove Gus true 4 8000 -2 0 3 400 4 6000 2 0 4 1000/advancedMove Elliott true 4 14500 1 2350/advancedMove Emily true 2 2000 1 1200 1 0 3 1750 4 650 3 600 2 500 1 675 4 1000 0 -1 4 1250 3 600 2 600 1 600 4 600 3 1000 -1 0 3 1000 2 800 1 800 4 800 3 800 2 2000 0 1 2 2000 1 500 2 500 3 500 4 500 1 500 2 500/positionOffset Sebastian -6 -20/positionOffset Leah -24 10/positionOffset Clint -12 24/positionOffset Caroline -12 12/positionOffset Jodi 16 6/positionOffset Robin -6 12/positionOffset Kent -12 24/positionOffset Marlon -16 0/positionOffset Penny -20 -9/positionOffset Sam 6 12/positionOffset Shane 12 -12/playerControl flowerFestival/viewport player clamp true unfreeze/globalFadeToClear,New line from v1.6
Abigail_spouse_y2,We don't have to dance if you don't want to!$1,如果你不想跳，我們就不跳了！$1,New line from v1.6
Maru_spouse_y2,I didn't practice much beforehand but I'll give it my best for the both of us.$0,我沒提前練習很多，不過我會盡力的，為了咱們倆。$0,New line from v1.6
Alex_spouse_y2,"Hey, I'm feeling pretty good about today. We'll do great during the ceremony... just follow my lead.$0",哎，我今天特別有信心，我們肯定能跳得很好……跟著我一起跳就行了。$0,New line from v1.6
Jodi_y2,I have special earrings I only wear once a year for this event.$0#$e#They're little daffodils... see?$h,我有一對特別的耳環，只有每年這個活動才戴。$0#$e#是小小的黃水仙的圖案……看到了嗎？$h,New line from v1.6
George_y2,Flowers? More like bumblebee magnets. Hmph. Can't smell much anyway.$0,花有什麼好的，全是大黃蜂圍在那裡。哼，反正我也聞不到什麼味道了。$0,New line from v1.6
Vincent_y2,If there's a flower queen... there must be a flower king!$0,如果有花舞女王……那肯定也有花舞男王！$0,New line from v1.6
Demetrius_y2,Gatherings like this give a sense of identity to our community.#$b#Or as my wife says... 'it makes the town lively'!,這樣的聚會可以促進我們小鎮的認同感。#$b#用我老婆的話就是……“會讓小鎮充滿活力！”,New line from v1.6
Harvey_spouse_y2,I wore my best tie for the occasion.$4,為了參加舞會，我繫了我最好的領帶。$4,New line from v1.6
Leo_y2,You need a partner to participate in the dance? Does a bird count?$0,你跳舞需要舞伴嗎？鳥兒可以當舞伴嗎？$0,New line from v1.6
Sam_spouse_y2,"Whoa, you look really great today.$0",哇，你今天真好看。$0,New line from v1.6
Gus_y2,Have you tried the dandelion salad? I prepared it fresh right here!$0,你嚐過蒲公英沙拉嗎？這是我就地取材做的！$0,New line from v1.6
Clint_y2,"*sigh* Everyone is partnered up... and here I am alone, once again...$2#$e#Ah well... I'll just drown my sorrows with some of that sweet and tangy jelly.",唉，大家都有舞伴了……我又是一個人……$2#$e#好吧，我大概只好吃酸甜果凍來消愁了。,New line from v1.6
Penny_spouse_y2,"I could imagine us moving to a spot like this, someday.$h",如果有一天能搬到這樣的地方也挺好的。$h,New line from v1.6
Sam_y2,*sniff* I'd enjoy this get-together more if it wasn't for my allergies. I'll just have to suck it up!$0,阿嚏……要不是我過敏的話，肯定能玩得很痛快。現在只好忍著了！$0,New line from v1.6
Elliott_spouse_y2,May I have this dance?$4,我可以邀請你跳舞嗎？$4,New line from v1.6
Penny_y2,Vincent asked me to dance with him. Isn't that cute?$0,文森來邀請我一起跳舞，他很可愛吧？$0,New line from v1.6
Harvey_y2,"If you spend some time pondering the hardships of life, it can put things into perspective.$0#$b#Suddenly, dancing in front of the whole town in an ill-fitting suit doesn't seem so bad!$h",如果你花點時間琢磨一下生活的艱辛，就能更客觀地看待事物。$0#$b#這麼一想，穿著不合身的西裝在全鎮人面前跳舞好像也沒那麼糟糕了！$h,New line from v1.6
Alex_y2,The key to dancing is to have confidence.$1,跳舞的秘訣就是自信。$1,New line from v1.6
Elliott_y2,To dance among a whimsical backdrop of flowers is an uplifting experience.$1,在一片夢幻的花叢中跳舞，真是引人入勝。$1,New line from v1.6
Sandy_y2,"I heard it's raining back home. Is that why you came here?$h#$e#I kind of miss the rain, actually...$s","I heard it's raining back home. Is that why you came here？$h#$e#I kind of miss the rain, actually……$s",New line from v1.6
Lewis_y2,"Good afternoon, @. The weather for today's festivities couldn't be more perfect.$0#$b#Come talk to me when you're ready to start the ceremony.$0",@，午安。今天天氣太好了，正適合舉辦慶祝活動。$0#$b#等你準備好開始就來找我。$0,New line from v1.6
Emily_spouse_y2,"Hey, I was wondering what you were up to!$0",哎，你最近在忙什麼呀！$0,New line from v1.6
Willy_y2,"Aye, these waters be teeming with big fish. Shame I didn't bring me rod!$0",好哇，這水裡都是大魚，可惜我沒帶釣竿！$0,New line from v1.6
set-up,event1/22 22/farmer 76 17 1/changeToTemporaryMap Forest-FlowerFestival/viewport -1000 -1000/loadActors Set-Up/advancedMove Vincent true -6 0 0 -1 6 0 0 1/advancedMove Jas true 1 0 0 1 -6 0 0 -1 5 0/advancedMove Pam true 2 25000 0 -3 4 0 4 25000 -4 0 0 3/advancedMove Haley true 0 1 2 3000 2 0 0 -1 -2 0 3 500 4 500 1 500 2 500 2 0 1 500 2 500 3 500 4 500 0 2 0 -2 -2 0/advancedMove Caroline true 7 0 0 1 1 18000 0 -1 -7 0 3 18000/advancedMove Willy true 2 25000 1 500 7 0 1 500 2 12500 3 500 -7 0 3 500 2 1000/playerControl flowerFestival/viewport player clamp true unfreeze/globalFadeToClear,event1/22 22/farmer 76 17 1/changeToTemporaryMap Forest-FlowerFestival/viewport -1000 -1000/loadActors Set-Up/advancedMove Vincent true -6 0 0 -1 6 0 0 1/advancedMove Jas true 1 0 0 1 -6 0 0 -1 5 0/advancedMove Pam true 2 25000 0 -3 4 0 4 25000 -4 0 0 3/advancedMove Haley true 0 1 2 3000 2 0 0 -1 -2 0 3 500 4 500 1 500 2 500 2 0 1 500 2 500 3 500 4 500 0 2 0 -2 -2 0/advancedMove Caroline true 7 0 0 1 1 18000 0 -1 -7 0 3 18000/advancedMove Willy true 2 25000 1 500 7 0 1 500 2 12500 3 500 -7 0 3 500 2 1000/playerControl flowerFestival/viewport player clamp true unfreeze/globalFadeToClear,event1/22 22/farmer 76 17 1/changeToTemporaryMap Forest-FlowerFestival/loadActors Set-Up/advancedMove Vincent true -6 0 0 -1 6 0 0 1/advancedMove Jas true 1 0 0 1 -6 0 0 -1 5 0/advancedMove Pam true 2 25000 0 -3 4 0 4 25000 -4 0 0 3/advancedMove Haley true 0 1 2 3000 2 0 0 -1 -2 0 3 500 4 500 1 500 2 500 2 0 1 500 2 500 3 500 4 500 0 2 0 -2 -2 0/advancedMove Caroline true 7 0 0 1 1 18000 0 -1 -7 0 3 18000/advancedMove Willy true 2 25000 -4 0 0 -12 4 0 0 -1 4 30000 0 1 -4 0 0 12 4 0/playerControl flowerFestival
mainEvent,"pause 500/playMusic none/pause 500/globalFade/viewport -1000 -1000/loadActors MainEvent/warpFarmers 14 30 0 3 22 1 3 26 1 7 31 0 12 31 0 18 31 0 25 29 3 right 24 25 3/warp Girls 9 24/warp Guys 9 27/showFrame Girls 40/showFrame Guys 44/viewport 14 25 clamp true/pause 2000/playMusic FlowerDance/pause 600/animate Girls false true 600 43 41 43 42/animate Guys false true 600 44 45/pause 9600/animate Girls false true 600 46 47/animate Guys false true 300 46 47/positionOffset Guys 0 -2/pause 300/positionOffset Guys 0 -2/pause 300/positionOffset Guys 0 -2/pause 300/positionOffset Guys 0 -2/pause 300/positionOffset Guys 0 -2/pause 300/positionOffset Guys 0 -2/pause 300/positionOffset Guys 0 -2/pause 300/positionOffset Guys 0 -2/pause 300/positionOffset Guys 0 -2/pause 300/positionOffset Guys 0 -2/pause 300/positionOffset Guys 0 -2/pause 300/positionOffset Guys 0 -2/pause 300/positionOffset Guys 0 -2/pause 300/positionOffset Guys 0 -2/pause 300/positionOffset Guys 0 -2/pause 300/positionOffset Guys 0 -2/pause 300/positionOffset Guys 0 -2/pause 300/positionOffset Guys 0 -2/pause 300/positionOffset Guys 0 -2/pause 300/positionOffset Guys 0 -2/pause 300/positionOffset Guys 0 -2/pause 300/positionOffset Guys 0 -2/pause 300/positionOffset Guys 0 -2/pause 300/positionOffset Guys 0 -2/pause 300/positionOffset Guys 0 -2/pause 300/positionOffset Guys 0 -2/pause 300/positionOffset Guys 0 -2/pause 300/positionOffset Guys 0 -2/animate Girls false true 600 43 41 43 42/animate Guys false true 600 44 45/pause 7600/stopAnimation Girls/stopAnimation Guys/pause 3000/globalFade/viewport -1000 -1000/message ""That was fun! Time to go home...""/waitForOtherPlayers festivalEnd/end","pause 500/playMusic none/pause 500/globalFade/viewport -1000 -1000/loadActors MainEvent/warpFarmers 14 30 0 3 22 1 3 26 1 7 31 0 12 31 0 18 31 0 25 29 3 right 24 25 3/warp Girls 9 24/warp Guys 9 27/showFrame Girls 40/showFrame Guys 44/viewport 14 25 clamp true/pause 2000/playMusic FlowerDance/pause 600/animate Girls false true 600 43 41 43 42/animate Guys false true 600 44 45/pause 9600/animate Girls false true 600 46 47/animate Guys false true 300 46 47/positionOffset Guys 0 -2/pause 300/positionOffset Guys 0 -2/pause 300/positionOffset Guys 0 -2/pause 300/positionOffset Guys 0 -2/pause 300/positionOffset Guys 0 -2/pause 300/positionOffset Guys 0 -2/pause 300/positionOffset Guys 0 -2/pause 300/positionOffset Guys 0 -2/pause 300/positionOffset Guys 0 -2/pause 300/positionOffset Guys 0 -2/pause 300/positionOffset Guys 0 -2/pause 300/positionOffset Guys 0 -2/pause 300/positionOffset Guys 0 -2/pause 300/positionOffset Guys 0 -2/pause 300/positionOffset Guys 0 -2/pause 300/positionOffset Guys 0 -2/pause 300/positionOffset Guys 0 -2/pause 300/positionOffset Guys 0 -2/pause 300/positionOffset Guys 0 -2/pause 300/positionOffset Guys 0 -2/pause 300/positionOffset Guys 0 -2/pause 300/positionOffset Guys 0 -2/pause 300/positionOffset Guys 0 -2/pause 300/positionOffset Guys 0 -2/pause 300/positionOffset Guys 0 -2/pause 300/positionOffset Guys 0 -2/pause 300/positionOffset Guys 0 -2/pause 300/positionOffset Guys 0 -2/animate Girls false true 600 43 41 43 42/animate Guys false true 600 44 45/pause 7600/stopAnimation Girls/stopAnimation Guys/pause 3000/globalFade/viewport -1000 -1000/message ""That was fun！ Time to go home……""/waitForOtherPlayers festivalEnd/end","pause 500/playMusic none/pause 500/globalFade/viewport -1000 -1000/loadActors MainEvent/warp farmer1 5 21/warp farmer2 11 21/warp farmer3 23 21/warp farmer4 12 21/faceDirection farmer1 2/faceDirection farmer3 2/faceDirection farmer4 2/faceDirection farmer 2/warp Girl1 13 24/warp Girl2 15 24/warp Girl3 11 24/warp Girl4 9 24/warp Girl5 17 24/warp Girl6 19 24/warp Guy1 13 27/warp Guy2 15 27/warp Guy3 11 27/warp Guy4 9 27/warp Guy5 17 27/warp Guy6 19 27/showFrame Girl1 40/showFrame Girl3 40/showFrame Girl5 40/showFrame Girl4 40/showFrame Girl2 40/showFrame Girl6 40/showFrame Guy6 44/showFrame Guy5 44/showFrame Guy4 44/showFrame Guy3 44/showFrame Guy2 44/showFrame Guy1 44/viewport 14 25 clamp true/pause 2000/playMusic FlowerDance/pause 600/animate Girl1 false true 600 43 41 43 42/animate Girl6 false true 600 43 41 43 42/animate Girl3 false true 600 43 41 43 42/animate Girl5 false true 600 43 41 43 42/animate Girl4 false true 600 43 41 43 42/animate Girl2 false true 600 43 41 43 42/animate Guy5 false true 600 44 45/animate Guy6 false true 600 44 45/animate Guy3 false true 600 44 45/animate Guy2 false true 600 44 45/animate Guy4 false true 600 44 45/animate Guy1 false true 600 44 45/pause 9600/animate Girl1 false true 600 46 47/animate Girl6 false true 600 46 47/animate Girl3 false true 600 46 47/animate Girl5 false true 600 46 47/animate Girl4 false true 600 46 47/animate Girl2 false true 600 46 47/animate Guy5 false true 300 46 47/animate Guy6 false true 300 46 47/animate Guy3 false true 300 46 47/animate Guy2 false true 300 46 47/animate Guy4 false true 300 46 47/animate Guy1 false true 300 46 47/positionOffset Guy1 0 -2/positionOffset Guy6 0 -2/positionOffset Guy4 0 -2/positionOffset Guy3 0 -2/positionOffset Guy2 0 -2/positionOffset Guy5 0 -2/pause 300/positionOffset Guy6 0 -2/positionOffset Guy1 0 -2/positionOffset Guy4 0 -2/positionOffset Guy3 0 -2/positionOffset Guy2 0 -2/positionOffset Guy5 0 -2/pause 300/positionOffset Guy6 0 -2/positionOffset Guy1 0 -2/positionOffset Guy4 0 -2/positionOffset Guy3 0 -2/positionOffset Guy2 0 -2/positionOffset Guy5 0 -2/pause 300/positionOffset Guy6 0 -2/positionOffset Guy1 0 -2/positionOffset Guy4 0 -2/positionOffset Guy3 0 -2/positionOffset Guy2 0 -2/positionOffset Guy5 0 -2/pause 300/positionOffset Guy6 0 -2/positionOffset Guy1 0 -2/positionOffset Guy4 0 -2/positionOffset Guy3 0 -2/positionOffset Guy2 0 -2/positionOffset Guy5 0 -2/pause 300/positionOffset Guy6 0 -2/positionOffset Guy1 0 -2/positionOffset Guy4 0 -2/positionOffset Guy3 0 -2/positionOffset Guy2 0 -2/positionOffset Guy5 0 -2/pause 300/positionOffset Guy6 0 -2/positionOffset Guy1 0 -2/positionOffset Guy4 0 -2/positionOffset Guy3 0 -2/positionOffset Guy2 0 -2/positionOffset Guy5 0 -2/pause 300/positionOffset Guy6 0 -2/positionOffset Guy1 0 -2/positionOffset Guy4 0 -2/positionOffset Guy3 0 -2/positionOffset Guy2 0 -2/positionOffset Guy5 0 -2/pause 300/positionOffset Guy6 0 -2/positionOffset Guy1 0 -2/positionOffset Guy4 0 -2/positionOffset Guy3 0 -2/positionOffset Guy2 0 -2/positionOffset Guy5 0 -2/pause 300/positionOffset Guy6 0 -2/positionOffset Guy1 0 -2/positionOffset Guy4 0 -2/positionOffset Guy3 0 -2/positionOffset Guy2 0 -2/positionOffset Guy5 0 -2/pause 300/positionOffset Guy6 0 -2/positionOffset Guy1 0 -2/positionOffset Guy4 0 -2/positionOffset Guy3 0 -2/positionOffset Guy2 0 -2/positionOffset Guy5 0 -2/pause 300/positionOffset Guy6 0 -2/positionOffset Guy1 0 -2/positionOffset Guy4 0 -2/positionOffset Guy3 0 -2/positionOffset Guy2 0 -2/positionOffset Guy5 0 -2/pause 300/positionOffset Guy6 0 -2/positionOffset Guy1 0 -2/positionOffset Guy4 0 -2/positionOffset Guy3 0 -2/positionOffset Guy2 0 -2/positionOffset Guy5 0 -2/pause 300/positionOffset Guy6 0 -2/positionOffset Guy1 0 -2/positionOffset Guy4 0 -2/positionOffset Guy3 0 -2/positionOffset Guy2 0 -2/positionOffset Guy5 0 -2/pause 300/positionOffset Guy6 0 -2/positionOffset Guy1 0 -2/positionOffset Guy4 0 -2/positionOffset Guy3 0 -2/positionOffset Guy2 0 -2/positionOffset Guy5 0 -2/pause 300/positionOffset Guy6 0 -2/positionOffset Guy1 0 -2/positionOffset Guy4 0 -2/positionOffset Guy3 0 -2/positionOffset Guy2 0 -2/positionOffset Guy5 0 -2/positionOffset Guy1 0 -2/positionOffset Guy4 0 -2/positionOffset Guy3 0 -2/positionOffset Guy2 0 -2/positionOffset Guy5 0 -2/pause 300/positionOffset Guy6 0 -2/positionOffset Guy1 0 -2/positionOffset Guy4 0 -2/positionOffset Guy3 0 -2/positionOffset Guy2 0 -2/positionOffset Guy5 0 -2/pause 300/positionOffset Guy1 0 -2/positionOffset Guy4 0 -2/positionOffset Guy3 0 -2/positionOffset Guy2 0 -2/positionOffset Guy5 0 -2/pause 300/positionOffset Guy6 0 -2/positionOffset Guy1 0 -2/positionOffset Guy4 0 -2/positionOffset Guy3 0 -2/positionOffset Guy2 0 -2/positionOffset Guy5 0 -2/pause 300/positionOffset Guy6 0 -2/positionOffset Guy1 0 -2/positionOffset Guy4 0 -2/positionOffset Guy3 0 -2/positionOffset Guy2 0 -2/positionOffset Guy5 0 -2/pause 300/positionOffset Guy1 0 -2/positionOffset Guy4 0 -2/positionOffset Guy3 0 -2/positionOffset Guy2 0 -2/positionOffset Guy5 0 -2/pause 300/positionOffset Guy6 0 -2/positionOffset Guy1 0 -2/positionOffset Guy4 0 -2/positionOffset Guy3 0 -2/positionOffset Guy2 0 -2/positionOffset Guy5 0 -2/pause 300/positionOffset Guy6 0 -2/positionOffset Guy1 0 -2/positionOffset Guy4 0 -2/positionOffset Guy3 0 -2/positionOffset Guy2 0 -2/positionOffset Guy5 0 -2/pause 300/positionOffset Guy6 0 -2/positionOffset Guy1 0 -2/positionOffset Guy4 0 -2/positionOffset Guy3 0 -2/positionOffset Guy2 0 -2/positionOffset Guy5 0 -2/pause 300/positionOffset Guy6 0 -2/positionOffset Guy1 0 -2/positionOffset Guy4 0 -2/positionOffset Guy3 0 -2/positionOffset Guy2 0 -2/positionOffset Guy5 0 -2/pause 300/positionOffset Guy6 0 -2/positionOffset Guy1 0 -2/positionOffset Guy4 0 -2/positionOffset Guy3 0 -2/positionOffset Guy2 0 -2/positionOffset Guy5 0 -2/pause 300/positionOffset Guy6 0 -2/positionOffset Guy1 0 -2/positionOffset Guy4 0 -2/positionOffset Guy3 0 -2/positionOffset Guy2 0 -2/positionOffset Guy5 0 -2/pause 300/positionOffset Guy6 0 -2/positionOffset Guy1 0 -2/positionOffset Guy4 0 -2/positionOffset Guy3 0 -2/positionOffset Guy2 0 -2/positionOffset Guy5 0 -2/animate Girl1 false true 600 43 41 43 42/animate Girl6 false true 600 43 41 43 42/animate Girl3 false true 600 43 41 43 42/animate Girl5 false true 600 43 41 43 42/animate Girl4 false true 600 43 41 43 42/animate Girl2 false true 600 43 41 43 42/animate Guy5 false true 600 44 45/animate Guy6 false true 600 44 45/animate Guy3 false true 600 44 45/animate Guy2 false true 600 44 45/animate Guy4 false true 600 44 45/animate Guy1 false true 600 44 45/pause 7600/stopAnimation Girl3/stopAnimation Girl6/stopAnimation Girl5/stopAnimation Girl2/stopAnimation Girl1/stopAnimation Girl4/stopAnimation Guy3/stopAnimation Guy2/stopAnimation Guy6/stopAnimation Guy1/stopAnimation Guy5/stopAnimation Guy4/pause 3000/globalFade/viewport -1000 -1000/message ""That was fun! Time to go home...""/waitForOtherPlayers festivalEnd/end"
shop,Removed,Removed,BO 48 350 -1 BO 192 350 -1 BO 204 350 -1 BO 108 250 -1 BBL 108 1000 1 O 18 50 10 O 22 50 10 BO 137 2500 1 F 1973 800 -1 F 1974 800 -1 F 1820 400 -1 F 1821 400 -1
