Marlon_y2,"Hmm? Oh, hello.$0#$e#Don't pay any mind to me. Go enjoy yourself. ",嗯？哦，你好。$0#$e#不用管我，自己去玩吧。,New line from v1.6
Jas_y2,Is it time to open presents yet?$0,現在可以拆禮物了嗎？$0,New line from v1.6
Evelyn_y2,"You are more than welcome to join us at our table, dear.$0",親愛的，歡迎來我們桌一起吃東西。$0,New line from v1.6
Maru_y2,It's pretty chilly today. Good thing everyone here is bundled up.$0,今天挺冷的，好在大家都穿得很暖和。$0,New line from v1.6
Kent_y2,Seeing my little boy happy and healthy is what I'm thankful for.$h,能看到兒子健康快樂，我很感激。$h,New line from v1.6
Shane_spouse_y2,What am I thankful for?#$b#....uh...$3#$b#I'm thankful... that you pulled me out of the gutter. And showed me that life is worth living.$6,我感激的事情是什麼？#$b#……唔……$3#$b#我很感激……你把我從泥潭中拉出來，讓我明白人生是值得過的。$6,New line from v1.6
Abigail_y2,I wonder which present is mine...$0#$e#I hope it's the big box!$h,我想知道哪個禮物是給我的……$0#$e#我希望是那個大盒子！$h,New line from v1.6
Leah_spouse_y2,Elliott's drinking too much cider again...$7#$e#I'll come meet you at the table when I can find an exit... I'm starving!,艾利奧特又喝太多蘋果汁了……$7#$e#我想個辦法脫身，然後去餐桌那裡找你……我快餓死了！,New line from v1.6
Linus_y2,The mayor personally invited me to his table. I couldn't turn that down!,鎮長親自邀請我去他那桌，我無法拒絕！,New line from v1.6
Sebastian_spouse_y2,"Hey... don't worry, you don't need to get me anything.$h#$e#I'm just happy to wake up next to you every morning... what else could a guy ask for?$l",啊……別擔心，你不用給我準備東西的。$h#$e#每天早上醒來都有你在我身邊……我還能要求什麼呢？$l,New line from v1.6
secretSanta_y2,"none/-1000 -1000/farmer 30 69 0/warp Abigail 35 73/warp Caroline 16 54/warp secretSanta 29 75/faceDirection secretSanta 0/viewport 30 67 true/pause 2000/move secretSanta 0 -4 0/move secretSanta 1 0 0/pause 500/shake secretSanta 100/playSound stoneStep/specificTemporarySprite secretGift/pause 100/faceDirection farmer 2/pause 200/jump farmer/pause 700/emote farmer 16/pause 100/move secretSanta -1 0 0/move secretSanta 0 -2 0/pause 700/faceDirection farmer 3/pause 500/faceDirection secretSanta 1/pause 500/speak secretSanta ""dialogue1""/pause 300/faceDirection farmer 2/pause 800/showFrame 4/pause 300/playSound cut/specificTemporarySprite secretGiftOpen/pause 400/stopAnimation farmer/faceDirection farmer 2/pause 1000/cutscene addSecretSantaItem/pause 3000/null/faceDirection farmer 3/speak secretSanta ""dialogue2""/pause 600/eyes 1 -1500/emote farmer 32/pause 1000/globalFade/viewport -1000 -1000/warp Abigail 29 71/warp Caroline 30 71/faceDirection Caroline 0 true/faceDirection Abigail 0 true/warp secretSanta warpX warpY/faceDirection farmer 2/cutscene clearTempSprites/playMusic christmasTheme/viewport 30 67 true/playerControl christmas2","none/-1000 -1000/farmer 30 69 0/warp Abigail 35 73/warp Caroline 16 54/warp secretSanta 29 75/faceDirection secretSanta 0/viewport 30 67 true/pause 2000/move secretSanta 0 -4 0/move secretSanta 1 0 0/pause 500/shake secretSanta 100/playSound stoneStep/specificTemporarySprite secretGift/pause 100/faceDirection farmer 2/pause 200/jump farmer/pause 700/emote farmer 16/pause 100/move secretSanta -1 0 0/move secretSanta 0 -2 0/pause 700/faceDirection farmer 3/pause 500/faceDirection secretSanta 1/pause 500/speak secretSanta ""dialogue1""/pause 300/faceDirection farmer 2/pause 800/showFrame 4/pause 300/playSound cut/specificTemporarySprite secretGiftOpen/pause 400/stopAnimation farmer/faceDirection farmer 2/pause 1000/cutscene addSecretSantaItem/pause 3000/null/faceDirection farmer 3/speak secretSanta ""dialogue2""/pause 600/eyes 1 -1500/emote farmer 32/pause 1000/globalFade/viewport -1000 -1000/warp Abigail 29 71/warp Caroline 30 71/faceDirection Caroline 0 true/faceDirection Abigail 0 true/warp secretSanta warpX warpY/faceDirection farmer 2/cutscene clearTempSprites/playMusic christmasTheme/viewport 30 67 true/playerControl christmas2",New line from v1.6
Haley_y2,It's so pretty... I wish our town could always look like this!$0,好漂亮啊……我真希望小鎮能一直是這個樣子！$0,New line from v1.6
Robin_y2,Welp... Husband got me a new power saw this year...$6#$b#He must've forgotten that he got me the same thing two years ago!$6,嗐……我老公今年送了我一台新的電鋸……$6#$b#他肯定忘了，兩年前他就送給我過了！$6,New line from v1.6
Caroline_y2,Isn't the tree gorgeous?$h#$b#I spent all morning decorating it with Marnie and Jodi. It's a fun tradition!,精靈樹很漂亮吧？$h#$b#是我跟瑪妮和喬蒂花了一個早上裝飾的。這是一項傳統了，很快樂！,New line from v1.6
Pam_y2,Mulled wine is the only thing keepin' me warm in this freezing weather!$h,大冷天只有喝一杯熱酒才能讓我暖和起來！$h,New line from v1.6
Pierre_y2,Need any last minute gifts? I've got you covered! Take a look at my wares.$0,忘記買禮物了嗎？我可以幫你搞定！來看看我的貨。$0,New line from v1.6
Wizard_y2,"Ah, the mysterious Winter Star. One of the reasons I chose this valley as the location for my... research.",啊，神秘的冬日之星。因為這個我才選擇在星露谷進行我的……研究。不過只是一個原因。,New line from v1.6
Sebastian_y2,I guess it's nice the whole family is together for once.$7,全家能聚在一起還挺好的。$7,New line from v1.6
Leah_y2,"Sometimes I dread going to parties, but afterwards I'm always glad I went!",有時候我真的不敢去參加派對，但去了之後還是感覺很高興的！,New line from v1.6
Emily_y2,"Look! It's the 'Winter Star'!%noturn$6#$e#Oh, my mistake. It's just a decoration!$h",快看！是“冬日之星”！%noturn$6#$e#啊，看錯了，原來只是裝飾！$h,New line from v1.6
Shane_y2,One benefit of the cold weather is that I can put frozen pizzas under the tree.#$e#Someone's in for a real treat...$h,冷天有一個好處，就是我可以在樹下放冷凍披薩。#$e#能吃到好吃的了……$h,New line from v1.6
Marnie_y2,"Happy Feasting, @!$1",祝你宴會快樂，@！$1,New line from v1.6
Haley_spouse_y2,"When I count all the good things in my life, I feel like I've been blessed by the Winter Star.",我的人生中遇到了太多美好的事情，感覺是被冬日之星祝福了。,New line from v1.6
set-up_y2,christmasTheme/-1000 -1000/farmer 12 54 1/changeToTemporaryMap Town-Christmas2/viewport -1000 -1000/loadActors Set-Up/viewport player clamp true unfreeze/globalFadeToClear/playerControl christmas,christmasTheme/-1000 -1000/farmer 12 54 1/changeToTemporaryMap Town-Christmas2/viewport -1000 -1000/loadActors Set-Up/viewport player clamp true unfreeze/globalFadeToClear/playerControl christmas,New line from v1.6
Abigail_spouse_y2,Brr... It's cold! I wanna get back under the covers...,嘶……冷死我了！我想馬上鑽回被窩裡……,New line from v1.6
Maru_spouse_y2,I'm thankful to have a loving family and you in my life...$0,能和你組成一個有愛的家庭，我很感激……$0,New line from v1.6
Alex_spouse_y2,Let me know if you get cold. I'll lend you my jacket.$0,如果你感覺冷的話跟我說，我的夾克衫給你穿。$0,New line from v1.6
Jodi_y2,This spot is for the overflow presents. There's just too many to count this year!$0,這個位置是放多餘禮物的。今年有太多的禮物了，數都數不過來！$0,New line from v1.6
George_y2,"I already spend all day with the family, anyway. Why do we need a big hubbub out in the cold?$0",我本來就是一整天跟家裡人在一起，為什麼要大冷天跑出來吵吵鬧鬧？$0,New line from v1.6
Vincent_y2,I got the toy dinosaur I wanted! See!?$1#$e#It's called um... a ste-...stego-...stegosonaurus! ...I think.$0,我收到我想要的玩具恐龍了！快看！！$1#$e#好像是叫……劍龍？我沒記錯吧。$0,New line from v1.6
Demetrius_y2,Hmm... this green jelly has a minty flavor to it.$3#$b#I wonder how mint became associated with the Feast Of The Winter Star? Does mint even grow in Winter?$3,嗯……這個綠色的果凍有薄荷的味道。$3#$b#我有點好奇，薄荷和冬日星盛宴是怎麼搭上關係的？薄荷在冬天會長嗎？$3,New line from v1.6
Harvey_spouse_y2,"There's a lot I'm thankful for, like my clinic, the good health of my patients...#$b#But ultimately, I'm most thankful for the life we're building together...$l",我有很多感激的事情，比如我的診所，我的病人的身體健康……#$b#不過我最感謝的還是我們一起創造的生活……$l,New line from v1.6
Leo_y2,I don't know what most of this stuff is... but it tastes good!$0,我不知道這些東西大部分是什麼……但是味道很好！$0,New line from v1.6
Sam_spouse_y2,"It's kinda fun watching everyone unwrap their presents... seeing their reactions.$h#$e#Oh yeah, I got you something. I'll uhh... show you when we get back to the farmhouse!$10",看每個人拆禮物的時候有不同的反應……還挺有趣的。$h#$e#對了，我給你準備了禮物。呃……等回家的時候再給你！$10,New line from v1.6
Gus_y2,"Eat! Eat, while it's still fresh and hot.$0#$e#I could go on and on about my new method of making candy canes... but I'll spare you the details this year!$1",吃吧！趁還新鮮熱乎。$0#$e#我是挺想跟你仔細說說製作拐杖糖的新方法……不過今年就不說那些枝微末節了！$1,New line from v1.6
Clint_y2,I could use some new blacksmithing tools. Mine have gotten a little rusty over the years.$0,我該換新的打鐵工具了，舊的用了這麼多年有點生鏽了。$0,New line from v1.6
Penny_spouse_y2,I hope everyone likes my powdermelon crisp...$h,我希望我做的霜瓜脆片大家都愛吃……$h,New line from v1.6
Sam_y2,Who gifts someone a Joja basket?...$2,誰會給別人送 Joja 籃子啊？……$2,New line from v1.6
Elliott_spouse_y2,"My dear, I require nothing at all on this day... you are already the greatest gift a man could hope for.$h",親愛的，今天我什麼都不需要……你已經是我能得到的最好的禮物了。$h,New line from v1.6
Penny_y2,"$y 'Hello, @. What kind of gift are you hoping to receive this year?_An iridium milk pail_Oh? I've never heard of such a thing. It sounds expensive._An interesting book_Yes, a book can make a very nice gift!$h_A lump of coal_...I can't tell if you're joking, but that could be a useful gift!$h'",$y '你好，@。你今年想收到什麼禮物？_銥製擠奶桶_啊？我沒聽說過有這種東西，感覺會很貴。_有趣的書_不錯啊，書是很好的禮物！$h_一塊煤炭_……不知道你是不是在開玩笑，不過某種意義上確實挺實用的！$h',New line from v1.6
Harvey_y2,Have you tried the pecan pie? It's my favorite.$0,你嚐過山核桃派了嗎？我最喜歡了。$0,New line from v1.6
Alex_y2,I'm pretty sure there's a gridball-shaped present with my name on it underneath the spirit tree.$1,我確信精靈樹下有一個橄球形狀的禮物，上面寫著我的名字。$1,New line from v1.6
Elliott_y2,*urp*$8#$b#Ahh... excuse me. Where are my manners? This spiced cider has quite a potent fizz to it.$4,嗝！$8#$b#啊……對不起，我有點丟臉。這個香料蘋果汁的氣很足。$4,New line from v1.6
Lewis_y2,"Happy Feast Of The Winter Star, @.$h#$e#This is a time to unwind, enjoy good company, and express gratitude for all that we have.$0",@，祝你冬日星盛宴快樂。$h#$e#趁著這個日子，可以放鬆身心、與人陪伴、表達我們的感激之情。$0,New line from v1.6
Emily_spouse_y2,"When Haley and I were kids, we always used to decorate cookies at this festival.#$b#We should do it sometime! You can't let good traditions die out.$h",小時候我跟海莉總是在這個節日上做裝飾餅乾。#$b#我們哪次也試試看吧！美好的傳統不能讓它消失。$h,New line from v1.6
Willy_y2,"I'm a simple man, @... I'm thankful for a solid roof over me head, and a hot can o' beans in the mornin'!$h",@，我的生活要求不高……有遮風擋雨的屋子，早餐有一罐熱乎的豆子我就滿足了！$h,New line from v1.6
set-up,christmasTheme/-1000 -1000/farmer 12 54 1/changeToTemporaryMap Town-Christmas/viewport -1000 -1000/loadActors Set-Up/viewport player clamp true unfreeze/globalFadeToClear/playerControl christmas,christmasTheme/-1000 -1000/farmer 12 54 1/changeToTemporaryMap Town-Christmas/loadActors Set-Up/playerControl christmas,christmasTheme/-1000 -1000/farmer 12 54 1/changeToTemporaryMap Town-Christmas/loadActors Set-Up/playerControl christmas
shop,Removed,Removed,F 2625 1000 -1 F 1745 800 -1 F 1747 500 -1 F 1678 1000 -1 F 1390 700 -1 F 807 3000 -1 F 2798 1000 -1 F 2634 1000 -1 F 2633 500 -1 F 2635 500 -1 F 2636 700 -1 F 1440 5000 -1 F 1296 800 -1
