Marlon_y2,This time of year isn't so bad. No bugs during winter...#$e#Think you can beat Willy this year? He's a tough competitor...,冬天其實不算太糟糕，因為不會出現蟲子……#$e#今年你能超過威利嗎？他很強……,New line from v1.6
Jas_y2,Don't the fish get cold under there?$3,魚兒在下面不會冷嗎？$3,New line from v1.6
Evelyn_y2,"You never know... this could be the last time I ever make a snowman with Alex.#$e#Life is short, dear. Make sure to treasure every moment.",說不定這就是我最後一次跟艾力克斯堆雪人了……天知道呢。#$e#親愛的，生命很短暫，一定要珍惜每一刻。,New line from v1.6
Maru_y2,The key to making a well-crafted snowman begins with ensuring a level foundation and avoiding excessive weight on the upper section.$3,想堆出結實的雪人是有訣竅的，一是要確保底部平整，二是要避免頭部太重。$3,New line from v1.6
Kent_y2,You ready for the contest? We all think you're going to win.,你做好比賽的準備了嗎？我們一致覺得你會贏。,New line from v1.6
Shane_spouse_y2,"Remember when we sat at the old pond and shared a beer? That was around here somewhere.#$e#Well, it's best not to dwell in the past... even the good memories bring me pain.",你還記得當時我們坐在池塘邊喝啤酒嗎？就在這附近。#$e#唉，還是不要沉浸在過去了……即使是美好的回憶也會讓我感到痛苦。,New line from v1.6
Abigail_y2,"Have you ever thrown a bunch of pebbles on a frozen lake? It makes a very nice sound.#$e#...Don't tell my dad, but I'm wearing the Winter Star sweater under this coat.",你試過在結冰的湖面撒上一把鵝卵石嗎？那個聲音很好聽。#$e#……我跟你說，冬日之星的毛衣我穿在外套裡面了，你別告訴我爸。,New line from v1.6
Leah_spouse_y2,"Someday, I should teach you how to sculpt with ice! It would be fun!$h#$e#I'd be very curious to see what you'd come up with.",以後有機會的話，我教你做冰雕！很有趣的！$h#$e#不知道你會做出什麼事呢。,New line from v1.6
Linus_y2,Ahh... The forest has entered her long slumber for the winter...$1,啊……森林也開始了漫長的冬眠……$1,New line from v1.6
Sebastian_spouse_y2,"Hey, you really need to win the contest today.$0#$e#Uh... well, I guess I made a little bet with Marlon...$1",哎，今天的比賽你一定要贏啊。$0#$e#呃……我好像跟馬龍打了個小賭……$1,New line from v1.6
DickWin_y2,"pause 100/jump Willy/pause 800/move Willy -3 0 0/speak Lewis ""Here's your prize, Willy. Enjoy.""/pause 500/move Willy 0 -1 0/move Lewis 1 0 2/move Lewis 0 1 2/playSound coin/pause 400/move Lewis 0 -1 0/pause 500/speak Lewis ""Well, that's it for this year's Festival of Ice. Thanks for coming, everyone!#$b#Now let's release these poor fish...$s""/pause 500/faceDirection Lewis 3 true/pause 250/move Lewis -4 0 0 true/advancedMove Willy false 4 300 1 300 4 0 1 200 2 3000/advancedMove Pam false 4 100 3 150 -4 0 3 200 4 2000/advancedMove Elliott false 1 500 2 200 0 2 1 0 1 1000/pause 1000/viewport move 1 0 5000/pause 2000/playMusic none/globalFade/viewport -1000 -1000/pause 1000/message ""I didn't win the competition, but it was still fun! Time to head home.""/waitForOtherPlayers festivalEnd/end","pause 100/jump Willy/pause 800/move Willy -3 0 0/speak Lewis ""威利，這是你的獎品，祝賀你。""/pause 500/move Willy 0 -1 0/move Lewis 1 0 2/move Lewis 0 1 2/playSound coin/pause 400/move Lewis 0 -1 0/pause 500/speak Lewis ""好了，今年的冰雪節到此為止！謝謝大家的光臨！#$b#現在快把那些可憐的魚兒放生吧……$s""/pause 500/faceDirection Lewis 3 true/pause 250/move Lewis -4 0 0 true/advancedMove Willy false 4 300 1 300 4 0 1 200 2 3000/advancedMove Pam false 4 100 3 150 -4 0 3 200 4 2000/advancedMove Elliott false 1 500 2 200 0 2 1 0 1 1000/pause 1000/viewport move 1 0 5000/pause 2000/playMusic none/globalFade/viewport -1000 -1000/pause 1000/message ""我沒有贏得比賽，但還是很好玩！該回家了。""/waitForOtherPlayers festivalEnd/end",New line from v1.6
Haley_y2,"I'm glad I wore earmuffs, it's freezing out here!$0#$e#I brought my camera this year. It's perfect lighting for a winter photoshoot!",幸好我戴了耳罩，外面冷死了！$0#$e#今年我帶了相機，今天光線很好，適合拍冬天的照片！,New line from v1.6
Robin_y2,Ice sculpting is a rewarding challenge for me. It's a distinct material that I'm not used to!,做冰雕很困難，畢竟是我不熟悉的材料，但我覺得很開心！,New line from v1.6
Caroline_y2,"Hi, @. Are you finding any time to relax from your farming duties this winter?$0",@，你好，今年冬天有沒有閒下來一點？$0,New line from v1.6
Pam_y2,"$y 'I lost last year because I chose a bad spot. I have a good feeling things will be different this time around._I don't think the location matters._Hah. Says you! I'll prove you wrong._I'll beat you anyway._...$4_Well, good luck._Same to you, kid.'",$y '我去年輸了是因為我選的地方不好，我感覺今年會很順利。_我覺得在哪裡都一樣。_呵，聽你胡扯！我會證明你想錯了。_無所謂，我會贏你的。_……$4_嗯，祝你好運。_祝你也好運，孩子。',New line from v1.6
Pierre_y2,"Our family has matching Winter Star sweaters.#$e#Now, if only Abigail would wear hers...$2",我給我們一家都準備了冬日之星的毛衣。#$e#要是阿比蓋爾也能穿上就好了……$2,New line from v1.6
Wizard_y2,Hmm? How did you get here?#$e#Pay no attention to me. I'm simply observing...,嗯？你是怎麼到這裡來的？#$e#不用管我，我就觀察觀察……,New line from v1.6
Sebastian_y2,You ever notice how quiet it is in the snow?,大雪之中非常安靜，你注意到了嗎？,New line from v1.6
Leah_y2,"You have to temper ice before cutting it, otherwise you can't shape it!",雕刻冰之前要先讓它溫度升高一點，不然沒辦法下刀！,New line from v1.6
Emily_y2,A snowman has to look the part! Isn't the top hat and scarf stylish?,雪人也要打扮得漂漂亮亮！這個禮帽和圍巾是不是很時髦？,New line from v1.6
Shane_y2,Winter can be really hard on animals. Did you install heaters in your coops and barns?,冬天的時候，動物挺難熬的。你的欄舍和畜棚裡裝暖氣片了嗎？,New line from v1.6
Marnie_y2,Aww... That piggy looks adorable all bundled up!$1,哇……那隻小豬裹得嚴嚴實實，好可愛！$1,New line from v1.6
afterIceFishing_y2,"pause 100/playSound whistle/waitForOtherPlayers endContest/pause 1000/restoreStashedItem/globalFade/viewport -1000 -1000/extendSourceRect Pam reset/extendSourceRect Willy reset/extendSourceRect Elliott reset/specificTemporarySprite iceFishingCatch/faceDirection Pam 0/faceDirection Willy 3/faceDirection Elliott 1/playMusic event1/warpFarmers 71 35 0 72 35 0 70 35 0 69 35 0 73 35 0 71 36 0 70 36 0 72 36 0 69 36 0 73 36 0 left 73 37 0/pause 1000/viewport 71 35 true/pause 2000/move Lewis 0 4 2/speak Lewis ""Impressive, that's a lot of caught fish!$h""/pause 300/showFrame Lewis 18/shake Lewis 1000/speak Lewis ""*gag*... I will never get used to that stench...$s""/pause 500/showFrame Lewis 0/pause 600/move Lewis 0 1 2/speak Lewis ""Now, for the winner of this year's ice fishing competition...""/pause 800/playMusic none/pause 3000/cutscene iceFishingWinner/null/playMusic event1/pause 500/fork DickWin/move Lewis 0 1 2/speak Lewis ""Here's your prize! Enjoy.""/awardFestivalPrize/null/move Lewis 0 -1 0/speak Lewis ""Well, that's it for this year's Festival of Ice. Thanks for coming, everyone!#$b#Now let's release these poor fish...$s""/pause 500/faceDirection Lewis 3 true/pause 250/move Lewis -3 0 0 true/advancedMove Willy false 3 300 2 300 1 1000/advancedMove Pam false 4 100 3 150 -4 0 3 200 4 2000/advancedMove Elliott false 1 500 2 200 0 2 1 0 1 1000/pause 1000/viewport move 1 0 5000/pause 2000/playMusic none/globalFade/viewport -1000 -1000/pause 1000/cutscene iceFishingWinnerMP/fork OtherPlayerWin/message ""I can't believe I won! Well, time to head home.""/waitForOtherPlayers festivalEnd/end","pause 100/playSound whistle/waitForOtherPlayers endContest/pause 1000/restoreStashedItem/globalFade/viewport -1000 -1000/extendSourceRect Pam reset/extendSourceRect Willy reset/extendSourceRect Elliott reset/specificTemporarySprite iceFishingCatch/faceDirection Pam 0/faceDirection Willy 3/faceDirection Elliott 1/playMusic event1/warpFarmers 71 35 0 72 35 0 70 35 0 69 35 0 73 35 0 71 36 0 70 36 0 72 36 0 69 36 0 73 36 0 left 73 37 0/pause 1000/viewport 71 35 true/pause 2000/move Lewis 0 4 2/speak Lewis ""真厲害，釣到了這麼多魚！$h""/pause 300/showFrame Lewis 18/shake Lewis 1000/speak Lewis ""嘔……聞到這股腥味我就難受……$s""/pause 500/showFrame Lewis 0/pause 600/move Lewis 0 1 2/speak Lewis ""好了，本屆冰釣比賽的勝利者是……""/pause 800/playMusic none/pause 3000/cutscene iceFishingWinner/null/playMusic event1/pause 500/fork DickWin/move Lewis 0 1 2/speak Lewis ""這是你的獎品！祝賀你。""/awardFestivalPrize/null/move Lewis 0 -1 0/speak Lewis ""好了，今年的冰雪節到此為止！謝謝大家的光臨！#$b#現在快把那些可憐的魚兒放生吧……$s""/pause 500/faceDirection Lewis 3 true/pause 250/move Lewis -3 0 0 true/advancedMove Willy false 3 300 2 300 1 1000/advancedMove Pam false 4 100 3 150 -4 0 3 200 4 2000/advancedMove Elliott false 1 500 2 200 0 2 1 0 1 1000/pause 1000/viewport move 1 0 5000/pause 2000/playMusic none/globalFade/viewport -1000 -1000/pause 1000/cutscene iceFishingWinnerMP/fork OtherPlayerWin/message ""我居然贏了！行了，該回家了。""/waitForOtherPlayers festivalEnd/end",New line from v1.6
Haley_spouse_y2,"Come here, let me fix your hair... I'm going to take an action shot of you during the contest!",來，我幫你整理一下髮型……我準備在比賽的時候給你拍一張照片！,New line from v1.6
set-up_y2,christmasTheme/-1000 -1000/farmer 68 0 1/changeToTemporaryMap Forest-IceFestival2/viewport -1000 -1000/loadActors Set-Up/animate Robin false true 100 24 25 26 24 25 26 24 25 26 24 25 26 27 27 27 27 27 27 27 27 27 27 27 27 27 27 27 27/advancedMove Leah true 4 5000 1 300 2 0 0 -1 4 300 3 6500 2 300 0 1 -2 0 3 300 4 1000/advancedMove Alex true 1 5000 4 300 0 -1 1 0 1 300 2 5500 1 350 1 0 0 1 2 350 3 6000 4 300 0 -1 -1 0 3 300 2 5000 3 250 -1 0 0 1 3 300 1 2000/advancedMove Sam true 2 4300 3 250 -1 0 0 1 2 300 1 5750 4 250 0 -1 1 0 1 300 2 1000/advancedMove Haley true 1 6250 2 250 0 1 1 0 1 350 4 6320 3 300 -1 0 0 -1 4 300 1 2000/advancedMove Elliott true 2 7500 1 350 4 0 1 300 2 8250 3 300 -4 0 3 300 2 1000/advancedMove Leo true 0 4 -4 0 0 -4 4 0/advancedMove Vincent true 3 7000 2 300 0 1 -1 0 3 300 4 6000 1 300 1 0 0 -1 4 300 3 1000/advancedMove Harvey true 4 9500 3 200 -1 0 0 -1 4 300 1 7000 2 300 0 1 1 0 1 300 4 1000/advancedMove Clint true 2 4500 1 6250 2 6200 1 4300/advancedMove Pam true 2 5250 3 300 -3 0 0 2 -1 0 3 300 2 4500 3 300 -2 0 0 -2 -1 0 3 5000 4 350 0 -4 2 0 1 300 4 5000 1 300 3 0 1 4750 2 300 0 2 2 0 0 2 2 1250/positionOffset Caroline -24 -12/positionOffset Pierre -8 16/positionOffset Kent? -12 0/positionOffset Jodi 8 -12/playerControl iceFestival/viewport player clamp true unfreeze/globalFadeToClear,christmasTheme/-1000 -1000/farmer 68 0 1/changeToTemporaryMap Forest-IceFestival2/viewport -1000 -1000/loadActors Set-Up/animate Robin false true 100 24 25 26 24 25 26 24 25 26 24 25 26 27 27 27 27 27 27 27 27 27 27 27 27 27 27 27 27/advancedMove Leah true 4 5000 1 300 2 0 0 -1 4 300 3 6500 2 300 0 1 -2 0 3 300 4 1000/advancedMove Alex true 1 5000 4 300 0 -1 1 0 1 300 2 5500 1 350 1 0 0 1 2 350 3 6000 4 300 0 -1 -1 0 3 300 2 5000 3 250 -1 0 0 1 3 300 1 2000/advancedMove Sam true 2 4300 3 250 -1 0 0 1 2 300 1 5750 4 250 0 -1 1 0 1 300 2 1000/advancedMove Haley true 1 6250 2 250 0 1 1 0 1 350 4 6320 3 300 -1 0 0 -1 4 300 1 2000/advancedMove Elliott true 2 7500 1 350 4 0 1 300 2 8250 3 300 -4 0 3 300 2 1000/advancedMove Leo true 0 4 -4 0 0 -4 4 0/advancedMove Vincent true 3 7000 2 300 0 1 -1 0 3 300 4 6000 1 300 1 0 0 -1 4 300 3 1000/advancedMove Harvey true 4 9500 3 200 -1 0 0 -1 4 300 1 7000 2 300 0 1 1 0 1 300 4 1000/advancedMove Clint true 2 4500 1 6250 2 6200 1 4300/advancedMove Pam true 2 5250 3 300 -3 0 0 2 -1 0 3 300 2 4500 3 300 -2 0 0 -2 -1 0 3 5000 4 350 0 -4 2 0 1 300 4 5000 1 300 3 0 1 4750 2 300 0 2 2 0 0 2 2 1250/positionOffset Caroline -24 -12/positionOffset Pierre -8 16/positionOffset Kent -12 0/positionOffset Jodi 8 -12/playerControl iceFestival/viewport player clamp true unfreeze/globalFadeToClear,New line from v1.6
mainEvent_y2,"globalFade/viewport -1000 -1000/playMusic none/warpFarmers 71 35 0 69 36 0 70 35 0 69 35 0 73 35 0 71 36 0 70 36 0 72 37 0 69 36 0 73 36 0 left 73 37 0/loadActors Main-Event/faceDirection Pam 0/faceDirection Elliott 1/faceDirection Willy 3/positionOffset Harvey 12 24/viewport 71 35 true/pause 2000/speak Lewis ""Alright, everyone. Let's begin this year's ice fishing competition.""/pause 200/faceDirection Lewis 3/pause 300/faceDirection Lewis 2/faceDirection Lewis 1/pause 300/faceDirection Lewis 2/pause 400/speak Lewis ""Contestants, with the provided fishing rods you must catch as many fish as you can from these holes in the ice.""/pause 600/speak Lewis ""Are you all ready?""/pause 500/waitForOtherPlayers startContest/jump Lewis/faceDirection Pam 2 true/faceDirection Elliott 1 true/faceDirection Willy 2 true/speak Lewis ""Begin!""/advancedMove Lewis false 0 -4 2 1000/advancedMove Maru true 3 3000 4 300 0 -3 4 250 3 6400 2 300 0 3 2 300 3 4250/advancedMove Vincent true 2 6500 1 300 3 0 1 300 2 7400 3 300 -3 0 3 300 2 1000/advancedMove Penny true 4 5750 3 300 -5 0 3 300 4 6100 1 300 5 0 1 300 4 1000/advancedMove Clint false 4 6000 1 1500 4 4000 1 2000 1 0 0 -1 4 15000 1 2000 4 1000/advancedMove Emily false 4 17000 3 1750 4 4000 1 350 2 0 0 -2 1 0 1 250 4 250 3 5000/advancedMove Jas true 1 4500 4 5750/advancedMove Abigail true 1 8400 2 3650/jump Willy/shake Pam 700/showFrame Pam 16/extendSourceRect Pam 0 32/showFrame Elliott 40/extendSourceRect Elliott 16 0/shake Elliott 400/pause 300/showFrame Willy 16/extendSourceRect Willy 0 32/animate Haley true true 150 33 33 33 33 33 33 33 33 32 25 25 25 25 25 25 25 25 32 33 33 33 33 33 33 33 33 33 30 30 30 30 30 30 30 30 30 30 30 30 31 24 24 24 24 24 24 24 24 31 30 30 30 30 30 30 30 33/playMusic fallFest/playerControl iceFishing","globalFade/viewport -1000 -1000/playMusic none/warpFarmers 71 35 0 69 36 0 70 35 0 69 35 0 73 35 0 71 36 0 70 36 0 72 37 0 69 36 0 73 36 0 left 73 37 0/loadActors Main-Event/faceDirection Pam 0/faceDirection Elliott 1/faceDirection Willy 3/positionOffset Harvey 12 24/viewport 71 35 true/pause 2000/speak Lewis ""大家好，今年的冰釣比賽即將開始。""/pause 200/faceDirection Lewis 3/pause 300/faceDirection Lewis 2/faceDirection Lewis 1/pause 300/faceDirection Lewis 2/pause 400/speak Lewis ""各位選手，你們要用指定的釣具，從冰洞裡釣上盡可能多的魚。""/pause 600/speak Lewis ""都準備好了嗎？""/pause 500/waitForOtherPlayers startContest/jump Lewis/faceDirection Pam 2 true/faceDirection Elliott 1 true/faceDirection Willy 2 true/speak Lewis ""開始！""/advancedMove Lewis false 0 -4 2 1000/advancedMove Maru true 3 3000 4 300 0 -3 4 250 3 6400 2 300 0 3 2 300 3 4250/advancedMove Vincent true 2 6500 1 300 3 0 1 300 2 7400 3 300 -3 0 3 300 2 1000/advancedMove Penny true 4 5750 3 300 -5 0 3 300 4 6100 1 300 5 0 1 300 4 1000/advancedMove Clint false 4 6000 1 1500 4 4000 1 2000 1 0 0 -1 4 15000 1 2000 4 1000/advancedMove Emily false 4 17000 3 1750 4 4000 1 350 2 0 0 -2 1 0 1 250 4 250 3 5000/advancedMove Jas true 1 4500 4 5750/advancedMove Abigail true 1 8400 2 3650/jump Willy/shake Pam 700/showFrame Pam 16/extendSourceRect Pam 0 32/showFrame Elliott 40/extendSourceRect Elliott 16 0/shake Elliott 400/pause 300/showFrame Willy 16/extendSourceRect Willy 0 32/animate Haley true true 150 33 33 33 33 33 33 33 33 32 25 25 25 25 25 25 25 25 32 33 33 33 33 33 33 33 33 33 30 30 30 30 30 30 30 30 30 30 30 30 31 24 24 24 24 24 24 24 24 31 30 30 30 30 30 30 30 33/playMusic fallFest/playerControl iceFishing",New line from v1.6
Abigail_spouse_y2,"Imagine if we lived in an igloo together!$h#$e#It would be fun, but I'm happy living anywhere with you.$l",如果咱們住在冰屋裡面，肯定很快樂！$h#$e#不過只要有你，在哪裡我都開心。$l,New line from v1.6
Maru_spouse_y2,"You'll do great out there, honey! Just stay calm and focused.",親愛的，只要保持冷靜沉著就好，你可以的！,New line from v1.6
Alex_spouse_y2,"Hey! You're going to win by a longshot today, I know it. Make us proud!",嘿！你今天肯定會脫穎而出，我相信你，加油！,New line from v1.6
Jodi_y2,Gatherings like this are a good way to build community with our neighbors.#$e#It's nice how cold weather seems to bring people together.,今天這種聚會可以促進鄰里關係。#$e#天一冷，大家好像就會聚在一起。,New line from v1.6
George_y2,"When you get old and bald like me, you need a good, warm hat.",等你老了，頭髮掉光了，也會像我一樣要戴暖和的帽子。,New line from v1.6
Vincent_y2,My big brother is helping me build a snowman!$0,我哥哥在幫我堆雪人！$0,New line from v1.6
Demetrius_y2,"Water ice... a most profound substance, indeed. Necessary for life, it makes a fitting material for statuary meant to represent the living form.",水、冰……確實是一種深奧的物質，本是生命之源，又可以用來做萬物生靈的雕塑。,New line from v1.6
Harvey_spouse_y2,"Hi, honey. Good luck today in the ice fishing contest.$0 ",親愛的，今天的冰釣比賽祝你好運。$0,New line from v1.6
Leo_y2,*crunch* *crunch* Snow makes a funny noise when you step on it!$1,（嘎吱嘎吱）踩在雪上的時候，會發出奇怪的聲音！$1,New line from v1.6
Sam_spouse_y2,You should teach me how to use a fishing rod sometime. I think I'd be good at it.,你有空教教我怎麼用釣竿吧，我覺得我三兩下就能學會。,New line from v1.6
Gus_y2,"I've been spending too much time holed up inside, watching Gridball... it's good to get outside in the crisp winter air.",我在室內窩得太久了，一直在看橄球比賽……寒冬裡能到外面透透氣也是很好的。,New line from v1.6
Clint_y2,These lumps of snow won't form into balls...$0#$e#I think I'm better working in the heat than in the cold.$2,這幾塊雪就是捏不成雪球……$0#$e#我可能還是更擅長在炎熱的環境做事。$2,New line from v1.6
Penny_spouse_y2,"When we get home, let's make a fire and have some hot cocoa.$0#$e#...with marshmallows?$h",我們回家之後生個火，弄點熱可可喝吧。$0#$e#……再配上棉花糖怎麼樣？$h,New line from v1.6
Sam_y2,"Hey, why are you laughing? He's not even done yet!#$e#You just wait... once we're finished, he'll be one fine snowman.",哎，你笑什麼？這雪人我還沒堆完呢！#$e#你再等等……完工之後會很帥氣的。,New line from v1.6
Elliott_spouse_y2,"I've been practicing my fishing technique. I won't hold back against you, my dear.$1",我已經練習釣魚很久了，今天我可不會放水，親愛的。$1,New line from v1.6
Penny_y2,"I'm too nervous to walk on the frozen lake...#$e#I read a book once, where a girl fell through the ice.#$b#She was okay! But... I've been cautious about it ever since.",我不太敢在冰面上走。#$e#我讀過一本書，裡面有個小女孩在冰面落水了。#$b#她後來沒事了！不過……從那時候開始我就特別小心。,New line from v1.6
Harvey_y2,"I shouldn't have waxed my moustache this morning, it's frozen solid! Oh dear...$2#$e#Well, if you need an ice pick, you know where to find me...$h",早知道早上就不給鬍子打蠟了，現在凍得硬邦邦！哎呦喂……$2#$e#嗯，你需要碎冰錐的話，來找我就行……$h,New line from v1.6
Alex_y2,You think anyone would mind if I took a dip in the frozen lake after the festival?#$e#I've heard ice baths are good for the muscles.,節日結束之後我想到結冰的湖裡泡一會，你覺得怎麼樣？#$e#據說泡冰水對肌肉有好處。,New line from v1.6
Elliott_y2,"Look here, it's my secret weapon... a flask of fine spirits, to wet my lips a moment before the whistle sounds...",快看，這是我的秘密武器……一壺好酒，吹口哨之前先潤一潤嘴唇……,New line from v1.6
Lewis_y2,"Hello, @. It's that time of the year again for the ice fishing festival.#$b#Speak with me when you're ready to start the competition!$1",@，你好，又到了一年一度的冰釣節了。#$b#你準備好開始比賽的時候就來跟我說！$1,New line from v1.6
Emily_spouse_y2,Ta da! It's you!#$e#What? You don't see the resemblance? I think it's perfect!,鏘鏘！這個是你！#$e#啊？你覺得不像？我覺得很完美啊！,New line from v1.6
Willy_y2,"Aye, the whole town'll be watchin' our little tournament today. Let's give them all a good show.",嗐，今天鎮上的人都來看我們的比賽，是時候大顯身手了。,New line from v1.6
set-up,christmasTheme/-1000 -1000/farmer 68 0 1/changeToTemporaryMap Forest-IceFestival/viewport -1000 -1000/loadActors Set-Up/animate Robin false true 100 24 25 26 24 25 26 24 25 26 24 25 26 27 27 27 27 27 27 27 27 27 27 27 27 27 27 27 27/advancedMove Pierre true -1 0 0 -1 1 5000 0 1 1 0 4 5000/advancedMove Vincent true 0 3 3 0 2 5000 0 -5 2 0 1 5000 -5 0 0 2 3 5000/advancedMove Pam true -5 0 0 1 2 5000 0 -1 5 0 2 7000/playerControl iceFestival/viewport player clamp true unfreeze/globalFadeToClear,christmasTheme/-1000 -1000/farmer 68 0 1/changeToTemporaryMap Forest-IceFestival/viewport -1000 -1000/loadActors Set-Up/animate Robin false true 100 24 25 26 24 25 26 24 25 26 24 25 26 27 27 27 27 27 27 27 27 27 27 27 27 27 27 27 27/advancedMove Pierre true -1 0 0 -1 1 5000 0 1 1 0 4 5000/advancedMove Vincent true 0 3 3 0 2 5000 0 -5 2 0 1 5000 -5 0 0 2 3 5000/advancedMove Pam true -5 0 0 1 2 5000 0 -1 5 0 2 7000/playerControl iceFestival/viewport player clamp true unfreeze/globalFadeToClear,christmasTheme/-1000 -1000/farmer 68 0 1/changeToTemporaryMap Forest-IceFestival/loadActors Set-Up/animate Robin false true 100 24 25 26 24 25 26 24 25 26 24 25 26 27 27 27 27 27 27 27 27 27 27 27 27 27 27 27 27/advancedMove Pierre true -1 0 0 -1 1 5000 0 1 1 0 4 5000/advancedMove Vincent true 0 3 3 0 2 5000 0 -5 2 0 1 5000 -5 0 0 2 3 5000/advancedMove Pam true -5 0 0 1 2 5000 0 -1 5 0 2 7000/playerControl iceFestival
mainEvent,"globalFade/viewport -1000 -1000/playMusic none/warpFarmers 71 35 0 72 35 0 70 35 0 69 35 0 73 35 0 71 36 0 70 36 0 72 36 0 69 36 0 73 36 0 left 73 37 0/loadActors Main-Event/faceDirection Pam 1/faceDirection Elliott 0/faceDirection Willy 0/viewport 71 35 true/pause 2000/speak Lewis ""Alright, everyone. Let's begin this year's ice fishing competition.""/pause 200/faceDirection Lewis 3/pause 300/faceDirection Lewis 2/faceDirection Lewis 1/pause 300/faceDirection Lewis 2/pause 400/speak Lewis ""Contestants, your goal is to catch as many fish as you possibly can in two minutes using the provided fishing rods.#$b#You must catch your fish here, from these holes in the ice.""/pause 600/speak Lewis ""Well, is everyone ready?""/pause 500/waitForOtherPlayers startContest/jump Lewis/faceDirection Pam 2 true/faceDirection Elliott 1 true/faceDirection Willy 2 true/speak Lewis ""Begin!""/advancedMove Lewis false 0 -4 2 1000/advancedMove Marnie true 4 6000 -2 0 4 5000 2 0/advancedMove Maru true 3 4000 0 2 3 7000 0 -2/advancedMove Jas true 2 0 0 -9 -4 0 2 20000 4 0 0 9 -2 0 3 15000/advancedMove Jodi true 1 6000 -1 0 0 2 1 8000 0 -1 1 6000 0 -1 1 0/jump Willy/shake Pam 700/showFrame Pam 16/extendSourceRect Pam 0 32/showFrame Elliott 40/extendSourceRect Elliott 16 0/shake Elliott 400/pause 300/showFrame Willy 16/extendSourceRect Willy 0 32/playMusic fallFest/playerControl iceFishing","globalFade/viewport -1000 -1000/playMusic none/warpFarmers 71 35 0 72 35 0 70 35 0 69 35 0 73 35 0 71 36 0 70 36 0 72 36 0 69 36 0 73 36 0 left 73 37 0/loadActors Main-Event/faceDirection Pam 1/faceDirection Elliott 0/faceDirection Willy 0/viewport 71 35 true/pause 2000/speak Lewis ""大家好，今年的冰釣比賽即將開始。""/pause 200/faceDirection Lewis 3/pause 300/faceDirection Lewis 2/faceDirection Lewis 1/pause 300/faceDirection Lewis 2/pause 400/speak Lewis ""各位選手，你們的目標是在兩分鐘內用指定的釣具釣上盡可能多的魚。#$b#魚必須是從這些冰洞裡釣上來的。""/pause 600/speak Lewis ""都準備好了嗎？""/pause 500/waitForOtherPlayers startContest/jump Lewis/faceDirection Pam 2 true/faceDirection Elliott 1 true/faceDirection Willy 2 true/speak Lewis ""開始！""/advancedMove Lewis false 0 -4 2 1000/advancedMove Marnie true 4 6000 -2 0 4 5000 2 0/advancedMove Maru true 3 4000 0 2 3 7000 0 -2/advancedMove Jas true 2 0 0 -9 -4 0 2 20000 4 0 0 9 -2 0 3 15000/advancedMove Jodi true 1 6000 -1 0 0 2 1 8000 0 -1 1 6000 0 -1 1 0/jump Willy/shake Pam 700/showFrame Pam 16/extendSourceRect Pam 0 32/showFrame Elliott 40/extendSourceRect Elliott 16 0/shake Elliott 400/pause 300/showFrame Willy 16/extendSourceRect Willy 0 32/playMusic fallFest/playerControl iceFishing","globalFade/viewport -1000 -1000/playMusic none/warp farmer1 71 35/warp farmer2 72 35/warp farmer3 70 35/warp farmer4 69 35/faceDirection farmer1 0/faceDirection farmer2 0/faceDirection farmer3 0/faceDirection farmer4 0/loadActors Main-Event/faceDirection Pam 1/faceDirection Elliott 0/faceDirection Willy 0/viewport 71 35 true/pause 2000/speak Lewis ""Alright, everyone. Let's begin this year's ice fishing competition.""/pause 200/faceDirection Lewis 3/pause 300/faceDirection Lewis 2/faceDirection Lewis 1/pause 300/faceDirection Lewis 2/pause 400/speak Lewis ""Contestants, your goal is to catch as many fish as you possibly can in two minutes using the provided fishing rods.#$b#You must catch your fish here, from these holes in the ice.""/pause 600/speak Lewis ""Well, is everyone ready?""/pause 500/waitForOtherPlayers startContest/jump Lewis/faceDirection Pam 2 true/faceDirection Elliott 1 true/faceDirection Willy 2 true/speak Lewis ""Begin!""/advancedMove Lewis false 0 -4 2 1000/advancedMove Marnie true 4 6000 -2 0 4 5000 2 0/advancedMove Maru true 3 4000 0 2 3 7000 0 -2/advancedMove Jas true 2 0 0 -9 -4 0 2 20000 4 0 0 9 -2 0 3 15000/advancedMove Jodi true 1 6000 -1 0 0 2 1 8000 0 -1 1 6000 0 -1 1 0/jump Willy/shake Pam 700/showFrame Pam 16/extendSourceRect Pam 0 32/showFrame Elliott 40/extendSourceRect Elliott 16 0/shake Elliott 400/pause 300/showFrame Willy 16/extendSourceRect Willy 0 32/playMusic fallFest/playerControl iceFishing"
afterIceFishing,"pause 100/playSound whistle/waitForOtherPlayers endContest/pause 1000/restoreStashedItem/globalFade/viewport -1000 -1000/extendSourceRect Pam reset/extendSourceRect Willy reset/extendSourceRect Elliott reset/specificTemporarySprite iceFishingCatch/faceDirection Pam 0/faceDirection Willy 0/faceDirection Elliott 0/playMusic event1/warpFarmers 71 35 0 72 35 0 70 35 0 69 35 0 73 35 0 71 36 0 70 36 0 72 36 0 69 36 0 73 36 0 left 73 37 0/pause 1000/viewport 71 35 true/pause 2000/move Lewis 0 4 2/speak Lewis ""Wow, that's a lot of fish!$h""/pause 300/showFrame Lewis 18/shake Lewis 1000/speak Lewis ""*gag*... the smell...$s""/pause 500/showFrame Lewis 0/pause 600/move Lewis 0 1 2/speak Lewis ""Now, for the winner of this year's ice fishing competition...""/pause 800/playMusic none/pause 3000/cutscene iceFishingWinner/null/playMusic event1/pause 500/fork DickWin/move Lewis 0 1 2/speak Lewis ""Here's your prize! Enjoy.""/awardFestivalPrize/null/move Lewis 0 -1 0/speak Lewis ""Well, that's it for this year's Festival of Ice. Thanks for coming, everyone! #$b#Now let's release these poor fish...$s""/move Lewis -3 0 0/move Lewis 0 -1 0/advancedMove Willy true 0 3 -2 0/pause 600/viewport move 1 0 5000/pause 2000/playMusic none/globalFade/viewport -1000 -1000/pause 1000/cutscene iceFishingWinnerMP/fork OtherPlayerWin/message ""I can't believe I won! Well, time to head home.""/waitForOtherPlayers festivalEnd/end","pause 100/playSound whistle/waitForOtherPlayers endContest/pause 1000/restoreStashedItem/globalFade/viewport -1000 -1000/extendSourceRect Pam reset/extendSourceRect Willy reset/extendSourceRect Elliott reset/specificTemporarySprite iceFishingCatch/faceDirection Pam 0/faceDirection Willy 0/faceDirection Elliott 0/playMusic event1/warpFarmers 71 35 0 72 35 0 70 35 0 69 35 0 73 35 0 71 36 0 70 36 0 72 36 0 69 36 0 73 36 0 left 73 37 0/pause 1000/viewport 71 35 true/pause 2000/move Lewis 0 4 2/speak Lewis ""哇，這麼多魚！$h""/pause 300/showFrame Lewis 18/shake Lewis 1000/speak Lewis ""*嘔*……這味道……$s""/pause 500/showFrame Lewis 0/pause 600/move Lewis 0 1 2/speak Lewis ""咳，本屆冰釣比賽的勝利者會獲得……""/pause 800/playMusic none/pause 3000/cutscene iceFishingWinner/null/playMusic event1/pause 500/fork DickWin/move Lewis 0 1 2/speak Lewis ""這是你的獎品！祝賀你。""/awardFestivalPrize/null/move Lewis 0 -1 0/speak Lewis ""好了，今年的冰雪節到此為止！謝謝大家的光臨！#$b#現在快把那些可憐的魚兒放生吧……$s""/move Lewis -3 0 0/move Lewis 0 -1 0/advancedMove Willy true 0 3 -2 0/pause 600/viewport move 1 0 5000/pause 2000/playMusic none/globalFade/viewport -1000 -1000/pause 1000/cutscene iceFishingWinnerMP/fork OtherPlayerWin/message ""我居然贏了，難以置信！該回家了。""/waitForOtherPlayers festivalEnd/end","pause 100/playSound whistle/waitForOtherPlayers endContest/pause 1000/restoreStashedItem/globalFade/viewport -1000 -1000/extendSourceRect Pam reset/extendSourceRect Willy reset/extendSourceRect Elliott reset/specificTemporarySprite iceFishingCatch/faceDirection Pam 0/faceDirection Willy 0/faceDirection Elliott 0/playMusic event1/loadActors MainEvent/warp farmer1 71 35/warp farmer2 72 35/warp farmer3 70 35/warp farmer4 69 35/faceDirection farmer1 0/faceDirection farmer2 0/faceDirection farmer3 0/faceDirection farmer4 0/pause 1000/viewport 71 35 true/pause 2000/move Lewis 0 4 2/speak Lewis ""Wow, that's a lot of fish!$h""/pause 300/showFrame Lewis 18/shake Lewis 1000/speak Lewis ""*gag*... the smell...$s""/pause 500/showFrame Lewis 0/pause 600/move Lewis 0 1 2/speak Lewis ""Now, for the winner of this year's ice fishing competition...""/pause 800/playMusic none/pause 3000/cutscene iceFishingWinner/null/playMusic event1/pause 500/fork DickWin/move Lewis 0 1 2/speak Lewis ""Here's your prize! Enjoy.""/awardFestivalPrize/null/move Lewis 0 -1 0/speak Lewis ""Well, that's it for this year's Festival of Ice. Thanks for coming, everyone! #$b#Now let's release these poor fish...$s""/move Lewis -3 0 0/move Lewis 0 -1 0/advancedMove Willy true 0 3 -2 0/pause 600/viewport move 1 0 5000/pause 2000/playMusic none/globalFade/viewport -1000 -1000/pause 1000/cutscene iceFishingWinnerMP/fork OtherPlayerWin/message ""I can't believe I won! Well, time to head home.""/waitForOtherPlayers festivalEnd/end"
shop,Removed,Removed,BO 136 5000 1 F 1440 5000 -1 F 2730 2000 -1 F 2790 4000 -1 F 800 3000 -1 F 2653 800 -1 F 2750 1000 -1 F 1401 1000 -1 O 238 200 1 O 239 200 1 O 236 250 1
